status,audio_name,mfcc_0_mean,mfcc_0_std,mfcc_1_mean,mfcc_1_std,mfcc_2_mean,mfcc_2_std,mfcc_3_mean,mfcc_3_std,mfcc_4_mean,mfcc_4_std,mfcc_5_mean,mfcc_5_std,mfcc_6_mean,mfcc_6_std,mfcc_7_mean,mfcc_7_std,mfcc_8_mean,mfcc_8_std,mfcc_9_mean,mfcc_9_std,mfcc_10_mean,mfcc_10_std,mfcc_11_mean,mfcc_11_std,mfcc_12_mean,mfcc_12_std,chroma_mean,chroma_std,spectral_centroid_mean,spectral_centroid_std,spectral_rolloff_mean,spectral_rolloff_std,bandwidth_mean,bandwidth_std,contrast_mean,contrast_std,zcr_mean,zcr_std,rms_mean,rms_std,duration
COVID-19,72ab770e-a11d-4f98-8e94-7027f3f7a0ab.webm,-470.84793,190.61272,42.349316,62.14763,-20.277021,39.4687,15.817849,27.149414,-1.5777931,20.294992,9.521322,19.196814,-15.301355,22.430964,-2.6367376,9.998197,-2.1061735,10.180698,-4.730296,12.785246,-5.3721147,10.400164,-3.342722,8.4685135,3.225578,7.951585,0.266699,0.33387235,1276.370075266155,1348.747856074454,2408.326885068616,2524.126718512162,1074.424121217331,1029.4275291529855,16.04918377794026,12.62696925714675,0.08713897486575178,0.11437900453825735,0.030564511,0.053363327,9.72
COVID-19,6a2ffeef-99c5-4765-8dac-92aec8459d79.webm,-354.05927,170.82759,63.228638,67.722466,-43.61639,58.100597,2.691243,26.449554,-14.9159565,34.059494,5.406126,29.797644,-28.03278,26.954615,-9.826456,19.482733,-14.990101,16.56828,-8.018353,15.221912,2.7829552,15.52358,-12.296973,13.831297,2.3474295,13.593433,0.3533306,0.31279796,2277.4794692616724,1018.8961311596448,3876.0016594733393,1710.580790589203,1565.791824755095,507.98341960784586,23.105410747219278,14.382337623486466,0.17147777352855478,0.09502830247573181,0.07072657,0.10596029,9.96
COVID-19,4fa3ac8d-f252-40d6-bccd-24aa5e35556c.webm,-488.9058,152.98508,8.413086,18.446627,-8.186396,19.812853,1.0979894,10.272716,4.944529,12.721494,3.3341093,8.807952,-0.5503416,6.481481,-8.668402,15.585617,-6.624524,12.090371,-3.5801814,8.075475,1.3154931,8.623325,-0.5117806,8.041059,-4.0084186,9.591397,0.4619582,0.30428267,3378.628981477458,712.1082342179607,7000.215480638587,1544.4076382102958,2953.664652040699,356.0644604752849,19.292782641653343,11.028385722201273,0.3460852581521739,0.21149244552107255,0.015557187,0.04550016,9.6
COVID-19,21d95211-da92-44a9-83c7-30f8d4c6d670.webm,-532.1296,149.44797,44.484325,65.836685,-8.647761,29.667706,5.361758,18.4353,-5.2170377,19.075294,1.1504292,13.164058,-0.4144413,10.629415,-4.6771536,12.911817,-6.8129997,13.746413,-0.17377172,6.903812,-2.3518488,6.39093,-7.705147,13.297556,0.21750356,5.80541,0.43275023,0.3575696,1733.1799016921957,1283.4291605415385,3427.93969326332,2472.470332412459,1658.6326072459995,1010.3591129880307,16.63878417967411,11.042804759227167,0.1385986899882904,0.15330258772242955,0.012546326,0.029861365,9.9
COVID-19,dbb52561-93ca-444e-9ff9-e61fd6c6996f.webm,-386.77066,206.17326,28.192722,38.605892,-1.4671293,30.957123,22.833906,30.141464,-40.94092,37.395947,42.986458,34.270657,-48.636745,37.67785,3.2718172,18.526758,-15.816632,20.675045,-2.353348,12.379863,-4.2487764,14.223312,-16.074503,14.423359,5.2120943,10.250858,0.39792836,0.32731044,4412.0259376219165,1009.2001297542201,6431.724001326651,729.1724321903966,2125.6583817508035,446.6172149662169,23.10408967980955,17.87192819433586,0.40596670474646224,0.12229829571334436,0.06522075,0.08139363,9.84
COVID-19,260ef2a5-b9d2-41e7-afc7-bed26e7af5b9.webm,-409.57227,207.72157,51.734608,55.218845,-23.678835,35.17729,12.477052,18.226597,-26.652237,28.035421,10.923476,18.00618,-8.967792,15.355818,4.4256663,15.667628,-24.735895,26.224104,-8.331752,11.422276,-0.21407555,8.191541,-6.9742475,10.153469,-2.701527,7.2057753,0.32173255,0.33879352,1788.047908044958,1435.9438201965968,3592.7431640625,2815.6307731787697,1475.4815311179239,1092.5706867196618,18.835926211641723,14.187745976492929,0.11516927083333334,0.10776446711439762,0.035725415,0.04676669,1.74
COVID-19,46f9a3c5-5610-462c-b6b4-ecc9c7dd105a.webm,-673.8124,96.788124,28.053015,42.806152,8.204136,9.10857,5.176219,10.655261,-3.9889712,12.579372,-1.4534528,15.533419,-7.7749796,12.2772045,-4.883372,9.776035,-3.3224454,8.333228,-1.626118,6.1866,0.42900747,5.201202,-0.7450049,9.578946,2.912615,5.9149218,0.44676867,0.31262103,2767.757273494345,754.5566473310733,5550.873272235577,1202.1511399900269,2445.170609875238,299.29827702379475,18.927481395762822,12.130712621440008,0.15188278518356643,0.08666194269596558,0.0024336537,0.009165841,9.96
COVID-19,0b6c6e9b-7c10-4977-a281-f809b939c2e7.webm,-458.85638,124.12434,17.19552,44.689358,-12.153663,28.135052,11.368851,19.507906,4.286384,18.336752,10.275819,19.022572,-7.4217424,12.953304,-0.6502109,10.584497,1.4667132,12.01868,-0.5939952,8.733554,-1.215359,10.574249,-2.219335,7.8969774,0.35940373,6.9195833,0.26615265,0.33230594,1870.1914012376517,1588.6903312144418,3015.5059544386063,2643.814600090469,1172.059599059576,983.6289764222786,18.0383013273186,12.01073436599185,0.13471953355457228,0.1231650732500335,0.01998386,0.05687509,7.86
COVID-19,d8660e7e-fc21-4583-9c37-4e9ca911ad17.webm,-377.1923,176.57672,68.65343,55.4344,1.4326104,32.94391,29.877707,22.918007,-10.682791,25.409729,17.92589,19.75157,-22.74494,22.168474,4.647321,16.1726,-14.912156,13.355548,0.06374901,12.878066,-3.4079897,9.887989,-11.889605,11.669814,2.6830795,12.317281,0.52732706,0.28345072,2529.3647923957597,1057.8908811051851,5048.513606407123,1849.2205862164747,2166.9412108310667,427.3052711662145,21.415204105044022,15.30807157002745,0.1832773219273743,0.11882371298110815,0.044618897,0.06992677,4.14
COVID-19,f5b6295d-b96a-493f-be23-959e23c563c2.webm,-490.74277,178.7367,50.920822,64.034996,-14.644457,26.013842,6.7777076,16.700987,-19.830196,28.196007,-8.595737,12.274388,-5.5724545,11.176333,-1.6005323,8.197782,-19.347235,25.25675,5.9903417,10.871638,0.39394784,6.8873982,-4.251483,7.4257092,-0.42774144,5.3125744,0.25683475,0.31593677,1398.8407582218954,1550.9616299109362,2562.930247822746,2659.8096729038366,1142.0822717983165,1064.4964666820806,18.601488076171528,12.658696856461162,0.07988029676522249,0.09443836159585728,0.017124219,0.029631488,9.9
COVID-19,aa059172-1850-4afe-8809-2fe79603286a.webm,-447.7406,169.74786,31.449026,35.294266,-18.365164,34.52402,18.74462,26.849386,-6.9035497,20.89308,11.558187,22.708248,-16.259546,20.197865,-8.491054,13.43265,-5.6416388,9.285756,-4.7491703,7.3887463,-5.969455,9.446448,-9.148595,12.867692,4.0632777,10.680483,0.44949323,0.30826342,2790.7706671603514,686.6427010274253,4950.224390569723,1074.2875838782295,1957.6664851443481,253.53856967271616,20.88414557416513,13.838493926946892,0.2218017578125,0.08262700871950694,0.023115346,0.04996962,9.84
COVID-19,f42f1d8b-0ed8-4ed3-bb32-637f8c52ce5d.webm,-465.49948,196.76527,56.956383,65.43881,-26.451982,40.587032,19.805666,25.89229,-12.209878,24.125914,2.0738692,16.645634,-13.677887,19.965836,2.27264,13.398512,-8.417103,11.08518,-6.7284703,11.802457,5.006272,10.505753,-6.0690446,8.947807,-3.6686954,8.092708,0.5648351,0.3003969,2683.7790983366976,1008.7934271846576,4908.447728450829,2006.0358951845378,2053.770055700477,640.3061984617747,18.726360859280852,12.675593205976698,0.35529403324940756,0.2606967557233701,0.02231842,0.040252954,9.78
COVID-19,94ad74ad-5a8c-406c-9c1a-18e281d53b9d.webm,-299.62943,168.46503,81.47152,42.89902,-43.290524,46.44889,28.051506,27.655195,-29.169819,32.934242,-14.040759,27.112347,-28.821413,20.180367,-14.213569,18.249554,-7.474228,22.448717,-4.523525,15.602528,-6.291322,14.714745,-6.5257297,10.639803,-0.89020544,11.154674,0.36125574,0.32075343,2154.572416889024,908.8260416464802,3908.1905775336154,1191.1327361887986,1612.9576750506712,353.0724073969434,23.052352320373448,13.93427740715802,0.1482410202938247,0.08081693868381844,0.08069464,0.11247202,5.82
COVID-19,661ddc1b-35d3-4e55-9136-2d13e012ab57.webm,-343.075,168.1093,79.70548,69.01542,-11.340911,43.861115,24.270044,22.426174,-10.301725,28.202303,7.6824174,16.201366,-15.888135,21.881542,-1.9145705,9.596684,-12.84763,14.241387,-11.137286,13.548676,-0.8516941,11.085497,-15.085332,13.637041,-7.403068,12.7514925,0.35441792,0.2970594,1982.402668488656,1057.8633682139189,3714.5540788840344,2004.9949093670357,1660.0049954325427,482.1149804477507,22.295866743708267,13.986225881679283,0.1312388921800948,0.09938688237691898,0.07348846,0.08730008,9.78
COVID-19,4cfe71ea-00f2-4595-9903-85dd74968690.webm,-456.56918,165.68478,84.29088,84.3653,-11.410155,31.048521,12.413728,18.52977,6.617678,18.067968,2.337232,7.084287,-1.5918761,7.7395267,-3.2133973,9.105689,-0.2408637,7.5151134,-7.4393287,9.500841,-6.508815,8.963411,-1.5320345,7.5934124,-5.383335,8.798223,0.50041914,0.28588852,1841.0473681528485,934.4441174048513,3579.0838372217468,1745.162343649919,1722.9847114402144,632.1188764873632,19.452745077954784,10.645278318099274,0.11345515839041095,0.07894154571871594,0.03608545,0.07017664,1.68
COVID-19,6864ecfc-c540-4e0d-a9cb-933dd9b77e05.webm,-420.54333,152.96754,26.43819,46.088543,-7.2335315,22.182865,0.286014,10.427847,-15.372633,27.758629,3.6831338,10.494662,-11.080004,19.9944,-2.4834068,7.941825,-8.067737,15.130678,-4.0353355,8.519503,1.5422505,5.9654746,-1.1857865,4.1432652,-2.020056,7.3447723,0.65265334,0.27145693,3687.531180135455,1089.2769266775063,6897.896283045764,1708.5835720666325,2648.1980489085186,461.89213040844186,18.14699998937186,12.511765920008461,0.5287611541024881,0.282424604307484,0.028549356,0.07140185,9.78
COVID-19,46c6c8ef-8b3d-42a1-b4a1-e86e6aeb1664.webm,-474.734,169.16571,35.94061,54.110924,5.4731236,17.643988,9.3906555,16.058554,-9.104798,22.80368,10.806806,18.849731,-7.4114904,14.437917,0.46052763,8.213606,-5.504182,10.945604,2.121334,7.584779,-0.7596225,7.054566,-3.6688514,6.151706,-1.8924955,5.105827,0.5451356,0.27723342,2785.968326272479,922.8484468399572,5471.5374124461205,1242.2576291418168,2332.4702449486244,292.63148608420937,19.209680345992723,13.456910622853664,0.17591033584770116,0.07792258371896268,0.032830432,0.07981139,4.02
COVID-19,09126c08-5214-4723-94f1-7b654464eac0.webm,-550.78973,96.32467,23.986935,51.220154,-2.1151142,20.18005,4.03097,16.229885,-3.690482,14.040979,-4.475895,12.694312,-1.760462,10.738022,-1.9954196,9.127052,-5.2163005,11.938506,-1.3644377,6.784837,-1.3131449,5.087181,-1.9221138,5.843133,1.586672,5.1300826,0.16496976,0.29086903,761.32690763595,1402.9156595020436,1414.3607085605838,2430.190422922062,645.417966948877,980.8541392694822,15.67138485679935,8.10941148246321,0.037931622199292456,0.06253826864043974,0.0074848495,0.025766691,9.84
COVID-19,9736398b-2034-43a8-88e1-affa632772c9.webm,-227.30487,187.45169,41.363358,38.99586,-12.03083,32.557228,-30.959501,26.638788,18.788605,16.361712,7.3624587,15.526036,-19.308638,18.055363,-20.76298,17.905985,-4.4280953,16.156256,-13.567215,11.89835,6.098747,14.154387,3.189874,12.410066,-4.634785,10.665128,0.37920523,0.31182835,3869.386087918849,1351.6483976169598,7907.956695556641,2111.649620908555,3177.6398811636113,417.51952015280546,21.859174384307885,11.177223145705284,0.2504069010416667,0.13694446943782365,0.12067509,0.13230172,4.44
COVID-19,4e2812be-e8e1-4ef5-9c62-c5af106828bb.webm,-437.24197,162.66226,67.61549,65.84657,-35.223236,55.094105,14.41078,30.783495,0.12629728,24.929962,7.4754467,17.628986,-2.386172,16.10403,-8.117974,14.701721,-4.322311,12.967264,-4.9576974,11.747073,-7.8151736,11.334091,-9.357062,11.645724,-3.4975326,11.68723,0.40646285,0.3053801,1890.092857873288,764.3314959481443,3356.1071431861733,1225.9637806764058,1603.7094136883688,533.0904636570303,21.952591331666024,11.8943553065887,0.12443225788620282,0.07961437615572266,0.031476688,0.06409031,9.84
COVID-19,93e41aeb-7147-4335-874a-45fcbbe54858.webm,-349.86926,199.3636,65.2068,65.49719,-13.438964,33.194443,22.635015,28.71395,-20.303371,28.326714,15.550377,20.743713,-7.411995,16.344202,-6.1703587,12.915637,-8.907365,11.640266,-2.533533,8.761762,-4.590997,7.5784183,-12.805838,11.692996,0.59478116,9.933624,0.4125555,0.33624095,2030.7913795158138,1447.6252338643314,3775.748344089674,2322.5471420758367,1636.0149174950207,789.8059180411776,18.856403625897194,13.239091071542099,0.1382791270380435,0.14539729488226408,0.08677844,0.15206742,9.6
COVID-19,148a8b39-dc61-4a96-a3c1-819bf29852d9.webm,-520.94305,163.32756,84.66966,94.16377,-1.2367336,40.6195,18.065437,23.964678,-20.939611,29.574327,0.15089577,18.672827,5.889784,25.604689,3.9385946,14.8516865,-21.909384,25.203417,-9.498327,12.115881,1.4997746,11.670254,-10.50338,11.788608,0.11623427,9.461304,0.28021827,0.32396325,1474.3112575002203,1635.5829751324814,2552.390576972336,2683.9206299484276,1169.8834962009091,901.5256745168563,20.00037176715014,13.021052404876627,0.07667273492388758,0.10243706111561827,0.020201843,0.024251904,9.9
COVID-19,259ecdd2-5641-4b33-966d-7cf0b3af87a5.webm,-317.93408,195.78447,56.284073,53.65621,-15.909063,38.3338,24.667028,23.344294,-37.071987,37.46837,15.15391,18.989248,-26.673609,22.69884,-5.7397084,9.34819,-11.9820595,11.760029,-20.541967,17.254307,-0.31351754,12.286084,-11.21078,10.77668,-2.931818,9.344836,0.37184134,0.32225537,2607.221681251295,1419.6145034776598,4661.787894722465,2105.957945674196,1839.6047253239221,723.0555494398575,21.368197312970267,15.169082083585003,0.20629825903263405,0.14520697347040565,0.08075745,0.12066744,9.96
COVID-19,082991fb-ee66-4970-91dd-50890f4cc9b1.webm,-326.8804,187.29994,51.795193,48.87938,-27.632488,33.116337,32.447887,27.56254,-31.97489,30.960524,22.40854,24.399347,-30.96824,24.912273,-2.0821383,14.759246,-13.851565,14.8817215,-4.867775,12.602192,-5.4230514,10.889973,-14.433856,16.60469,9.309473,13.295059,0.3976312,0.31891796,2771.1569810522533,1462.3007074534837,4983.630673247989,2326.4694798987002,1870.299059291973,829.888033937117,21.499438775073173,16.694042961450574,0.21835840810643564,0.1395293678844887,0.050540607,0.061213374,9.36
COVID-19,336b15df-b282-4956-bb68-548ec950bb2f.webm,-433.30713,178.3041,41.095707,54.578423,-9.000139,30.679289,12.012723,29.201538,-13.698776,19.259323,-4.735535,18.832191,-17.939787,22.592175,-5.0833983,12.546353,-5.191237,9.322414,0.99252737,7.749521,1.1075828,7.7216635,-3.6536686,12.380545,2.5395424,5.241043,0.34371325,0.34418082,1737.0306432916154,1118.3397597720143,3431.854248046875,2373.7683127693335,1681.68108490763,925.282268978379,18.345254084100496,11.589222358382901,0.09728888745577831,0.07233613817260917,0.04216924,0.08992629,9.84
COVID-19,760cb050-4175-4498-817d-a9976e359c52.webm,-440.3744,204.30585,15.108639,27.320086,-12.779432,22.727291,5.1306815,15.239893,-1.5045522,11.506661,4.9334784,11.6794,-10.512962,16.359137,-13.112453,17.39416,-11.893843,17.96654,-3.1129835,14.00286,-1.9499487,9.497014,-1.7827739,8.177665,5.3434777,7.596956,0.4980757,0.295894,3444.6372501869378,735.5429624397984,6662.6820882161455,1302.927812019774,2734.615072858328,428.9477482181863,19.795086774595553,11.486647188908982,0.22093709309895834,0.07954994736774394,0.02985785,0.05997319,10.02
COVID-19,920ae37e-af2e-4e43-a80e-2150a66db6b1.webm,-435.43814,204.23706,49.788033,59.397602,-30.131884,44.743183,21.938148,28.584578,-16.463327,26.227354,6.784506,15.7390375,-15.437917,18.56689,-8.74127,14.433352,-7.6021543,10.584783,-5.7361345,12.030334,4.2224646,9.976759,-11.635124,15.249126,3.3107305,6.4280505,0.4995003,0.28879383,2730.9063662430344,867.2642067643653,4853.2693157906515,1362.9052035762745,1963.078315740466,468.61724463222237,19.75109089075204,12.98772211042208,0.23497800635744986,0.09492507792433294,0.038016073,0.083327435,8.1
COVID-19,f7c229bd-ed49-40d5-a1bc-837ea7b66bd0.webm,-376.0789,206.1134,62.55015,62.869255,-39.254875,48.35092,5.039249,19.307144,-21.219643,28.347494,0.50679195,10.594888,-12.331294,16.914669,-6.0343843,15.63729,-10.78737,12.796481,-4.570076,10.16646,-4.2851844,8.466221,-9.295938,11.180418,-5.3942943,8.369591,0.38301075,0.3307623,1925.4925130441084,1077.677657853064,3643.9843634293543,2044.3362158503555,1616.0182058178912,804.8452170752934,20.3932293240682,13.19725942305066,0.11885714417950237,0.07736669227135821,0.06259016,0.08827256,9.78
COVID-19,73ea8eee-4e49-4c57-86b7-e67403f2fa09.webm,-497.00745,132.32533,27.696285,43.816437,-7.8833756,30.251808,3.2383325,14.799321,-3.6714778,13.339013,-2.664459,6.9360547,-11.100149,16.775833,-8.754593,10.7435465,-6.91999,9.9428425,-4.0689025,7.167856,-3.0445082,6.963968,-3.6096513,7.7755814,0.34292915,5.1246686,0.5129565,0.2799432,2371.974548973861,548.4317373609616,4511.4111328125,945.7715929623266,1925.374258771195,303.61832224628233,18.943077687548804,11.773965101902204,0.1685570126488095,0.054305695998823816,0.018501477,0.059187144,4.86
COVID-19,0c2aee14-e3c4-4087-ab7b-17d920623468.webm,-504.069,132.82425,16.855711,30.378258,-12.1077,22.813723,7.236106,21.64308,-9.077322,16.184975,9.460333,17.359442,-8.026018,16.13887,-7.9829426,14.035002,-12.716403,18.314293,-0.5167605,7.228615,-6.2622404,12.1988945,-4.5870852,11.436569,2.2445786,10.895687,0.22946057,0.31643283,1991.9955206617658,1863.991050749539,3626.87193672612,3309.705767199191,1371.171643908942,1216.6624876978815,18.108873697901007,12.481637842522549,0.11587697155070754,0.13608353623302138,0.013254361,0.03553314,9.84
COVID-19,c9c17bea-4fb9-40de-8d10-a45f61420be0.webm,-472.348,188.11642,39.771736,65.05337,-16.993238,38.849922,17.536804,27.69652,-12.569584,24.977074,0.4808429,9.637148,-2.4740417,13.267986,-5.7399645,11.933662,-3.5346417,8.997443,-7.2389064,13.587295,-0.24877708,6.2845073,-3.526975,7.1768255,-1.3641042,4.899205,0.57849056,0.29486454,2759.0875942149564,878.3314926616865,5515.626600922131,1804.587314150418,2303.6416186803326,713.457963176673,17.920984256697857,10.448661867627449,0.5501237284104216,0.3179779038093676,0.030714836,0.05904291,9.9
COVID-19,90ab4eca-ba59-496b-b39f-b7eb3dcebeff.webm,-436.43423,126.95461,51.444668,57.033783,-5.31405,23.586153,-10.352292,18.569414,-2.6230774,13.567499,-2.2371619,14.106088,-2.4183204,15.204923,-1.0525503,12.825374,-9.284911,15.215023,-6.0021944,10.039801,-2.827172,8.362301,-1.8579881,8.930006,-1.3545096,8.134142,0.3649826,0.32087928,2321.942660149325,1144.739724644072,4752.764423076923,2865.967736044054,2409.3168379326303,909.4341096839178,20.31514579758517,11.67813334214028,0.12960623361013987,0.07560306419817643,0.029238507,0.07048221,9.96
COVID-19,bfb9c86e-eead-44ac-8969-ea42e869a3a3.webm,-400.95102,160.0551,79.8654,87.58399,-24.43692,39.65347,-0.19631231,16.185167,8.528048,13.140081,0.37203893,17.288689,-0.55943555,12.945067,0.5784523,9.192519,-9.046152,11.680623,-6.482413,10.047876,-4.108792,6.6455593,-10.20747,11.589952,-2.976062,7.996084,0.4800729,0.28900245,1845.7979093122015,819.1106239381605,3446.8868615492333,1680.1792252834646,1576.6828611299145,673.0911712334062,20.363680894180387,11.074204298461328,0.12166149211379718,0.05799858927373444,0.051092416,0.08674047,9.84
COVID-19,7d4263a0-687a-4a88-a377-9c1dfd548377.webm,-476.66965,110.82109,45.282955,62.1322,4.1901603,22.33629,11.574873,16.489853,2.7783098,10.800479,0.52296567,8.045369,-2.5392833,9.1747465,-3.953997,10.942714,-3.757989,9.781177,-2.6441355,8.560894,-1.184204,8.030026,-1.6646616,7.972223,0.41928437,7.0877852,0.43989557,0.3167347,1711.0357813678945,671.6722329823981,3524.687820184426,1434.4892419490395,1782.3510156032762,521.7585656415009,19.699692997263526,11.108578278515065,0.09236863290398127,0.05071551312749512,0.025368717,0.06896007,9.9
COVID-19,0f5445b6-3763-4748-99bf-9f27b425d349.webm,-436.2923,184.6983,69.44155,73.61421,-31.187054,50.367214,5.2554708,22.057117,-11.244974,20.353374,-5.681896,13.594278,-5.2671375,14.62194,-6.840757,14.097775,-11.475607,15.257645,-10.742363,12.952458,-0.91030717,14.323679,-7.7283177,11.751142,-2.9494975,10.108774,0.34901553,0.3314856,1830.4335956137472,1120.2758873146724,3343.6900012897995,1972.2597279523675,1497.8654348102666,737.8343931322581,19.731977392079056,11.253415722261282,0.13120716022995282,0.10847701628327877,0.038767505,0.06309007,9.84
COVID-19,a4cc4680-8bb6-4646-b9cf-d77a4e8ada21.webm,-490.0368,161.83907,35.119278,47.93639,-19.00031,26.818008,2.355602,19.45042,-14.643211,26.58469,8.155571,13.548374,-16.381372,21.636515,-11.947264,16.56764,-8.776662,13.833759,-0.3233337,8.734495,-2.74294,12.409973,-11.852292,13.707267,2.601504,8.119364,0.38503164,0.31635216,2379.8536285427294,943.6929759084087,4506.13793545082,1881.880802965629,1956.0112468421967,699.9659296985025,19.53168073602446,12.893244454487899,0.1805028267710773,0.0995554257953964,0.016958693,0.04311511,9.9
COVID-19,6ba62302-b54e-47dc-8a22-eab0bb0411c2.webm,-483.6599,173.4617,28.828522,53.484856,-11.188504,26.793356,7.1715603,19.191772,-8.742453,18.683125,5.545592,12.205982,-6.6725607,13.314701,-3.0874515,7.202461,-3.2455351,6.5586104,-2.8570774,8.569815,-0.8526527,3.8549776,-3.8199959,8.751095,0.7516041,5.5394826,0.5681005,0.27153632,3048.4177771328946,814.6942474389922,5968.600486142792,1421.016653849303,2466.4924623702277,508.98762941947007,17.935390741470428,10.962744068782422,0.46653669593978103,0.307673993114285,0.031144615,0.1016209,9.54
COVID-19,053fa0de-9629-4bdf-91e6-dc34e7ec3bed.webm,-465.74997,163.3206,27.810184,49.614372,-11.660906,26.555063,5.2414865,22.109194,-7.316261,16.4976,1.1909317,11.194572,-12.974709,24.980865,1.3746588,10.632656,-7.6178656,14.596888,-2.4996853,6.736995,-3.2075624,7.4993396,-3.738048,10.279226,1.6947589,6.5873384,0.24695484,0.31811902,1853.2019213748304,1634.7163666590436,3423.320057945794,2936.3010462111315,1416.6055678879309,1109.5398485144274,17.524079896456808,11.945003155682853,0.1088091954235782,0.11408540431613885,0.027029978,0.06107468,9.78
COVID-19,cbbbe2c4-51c4-48e3-807d-5ad37ad220e4.webm,-499.34433,82.54026,12.079617,37.13964,-0.2730101,13.613039,3.171982,10.828105,0.028044967,8.00195,2.708986,8.51309,-0.12496663,4.6272206,-1.3461654,6.3976574,-1.1554056,5.7618356,0.19215566,3.8437533,-0.41214627,3.3269928,-1.9399437,5.165874,-0.99246895,4.957066,0.602004,0.24076818,2601.4604798946934,618.9181748569289,5260.428854413507,1142.015316889377,2348.686556489033,358.5707039008693,18.352617636059556,11.718688417607563,0.1438763514514218,0.040419026445258945,0.009338212,0.04507164,9.78
COVID-19,b9e06a23-d76b-4164-b39a-64cd753a3c56.webm,-530.44,148.67545,23.898138,54.63672,-5.778483,21.072794,3.4115086,11.9352045,-1.8114065,11.802034,2.738284,9.494934,-5.0025606,14.429164,0.057183806,8.392579,-6.8452125,15.838347,1.3271221,6.198731,-1.7933896,6.4945955,-1.6889268,5.2982264,-0.102186,3.4394066,0.5435121,0.31574607,2834.4331845878487,820.4071922052669,5980.059987194133,1824.11225152065,2621.155532608002,558.1071733528777,17.468874567922306,10.95947526154506,0.42499355100235847,0.23951191069584662,0.016763514,0.04427035,9.84
COVID-19,826697aa-c314-45d2-9a09-b726571ca407.webm,-392.62656,171.46187,49.955975,48.0954,-17.96116,34.97655,1.3620721,38.053944,-17.266874,24.48196,2.7572174,25.118765,-12.693116,19.727392,-6.428607,16.776333,-15.260873,18.467081,-0.90221363,14.341848,-3.9576972,11.315948,-6.92781,12.676331,3.1352262,10.30684,0.38343486,0.33563167,2143.7598747495076,1129.7668874926394,3996.8584539765993,2193.040064312732,1803.290366744826,734.8191070715302,20.58042450797956,12.946008990905666,0.1398150547985782,0.08458669013375769,0.04043608,0.07694855,9.78
COVID-19,56994aa1-4626-4782-9f27-f125adfd120a.webm,-435.36926,177.96703,27.735735,47.493553,-14.924576,32.094795,12.478674,23.792894,-9.60566,20.171383,9.994488,17.876247,-7.032506,14.23672,-7.1944094,13.786877,-6.700879,11.455789,-2.7730827,7.243448,-2.2404234,6.503308,-3.1942506,8.465806,0.43553007,6.3554935,0.24088468,0.3288928,1393.5962763192574,1541.6567204049481,2587.899502840909,2834.4357962912213,1068.8570778254211,1109.3197844802817,17.479483351599637,10.381450894748081,0.09093299278846154,0.1402843851679395,0.03710454,0.07274836,3.3
COVID-19,f4659577-76e9-4ec2-b298-ac2f9d52ee43.webm,-381.45746,175.08076,49.724766,55.128265,-12.094609,30.032324,11.412961,24.352484,-19.367548,29.558645,9.555939,20.02031,-15.919008,20.79927,-13.344194,16.242844,-10.269126,14.116739,-8.564039,11.538391,-0.9516279,9.202327,-6.3590555,11.579883,1.6721224,8.0092745,0.33378053,0.32950932,1783.618065682356,1395.0528512675749,3393.010288618187,2564.5872577735636,1426.2209567510356,960.5703503888683,20.24165473629799,12.480462745263331,0.11781115780509478,0.10363253864651564,0.051379707,0.08761376,9.78
COVID-19,ca4579a8-d65b-42aa-8fdf-1108e3b0323e.webm,-342.30612,182.9575,57.405033,56.3026,-21.142933,41.784176,18.585846,20.757957,-13.995101,36.593723,5.8164296,21.639332,-20.570677,28.18132,5.0605617,10.747812,-7.7629323,12.19934,0.88585204,11.527324,-1.4592816,7.920168,-7.396857,9.642874,-0.3858228,8.587758,0.41378108,0.32290885,2230.8433078181592,1510.9890544124612,3966.024502840909,2439.24836418746,1633.7556010357496,831.0495516286936,19.181710140875555,14.394069082871049,0.15052656693892044,0.12878503358756652,0.060918644,0.12744212,4.08
COVID-19,a0bd7465-ae76-40cd-903b-3591ed9595db.webm,-437.95422,150.6586,39.71277,53.705704,-17.555897,44.25395,1.389073,18.488298,-11.063378,21.410725,1.7763679,17.360573,-4.6115932,13.969714,-3.2912328,15.948694,-14.245037,17.025717,-8.371792,11.075738,-2.0944898,9.384847,-9.723094,14.316258,1.3162448,8.496739,0.4180283,0.31447646,2125.872485123745,816.3788477969,4177.617907914959,1530.0619960523468,1947.281144721109,589.8885542974342,20.694319381377568,12.116531277234603,0.14197777920081966,0.07233809956784339,0.046974994,0.09503031,9.9
COVID-19,5fb358c3-76bc-4adc-93ac-02f367e38739.webm,-535.8199,155.35616,24.090132,46.714207,-6.517776,23.137281,4.417946,12.988294,-9.20259,22.0666,4.681893,11.733798,-4.0790925,11.0225725,0.8270576,5.6881733,-4.952801,11.659515,-1.8121706,6.333815,1.3120669,5.23342,-3.757297,8.455215,0.544274,3.8459446,0.3905298,0.3869338,1683.6315478345093,1677.9852116244986,3320.0971759733607,3054.035728502138,1397.9980002000575,1211.2786105486841,12.678839323207345,10.61624159183462,0.11376267015515222,0.1517661800891623,0.013073787,0.04331526,9.9
COVID-19,5b0be374-28d0-4a16-b010-0c18a460a7d4.webm,-456.56128,152.05783,67.68151,45.381905,0.56664693,42.23755,14.442499,16.344343,1.6277459,16.543348,3.639819,9.303784,-4.1216893,18.883734,-1.5195985,11.988487,-6.904131,12.930777,-0.46445623,10.976317,-5.0542994,11.408746,-7.2043886,12.376925,0.73847365,10.497943,0.50014925,0.28064862,1616.3174735924063,600.2754366997558,3149.2435642930327,986.5588981663554,1650.9547164674261,317.1786775347426,20.339085657275586,11.943121891320352,0.09325714468676816,0.05571548673890923,0.02854925,0.06322446,9.9
COVID-19,be98a4ee-a260-453e-bc44-e63b5bcccfc1.webm,-658.5468,126.94459,38.486378,38.568497,4.5638595,18.542522,15.268262,26.613379,-10.915288,15.982523,-9.541203,10.03059,-6.270019,9.667718,0.44961098,4.424065,-1.0345577,9.314134,0.6855898,7.1468854,-1.077884,4.756694,-7.964043,11.949103,0.6697299,7.854108,0.5326414,0.2666067,2368.79824147135,510.4841156376386,5162.529373168945,1306.0556880388874,2483.9989277070617,453.72870334370543,18.609354138536577,11.060456176131554,0.2089385986328125,0.08341220495282076,0.0029294204,0.011092182,4.44
COVID-19,96678e97-6a39-4932-9c5d-13981167bbd8.webm,-408.68106,183.1661,41.583935,53.85746,-34.888206,43.58295,9.33653,26.139717,-27.53535,29.08155,4.3807845,15.495045,-15.199671,18.147543,-5.120132,13.175174,-11.755765,12.69758,3.3247237,7.743109,-3.7616873,7.4265,-11.777717,14.262981,5.790433,9.767826,0.55328935,0.28774145,2998.785679420122,951.006598978903,5688.92980677481,1551.948481708385,2261.7753460692634,517.3554901068444,20.12257918130554,14.646808563426228,0.35718705271946566,0.2217929402294185,0.02999631,0.05475581,9.12
COVID-19,56ecb826-b12c-43d9-b54b-8dedede30b0f.webm,-381.57217,182.81561,58.009594,56.82532,-25.269676,48.923897,10.121169,27.553595,-18.234837,29.942406,2.2097836,12.322774,-4.955325,14.299197,-1.6034732,12.356585,-6.545187,11.463029,-5.993319,11.08595,0.4839925,7.900174,-6.4588103,9.088219,-1.553077,8.76308,0.5107019,0.28982052,2222.192171734471,716.0958812494066,4255.518090308129,1303.7114838812092,1845.3383374115538,442.523215741638,20.399736878949874,13.455298457945732,0.15258732153263405,0.07253655591823985,0.044007175,0.07929721,9.96
COVID-19,ea46306b-22a5-46a5-bf02-a664d8365200.webm,-353.64127,199.49486,43.442097,56.593822,-34.815178,51.108994,11.879799,26.589691,-26.088226,37.185307,21.452616,28.483925,-10.311946,17.375183,-9.0210705,16.407475,-6.75626,18.055233,-3.8136528,16.392048,-6.073594,14.600274,-2.7912142,11.068396,2.6296437,10.287128,0.2628123,0.31785643,1765.1862529372702,1438.151573965557,3128.4087558962265,2474.3550472772226,1255.3821130706203,909.96504705906,18.852285172108303,13.961695217891604,0.12699688605542453,0.11309898221008308,0.08238969,0.1032578,9.84
COVID-19,a58896fb-dd00-46e0-a2a6-c2d25a9f13e9.webm,-400.05402,186.37068,80.45772,55.31798,-0.35293165,48.848087,24.333126,26.637907,-34.146927,34.964817,-3.9571025,17.98492,-18.285843,20.74626,0.87660164,13.9296,-11.600539,16.551702,-15.771007,9.794774,-18.42991,11.51403,-21.5576,16.43475,3.0094318,12.7669735,0.3418774,0.32525942,2177.5127517202786,992.1971257514502,4382.525708301958,1616.729166824195,1946.1005301954658,450.4455255114389,22.775193562702487,15.0141320368598,0.1411956419427711,0.10193872831032817,0.054485667,0.07797777,1.92
COVID-19,86e08bf0-623f-43ad-b26a-d2b4c7c1f350.webm,-468.54587,141.16719,49.570183,66.91667,-3.627763,39.10769,28.84347,45.86439,-1.4406866,23.302595,7.8629293,18.911402,-14.441979,25.496836,-13.856463,24.40293,-2.1120932,13.859441,-8.364821,13.943158,-5.5307784,11.152897,-8.988606,14.164138,-3.6149573,12.242131,0.4623332,0.3148552,2559.715009886163,1059.4887827368648,4574.912699477933,1648.968232549202,1898.1069251290855,448.91106228455624,20.81942226635171,12.95376407043607,0.2250779861522512,0.11860158469564833,0.027563231,0.040182114,9.78
COVID-19,4b89c5e2-1902-4497-af7a-1eda2630656b.webm,-481.26392,110.33995,16.23328,33.792877,-2.8159816,16.386354,6.3918943,13.897949,-7.0914173,22.296041,3.2094176,8.516011,-1.6512933,12.988013,-6.824501,10.04667,-3.1491194,10.276084,-0.5230605,7.1471963,-1.774328,6.9910526,-1.8753463,7.2439523,-0.9622829,6.817586,0.40434575,0.30445185,2559.750117140833,660.0609473577256,4774.243964523565,1051.957088600926,2055.1738525146893,435.6775174520576,20.10843029942878,10.878542810565538,0.1800019668471897,0.0817914414520615,0.017049821,0.059949573,9.9
COVID-19,68ce6385-d861-42f4-bb68-8f4ba99c10f6.webm,-402.10144,193.38664,59.326874,53.534344,2.2630594,30.06705,12.213036,18.37692,-16.981215,24.112795,11.6326475,26.011269,-21.529797,19.28926,1.9989705,15.416598,-10.211906,13.076615,0.66672224,9.504912,-3.3780901,8.512588,-8.793177,11.079086,-1.3069004,11.499451,0.3498793,0.33068943,2470.679980608236,1010.3693509237731,5255.218098958333,1512.9540792055932,2228.4342318236763,363.23274709316007,22.57512048714714,14.82753976886705,0.14403935185185185,0.096951058017879,0.048312098,0.09271793,3.12
COVID-19,b97f011c-062b-4fdd-a65d-4f1d8ab1bd09.webm,-519.61383,137.66641,19.17565,44.38545,-11.033902,30.395662,4.8168488,16.212006,-5.676859,15.031653,0.4103248,12.164802,-4.0007167,11.591774,-2.272688,8.915042,-3.603124,10.44322,-1.8059322,7.785602,-1.59755,6.484785,-2.4409113,7.6070995,0.92381907,5.546636,0.32891446,0.36483005,1636.5537430048234,1580.6264780797414,3128.9223910508,2846.9266337190784,1369.1695430417562,1176.7078301531094,16.506793917370768,10.104830329942821,0.07999250222156398,0.09872354026430077,0.013966153,0.044567797,9.78
COVID-19,70dbb19c-8c7a-45d4-9d2a-cd2272cc7ccb.webm,-531.9242,134.23572,25.899466,49.452854,2.3001835,14.099712,11.095752,23.240711,-5.3213425,15.049163,4.858585,14.335345,-4.067751,12.575206,0.60458046,8.091269,-6.917703,15.722756,-0.74047476,6.6970873,-2.2416465,6.8152666,-6.1534023,12.860799,2.5525408,6.4949102,0.2848279,0.35241392,1302.7161722329024,1625.5763022825854,2682.652587890625,3045.993884514443,1186.471180032347,1259.6166856199673,13.780207258410627,11.001785166999001,0.061652483258928574,0.0866434820931206,0.014244798,0.039152034,6.48
COVID-19,0dbd034b-71d1-4927-8f33-c0645f42c47a.webm,-429.73282,180.26634,50.141647,76.569725,-20.616209,53.59029,9.873602,24.665396,-19.391275,31.552612,2.612033,14.982729,-12.507589,20.010101,-7.911187,13.828507,-3.0333362,9.749815,1.1147475,8.399554,4.35783,10.095265,-5.011836,9.691745,-3.1751738,10.027098,0.23197429,0.31316426,1294.351517518851,1444.0582365129815,2290.492910709021,2495.1675251696006,941.1343897129004,922.0007208891864,18.197215805466946,11.803364589703964,0.0782516767393868,0.10258071879213694,0.043125134,0.07125565,9.84
COVID-19,98cf4fc3-ac20-4007-a227-3b89dc43a52c.webm,-574.21454,165.82068,31.755991,55.31144,-13.7619295,27.983421,4.970094,13.567512,-16.058922,25.241362,3.419327,10.216725,-14.693391,22.577759,-0.43290702,7.2989664,-4.102385,9.691461,-7.941999,12.586422,3.5772328,8.315684,-2.7255332,8.4301405,0.52534896,5.984374,0.31743407,0.34277457,2059.9646374602216,1905.916563831417,3619.9048058461335,3076.422541775448,1373.744184007247,1112.721226085263,17.3427414391291,12.22949801844163,0.18138820842161016,0.21210106833542797,0.008868562,0.021962522,5.46
COVID-19,2f63ad4e-0441-454b-a5b1-20c88f864433.webm,-420.10342,154.60992,52.905968,65.71295,-10.177272,38.56744,11.78317,23.12546,-12.420718,26.229261,0.3517944,18.106535,-6.2539816,15.532787,-8.02814,14.176633,-11.479674,15.39736,-3.549497,9.939539,-3.4712062,9.352481,-8.787231,11.75535,-0.2410566,9.127977,0.41911176,0.33737156,2102.242036075481,1367.5871197710985,3906.1933184003497,2358.2999744195104,1717.3477247858261,842.4901480925034,19.76933850206109,12.828747325336387,0.14270104895104896,0.10290472391744362,0.038615506,0.06826745,9.96
COVID-19,3dcb6589-5216-4795-ae68-7faa87b6873f.webm,-370.9167,195.09166,47.15148,57.21671,-31.764662,49.379772,13.456408,28.202715,-12.801974,25.5624,3.7733004,21.941736,-21.959303,23.969213,-4.4035673,13.707906,-14.369855,17.332502,7.591401,13.812045,-3.532144,10.6727705,-5.201048,8.955835,4.4894423,11.142278,0.41258112,0.32998326,2460.391638396589,1421.28236401151,4591.139141643217,2404.1670181829995,1860.8242623992471,845.1554059049438,19.824604848163364,14.339922854970247,0.16368529694905212,0.11593719334126923,0.04780154,0.07090467,9.78
COVID-19,4735aed3-46f9-44c5-91f0-ca772c541fff.webm,-363.22806,194.82861,73.73293,68.28545,-16.999653,36.63237,14.556347,23.194916,-12.042645,24.040882,6.7305884,15.415371,-9.565116,16.003113,5.2410283,10.076988,-5.3441653,11.630114,-5.9668612,10.32184,-5.2100396,8.187873,-6.602523,10.093616,3.1995177,7.921326,0.45175803,0.302334,2072.4776793964534,781.6064359166614,4146.578829405737,1593.5704407016588,1943.7971360401793,537.4439232207905,20.772007953474628,13.830351576119652,0.13803951075819673,0.07803904902356419,0.06359649,0.099747576,9.9
COVID-19,e804a68f-0030-4b55-b452-a2fa4f6211ed.webm,-275.8147,194.93672,75.70633,60.902275,-36.39744,48.641464,31.180344,25.53532,-20.185404,28.36182,11.569693,16.601313,-10.634084,18.572489,-5.4869466,14.790646,-9.87787,11.200258,-4.228435,11.7699,-3.5124462,9.220387,-11.310443,9.822624,6.8886256,11.73319,0.49950418,0.30152634,2303.1855249408513,876.8600512654939,4333.963415757665,1524.4928530902557,1817.5318057400718,474.9389999174168,20.66638829796965,15.021772592653056,0.16286137418926888,0.0891112944236054,0.09785155,0.13388279,9.84
COVID-19,5d9c941a-089f-4c65-b692-5a1bf0d091a4.webm,-393.65063,143.0931,77.88739,26.231588,18.04253,25.794909,28.430212,13.576558,23.382786,18.977972,19.949991,12.614544,2.4239883,11.967132,9.9912405,10.837581,6.411338,10.5697775,4.780014,8.77735,4.1859794,8.116852,1.3307731,8.185672,6.451084,6.6790714,0.4042416,0.32622978,1788.1352614911837,1028.3742150707833,3749.8800343480602,2035.2982930344021,2165.5995277135676,491.01486881329714,21.29167074687627,11.512358583194379,0.06945500115455665,0.07193751546308663,0.02870298,0.055189088,9.42
COVID-19,5607860e-70fd-4fab-8e93-158ecedabdaa.webm,-321.3923,180.86786,79.115036,50.873756,-44.410477,46.092785,22.7207,33.896927,-24.286736,32.909706,-1.2540792,35.065567,-16.4964,23.999868,-9.409005,16.362562,-12.992624,16.193962,-4.4361067,18.923788,-3.5545099,12.528837,-13.060502,13.66909,-3.8673246,13.40475,0.3197481,0.32772642,2083.207986994048,915.4861919151464,3690.911481097028,1523.103426182016,1547.3413822009338,473.57967041967714,24.272127375275417,13.534906598245142,0.14460864656177155,0.08213571769001166,0.069105074,0.085754804,9.96
COVID-19,c7cddbe4-21de-40bd-b3de-da812614640e.webm,-517.2185,180.31964,26.71828,43.07645,-15.914408,34.321873,14.059454,28.69177,-10.53166,22.48114,3.3030708,11.642821,-8.355889,17.136078,-4.1296916,9.847362,-4.390991,9.251499,-4.372805,9.137802,0.9494535,6.40851,-3.354484,7.6147857,-0.8969275,4.756605,0.350801,0.36665738,1883.0603778993082,1698.1774546228794,3395.7155321465166,2932.942244206028,1343.1160451594574,1116.2110286616596,15.338686169151055,11.319249263776847,0.13273131037763466,0.1491455269557272,0.016029015,0.04019359,9.9
COVID-19,1f6a497a-7d48-4db2-be34-c7760e427427.webm,-385.52548,191.9614,58.685852,60.384037,-19.820261,31.135271,21.654594,28.180296,-15.3991785,25.867607,12.160352,17.428825,-8.188696,11.876375,-2.4361336,9.415555,-3.7282226,7.486994,-3.657643,7.22407,0.50701356,5.4222107,-4.5544987,6.10369,-0.3813199,5.371748,0.5257998,0.27259836,2452.7550778390464,761.8159431970911,4790.164119639295,1284.67093001088,2086.347470248349,433.0577520438434,19.92023930489158,13.34568487534674,0.17900702293882978,0.08720052379230143,0.040841963,0.07498464,13.08
COVID-19,e5e9bc03-88b3-432f-b8d1-ca8891b72912.webm,-484.83493,147.0544,27.627943,46.81659,-5.0015087,26.3448,4.295513,15.850421,-4.869508,14.582221,6.959618,16.792479,-4.387446,10.140954,0.35798004,10.601642,-4.068645,8.410737,-4.149818,7.579796,-3.2565897,6.9357057,-3.6562552,7.083022,-1.1553357,6.4642577,0.5075963,0.29807472,2734.3937351990035,933.1344262201603,5295.9716796875,1496.648438935765,2301.7531289687236,479.7907089493589,18.90743889866809,11.974442008916874,0.17157424705615942,0.0895495596793218,0.022677373,0.061874475,9.6
COVID-19,e251705b-5662-4213-bd60-7ffa434d434d.webm,-500.0985,143.8928,30.046658,49.60712,-5.6920843,26.738209,14.002315,23.432896,-6.6867075,19.434343,6.404911,17.355532,-0.6359676,12.83756,-1.5785931,10.832217,-9.46076,18.699213,-7.618048,13.423594,-5.076898,10.675785,-3.9397593,9.674134,-0.66468227,7.9802933,0.252383,0.33047125,1372.6169576232144,1502.8416886650748,2622.1753390330186,2761.1406962403885,1131.5030481107854,1085.944455690478,16.43168522446069,11.490160789311355,0.08615054724351415,0.11161237132492476,0.020964699,0.04603843,9.84
COVID-19,668c6e03-edc6-45aa-98d1-429fe5bd92fa.webm,-358.5197,214.60095,72.7628,61.61514,-42.018456,49.222202,28.508892,26.631054,-15.839493,35.367992,3.2829123,19.89559,-22.151758,22.66362,-13.351647,16.008783,-18.343786,16.919542,0.040677432,14.637869,-0.36986747,8.437229,-12.858722,11.828473,-2.351444,9.036995,0.30455673,0.32951573,1677.2356473105797,1251.643154274292,3201.571116727941,2283.9465224375617,1328.9996387900023,876.1836760688952,20.214556189485688,13.822266874594987,0.10694180015756302,0.10395123480698677,0.06575899,0.076918595,2.76
COVID-19,660f52df-42dc-49e9-ac87-473c6db99d17.webm,-324.82812,209.74031,78.4562,59.263474,-34.10335,51.22492,0.4784783,28.825197,-18.055761,29.496922,8.102328,16.236862,-21.703035,19.992163,-6.934794,14.672973,-12.634891,11.134637,-10.944421,12.396061,-1.0748936,8.961153,-6.6936545,10.124103,-2.7024748,9.699309,0.4701245,0.29544288,1933.7363213988988,656.9006613942372,3662.0313300461066,1405.265341359664,1682.103984187089,510.993208600642,20.86085361132764,13.466626647162792,0.14682857325819673,0.07010761069610959,0.10064699,0.16138779,9.9
COVID-19,4e47612c-6c09-4580-a9b6-2eb6bf2ab40c.webm,-575.2508,110.90137,17.279274,47.258587,-6.8138757,26.271172,3.6508842,14.938544,-1.0126067,9.238255,1.980089,8.143919,1.5345991,11.17129,-0.90783995,4.602019,-1.3692732,8.053638,-0.99949163,4.1974626,-1.703809,7.691349,-2.303265,7.3734255,-2.6137066,8.148426,0.5493043,0.26439756,2963.4801288426847,746.2986804039131,5463.3900768352005,1229.7432276424013,2318.4662075146193,457.4028131377342,18.371837201747397,11.319009628495822,0.26862148068985847,0.10094129619871697,0.0067749233,0.024837647,9.84
COVID-19,c91409af-d36d-4ec3-a26d-ba640c97c90c.webm,-371.74805,172.65834,34.384262,39.24552,-32.89201,45.58859,19.671074,24.681873,-20.363394,28.696648,3.464441,14.175453,-10.424867,16.812561,-8.822762,15.944213,-5.618564,12.956088,1.244101,10.815508,-4.2117405,9.884741,-3.2732198,7.7895155,4.4240017,8.685923,0.47816864,0.29473823,2639.870317985666,487.8733254706798,4919.772108734631,671.9972476302171,1995.1911918084566,331.9846038320141,21.563244339480796,14.860316739352465,0.1894227074795082,0.05738213098967797,0.03761752,0.06716294,7.08
COVID-19,d5ae4279-5716-4658-ba24-8cb5cf87f40d.webm,-514.95844,181.36057,30.915981,53.743107,-6.9296303,28.331778,20.035551,35.202065,-8.838356,26.160921,10.381287,19.711554,-5.1058993,11.808919,-2.9972446,9.769427,-3.6749175,7.651458,-3.0063105,6.9607673,0.2726323,5.1871586,-8.739563,14.22138,2.289784,6.7654877,0.2756553,0.3383206,1762.5778999535169,1841.9072367472409,3267.0024671052633,3184.336670675122,1327.457186724281,1198.5538902686592,14.112390885605636,11.058430881305467,0.09400413468567251,0.11884969703376064,0.020634312,0.045207657,3.96
COVID-19,42dcff9d-b2e1-4b9e-bd93-81a0a100d232.webm,-434.23434,171.0102,51.544125,50.799595,-13.390385,32.030544,15.167852,29.711473,-23.399494,26.346935,0.14405327,28.263563,-15.327539,22.918304,-8.477714,15.407224,-11.356631,13.079294,-6.070916,10.139975,-9.367404,11.187227,-5.619062,9.020511,4.0664186,9.87913,0.45252198,0.3065704,2544.3563863706354,986.2492089902445,4833.5989529969265,1766.6767567449297,2048.878101463839,630.7357160564809,21.591665985793814,13.707082723605359,0.22989013100117095,0.15166067290045035,0.023650136,0.052572027,9.9
COVID-19,22fdf3c1-34b8-411f-a757-4b8cc642d190.webm,-336.99942,137.43263,55.874992,45.9678,-34.70675,40.89257,17.133152,22.240341,-17.04656,19.892653,8.681565,17.562479,-16.456684,16.418692,-21.163769,17.077818,-12.366065,15.117907,-21.09061,18.681078,-8.328971,10.780442,-3.8206716,11.927661,-5.604763,10.377448,0.3433466,0.3181558,2335.6281093737316,860.8671697277632,4340.822702687937,1192.4973800035898,1779.822823077337,341.1752075909396,23.79597795035126,14.793538157018153,0.16358104785839161,0.09122226671887096,0.04909871,0.07518685,9.96
COVID-19,87dcbffa-7685-46d7-a67a-d16e09b33cc0.webm,-512.4859,105.4368,20.720444,54.399918,-5.1104913,16.864952,-0.91024697,11.117458,-2.7009554,7.99046,-0.40073,7.675063,-2.9261112,13.525088,-3.2596247,10.602018,-2.4618387,6.0830374,-0.8653353,4.3774266,-2.2726607,6.041699,-3.5091305,8.948646,-0.8666633,4.0030375,0.27376848,0.32112327,1558.6982182739562,1428.0650457949273,2697.012243992779,2382.5094174665246,1176.5280219194158,1004.3251833543301,18.77411531161463,8.984486109095425,0.1104468843376494,0.11601174273927857,0.01775455,0.061151728,5.82
COVID-19,981441a4-89d8-43c5-8e43-3768968fa614.webm,-426.45618,190.59499,112.38724,66.40939,-38.976345,66.448044,-3.117674,29.175121,-26.369675,28.839622,-15.992989,16.549599,-22.178774,18.65062,-18.990322,16.653921,-12.5261,11.302088,-11.822309,11.025806,-7.923451,8.905384,-8.88571,10.504845,-4.138137,7.4968004,0.33299816,0.3196553,1443.4147165972067,786.7153031579389,2483.6100260416665,1635.4499692016605,1245.4016466520472,607.8199620497741,20.577239823765787,11.610677007504835,0.09749865658068783,0.06249849945537011,0.040547952,0.05780158,4.38
COVID-19,eace5852-5151-4b89-83fd-b6fbdf7dcdba.webm,-423.9448,117.54508,32.449657,38.69146,-2.5895565,19.449781,4.4280486,20.673164,-15.175707,18.111717,-0.029712677,15.794911,-15.292294,16.798227,-10.421726,15.334184,-6.0679617,15.187987,-2.011107,11.734617,1.6568054,10.752458,-1.0999539,8.57547,1.0814738,8.601057,0.36060044,0.3277687,2688.9807090245163,1106.1885715774713,4832.578954156839,1543.4245729789775,1985.6670849266372,402.3238435052911,22.33294466675241,13.270636218871328,0.18827618293042453,0.1092465270666369,0.024463039,0.0786213,9.84
COVID-19,0b03673a-28db-4e1c-aeb0-4fec88d977a1.webm,-416.5653,176.66225,42.364708,63.8689,-31.52421,51.452415,14.229704,28.124546,-4.091915,28.396893,6.263431,16.159357,-3.605204,13.736191,-10.736284,19.97826,-11.267928,19.645882,-8.387428,14.488055,-4.0617986,13.73834,-5.3410206,13.7849245,-5.991122,15.254876,0.22244714,0.3133743,1198.673457959972,1353.717864846567,2100.2998783903304,2386.3333313544304,843.1506706571079,916.4752317822038,16.362965218135752,11.615070254330504,0.08407880675117925,0.10735232721829371,0.05188481,0.087059356,9.84
COVID-19,c9175625-2740-4f50-8ef0-c1a37b9688b1.webm,-363.8858,173.54042,90.06871,79.06434,-28.155735,42.575336,-1.326233,22.103035,-14.7244625,24.08389,-3.262288,16.524218,-8.93625,22.98199,-1.6137421,16.94285,0.8271327,13.354213,-2.919189,16.283731,0.2962679,12.470324,-3.5500205,10.429276,1.9893,12.291423,0.30112168,0.31710967,1491.9127145808748,576.0959690575396,2662.6396670830845,1263.628244550219,1412.1529990328333,529.5773183970593,22.572092844232483,11.188401000497823,0.09722274015513127,0.04555670818474075,0.08072274,0.109726645,9.72
COVID-19,2561c0c9-c4d4-4d63-8c8a-610d6eafe593.webm,-281.139,169.75313,53.43848,54.202816,-15.33057,28.099815,21.193254,20.172146,-39.394524,32.974323,14.8032,21.74047,-26.163778,18.651712,-7.8442817,13.633271,-18.695381,12.708203,-22.5874,16.482054,1.5799345,12.153065,-9.022451,11.598128,-1.070108,9.665588,0.31987667,0.31753093,2512.3101035402296,1399.7808450169073,4517.560114626024,2114.1927833226955,1805.582205830684,712.8744239157112,22.435956462334826,15.087132766149685,0.19832680766978922,0.1501235312833249,0.10419639,0.13827644,9.9
COVID-19,1e4a8472-c9f7-4677-a92a-0e1ff412ab5b.webm,-356.37668,156.88625,81.62513,56.750774,-14.2955675,52.70471,20.384552,26.566397,-7.2421646,22.811302,-0.53410333,24.29582,-11.513448,17.670044,-7.742713,16.44437,-4.4326706,13.186071,-7.5666766,14.144871,-2.1332717,13.39537,-7.607994,12.947946,-3.7117727,10.397877,0.3555727,0.31088117,1471.346668224893,707.7056128629335,2760.772486575179,1387.1157599461046,1399.7756849694542,508.11404441494295,21.700127819876887,11.123962528361684,0.09238304556980907,0.058680917170847245,0.06239615,0.08788554,9.72
COVID-19,e4ec845a-b80b-409b-afa0-81abc3ae3dc7.webm,-412.44397,182.97144,59.28909,59.794205,-34.376472,47.055748,-0.8480531,16.947313,-14.026521,23.615683,-2.6851408,12.442256,-8.811706,15.604593,2.4300647,11.77097,-9.503704,14.426613,-7.745837,10.001944,1.152779,12.157409,-4.899854,11.098549,-7.8395376,11.1127405,0.37523073,0.32980835,2321.2594219919006,1059.5319513661532,4301.677039194915,2267.975580577336,1960.381065244859,747.0040151023044,20.54047367068497,11.887295913607058,0.27706733315677967,0.25985329869256896,0.042389944,0.07337787,6.84
COVID-19,bbe5b8d6-21cf-4718-b263-0fb779d13784.webm,-427.38614,186.60909,32.24627,52.877693,-26.635988,52.24886,30.503225,27.47262,-15.907035,31.167162,18.906101,15.869172,-5.623519,16.802479,1.724979,7.260698,-0.46610892,8.580382,-8.35618,9.301541,-2.9384782,7.241519,-11.644134,10.029895,-5.1006265,7.70562,0.46841908,0.30653742,2673.951906697542,1148.522950702922,4715.108139255036,1466.3531290640378,1956.932465154661,403.9380023782705,20.432072053074247,13.802327132268115,0.17693715750888625,0.12743669825951268,0.028439194,0.05803737,9.78
COVID-19,87cb9c68-017e-4791-bca3-648a13ee3372.webm,-356.18875,169.29079,86.14942,55.21497,-0.23455597,43.69888,21.67498,41.97929,-18.860144,36.74591,4.654457,25.359781,-27.59747,21.207354,-7.5495405,14.41305,-7.7748013,10.42431,-14.913096,15.856063,-2.98448,12.400504,-9.82857,13.480904,-1.2480389,8.994183,0.33131376,0.32416648,1740.1329976480279,1080.2890281004493,3155.81891253278,2013.5254415781453,1495.5284943220472,598.4493653571785,22.787203078388917,12.502760552956499,0.11784537077505827,0.09618907857460089,0.066960834,0.1280551,9.96
COVID-19,c7e6538b-a08f-4ecb-9377-135401192e5d.webm,-473.01398,156.44867,28.446243,40.78637,-18.776138,31.269089,21.002295,31.353392,-10.55208,18.508558,11.415148,21.724669,-11.315193,19.467289,-11.402981,18.158697,-10.208151,14.995711,-4.5649366,16.289297,-8.071876,12.753581,-8.032435,13.938516,0.15972562,12.082018,0.26233113,0.3280071,1963.4358652452474,1642.200755123938,3550.5407945165093,2841.4836386608863,1368.592816365261,1043.9052217993424,18.384399343659755,13.522299719591423,0.11810648216391509,0.11620375692260518,0.019556418,0.03803905,9.84
COVID-19,7eac138a-818b-49d3-8ff8-2facdb910b71.webm,-352.04523,224.06786,59.40323,58.104004,-25.659641,37.729553,17.558048,29.692276,-25.430946,31.086393,16.96268,19.707163,-12.238555,16.710926,-2.1868374,15.16151,-12.550526,15.514093,-6.9000225,8.498479,-1.9880588,8.867476,-11.0217495,12.255635,-0.07053904,7.465663,0.47508204,0.30397314,2718.3694166726355,957.8960373194373,5049.650065104167,1393.7409302758986,2008.5251266243597,373.6149805070652,20.543794931834753,14.212928258568597,0.24270419973544974,0.1615625109240747,0.08417611,0.13006476,4.38
COVID-19,fdbabb79-c296-4b93-9e02-06b290916fe7.webm,-354.40875,161.61394,81.29746,58.44144,6.7585716,32.93672,12.9595995,25.818312,-18.88459,28.53539,17.487587,21.521185,-20.86341,20.347414,-7.4961295,13.661247,-8.061001,11.892255,-5.605621,11.790131,5.6367216,10.900677,-8.28369,9.814655,-7.4664745,8.237424,0.38508785,0.31722894,1852.212056820519,865.0205852791789,3731.5669797501473,1794.0553257155843,1853.311014076512,436.07153488201226,22.406836425491058,13.444761480123535,0.11405282650353774,0.08504281855926936,0.053543545,0.08498879,9.84
COVID-19,1cef13ee-037d-49cb-bbd3-bbb44328cd91.webm,-404.46158,195.33476,70.87799,57.192398,-0.6967172,32.16337,22.966776,19.76147,-16.092533,26.482412,16.613659,21.452784,-18.77446,20.915802,5.8969197,13.279732,-15.377684,16.126316,2.1637785,7.291419,-0.6358411,7.1571503,-13.519945,12.341722,-2.1394165,6.816589,0.5062257,0.28195208,2554.218921976853,802.8001029602503,5351.78685988823,1462.8932270426667,2268.8384750348596,332.92753747977054,20.72426774784871,15.29008302174438,0.1701464130930657,0.08575665485993936,0.045330055,0.0821653,3.18
COVID-19,c52f9edf-409b-46dc-8d99-b0b6e0e3a336.webm,-328.80334,178.14586,57.92471,73.16517,-36.0579,38.71499,24.413202,25.14198,-34.90658,28.186153,13.156102,22.933151,-21.416594,23.970459,-3.8625045,13.152664,-19.413834,17.107586,-8.769779,11.973362,0.48884797,12.43468,-13.230509,18.054571,-2.343939,10.795253,0.36581042,0.3300638,2536.1635725039177,1475.2224413850079,4286.210342035061,2204.979695689583,1653.989273037787,717.707129786085,21.550266489364958,15.502816220467274,0.18404630335365854,0.13519515055975906,0.06019985,0.083658904,4.74
COVID-19,2b0d65d2-6110-4f9a-9649-fd6be470d754.webm,-374.52423,187.9948,52.83292,63.808662,-37.718273,56.269077,22.106503,36.30384,-30.288807,49.184338,1.7962906,29.308485,-2.1192229,20.161184,3.8092227,26.51605,-10.2851,23.631048,-8.218755,17.359608,0.82498246,13.538753,-12.211289,15.707666,-1.0813143,16.770409,0.32908764,0.32632774,2229.7735283958236,1456.0051247978865,3620.1534216273417,2302.2619410098287,1389.3580418415636,762.5534670550892,21.3640540309135,13.644865592024342,0.17181871397694526,0.12077631479708242,0.060531706,0.08299032,8.04
COVID-19,684c1be1-e790-4f4f-a84a-ab7834310c5b.webm,-419.23157,183.71715,67.59366,73.40921,-4.2326713,28.03802,12.908419,23.730103,-8.301652,21.443872,8.033509,17.514215,-10.136903,12.859119,-11.058881,15.075553,-9.268185,11.923693,-5.358952,8.263589,-6.9626217,9.759108,-10.100624,10.964165,-1.8100338,7.9027476,0.4547637,0.33153957,1809.5629825345134,1280.5450815927145,3283.4493885869565,2284.644526754876,1586.4080732571372,767.4820859161708,18.03095834213022,11.594164323888334,0.13289623905495168,0.14413068478698407,0.06619119,0.13496856,9.6
COVID-19,2e9f905a-697c-48db-883e-7e905873172f.webm,-463.54865,124.03386,23.495363,48.895042,-5.7914047,22.423801,6.6250014,16.084255,-5.575887,16.073586,4.0410657,12.901181,-10.536164,18.915403,-2.154057,7.500211,-4.9581304,10.302401,-3.8464985,8.994675,-3.4056258,11.365301,-5.732485,12.060863,1.9866089,8.001937,0.28827238,0.34799898,1526.5879135164305,1683.3600934688654,2810.669307897587,2937.0374391394357,1175.0493145306978,1137.1835520309976,16.14072042865004,11.388002860892144,0.09682109568378713,0.13185663258233854,0.016424706,0.043976735,9.36
COVID-19,88e12b5e-5946-4d70-b2e2-20fc2d8d7d0f.webm,-318.89307,165.13667,80.91452,66.82626,-32.525078,38.678055,23.372576,31.03522,-39.82801,33.971554,10.399396,34.552414,-22.823853,22.396196,-14.728637,16.831724,-13.698329,18.867548,-19.587315,18.205309,-1.6200978,12.465594,-10.222403,12.464452,0.09387893,12.022942,0.40245637,0.3222946,2448.8082333547436,1138.2301218655145,4175.978963883197,1598.4811224037028,1640.0165102832289,401.8301344093523,22.733157029838463,14.734044859066023,0.1975892399736534,0.1257515308767035,0.058071773,0.062281445,9.9
COVID-19,53325adb-0ff2-480a-8af0-fd9da2a10322.webm,-401.25607,175.27684,60.65289,44.905033,-26.158747,40.11632,13.81869,29.337845,-26.365515,30.197266,-11.236434,32.04075,-24.978798,24.754276,-16.050468,17.434875,-23.504194,17.109835,-6.9188304,13.359628,-14.87093,13.077816,-7.8679457,13.531104,9.626309,11.485809,0.33939278,0.33413064,2128.1305353972343,1365.5291915015675,3947.574462890625,2301.010332776777,1659.8395453562034,724.428189578047,22.111719571466907,14.522485918899621,0.13063520951704546,0.11288622742550473,0.033435825,0.057191454,5.1
COVID-19,e3bc1069-6c55-448f-8d73-8d6b8aaa715a.webm,-277.01053,171.70584,67.77253,54.29949,-63.54035,43.075848,30.534647,26.428537,-40.336445,26.945574,4.6482434,18.976501,-24.241919,19.541471,-18.589565,21.006853,-12.135962,12.783686,-11.268204,12.226058,-5.8290634,9.2677,-14.293127,12.976677,2.3855853,10.8041,0.48629346,0.30567288,2556.89741603945,933.9574663844985,4462.194899108512,1362.741030915574,1673.8309351294158,463.35147705080504,21.217108764937013,15.610837356732013,0.19791566813650308,0.10062560024451989,0.06454085,0.078096576,7.56
COVID-19,9a927cb5-465b-48a3-a36d-6411f5878790.webm,-348.08038,234.28688,60.02034,53.733902,-18.719553,47.96067,24.520315,27.028385,-17.179794,31.121614,13.695633,20.096415,-16.447906,22.51005,7.572067,13.7271385,-11.133606,14.400219,4.766024,11.29166,2.2302725,6.908284,-7.1048303,8.914618,0.46707186,6.812106,0.43069378,0.3372179,1992.8820954685748,1496.1215055021253,3783.3837890625,2592.3577982818656,1618.5218512778974,908.9308615327735,17.60274179711199,14.194807274355284,0.11227678571428572,0.09433241670098576,0.08721444,0.15250708,3.24
COVID-19,7985c4a1-0ca1-4d36-8454-768db1b75be1.webm,-277.4312,182.80281,99.92973,67.60756,-55.060963,43.95476,9.91976,52.514763,-29.739634,33.6273,-4.578629,27.821478,-19.859741,18.521399,-3.6162705,11.462416,-12.17622,19.201872,-14.067017,24.934752,3.0228977,13.146722,-7.433688,13.008496,5.99228,12.3395605,0.29291284,0.3173013,1680.4409399811932,704.6464939701535,2942.5206184387207,1398.6286952426753,1346.8346432757241,517.7626124708638,23.366166073898462,13.36749075820997,0.11465263366699219,0.05937222566125586,0.12078015,0.10581059,5.94
COVID-19,a5235667-93ea-4420-83cf-0b10ecca7962.webm,-526.94507,148.27264,22.519789,40.15519,-16.465975,31.940588,5.022641,20.687168,-10.023245,20.901968,1.2557911,13.561993,-5.8054624,12.411486,-8.562511,16.848063,-5.5503097,14.137379,-1.246951,7.4251842,-1.734341,7.318911,-3.8543005,9.460874,0.46378276,5.7234216,0.23976164,0.32342872,1352.874704921431,1615.3192810705796,2458.9815875676672,2811.692195198893,990.3634343687601,1094.7924445868043,15.761252795361575,9.64073040453693,0.06833053949311024,0.08489362861912121,0.014034171,0.042887542,5.88
COVID-19,88024607-e701-4a54-adeb-c4c1ecc282f4.webm,-448.96304,153.23909,27.77909,45.498585,-7.3954816,22.595255,13.466578,23.3757,-6.574682,17.44302,8.284795,16.081821,-4.4814286,11.896751,-0.08629985,10.599967,-4.886185,10.737217,-1.3150029,6.310053,-0.37191772,7.3676476,-5.2098174,9.776448,1.6743617,6.330635,0.4681797,0.31674778,2576.717807316993,1125.7910549055787,5101.378236199817,1915.1691201105305,2213.9694046754444,744.6135021329158,18.458468148280804,12.636205413753457,0.1553625399178832,0.09939449758714113,0.022160627,0.05666954,9.54
COVID-19,5b5fb2f4-900a-4023-b4fd-c55b66dc065b.webm,-346.95795,177.55685,19.364431,45.66379,-38.80594,47.33887,21.726936,29.939573,-27.106968,30.480057,6.357334,22.46828,-14.239627,18.994278,-5.7243204,16.032232,5.477503,15.607346,-7.2681346,12.422705,-0.048266005,9.620529,-4.233578,10.414117,-4.09557,8.0098715,0.4177984,0.30916962,3047.112646178618,862.9795143945374,5018.315497978584,1113.2893500102896,1845.5752754434984,532.1262994659457,20.984555574837152,13.564397473986766,0.2548793979458042,0.12064128164326916,0.06487822,0.131812,9.96
COVID-19,7eb443fd-ec2a-49e4-b388-8c5dc87cbdcb.webm,-428.95447,140.01947,33.719193,48.075607,-12.969165,29.260416,3.5082269,21.685873,-9.529621,22.433949,2.6982858,19.962574,-12.452139,16.486504,-3.57404,11.759336,-2.741769,11.902123,-5.1930075,11.121748,-0.79250276,8.187636,3.7963517,13.596456,5.2301908,9.741525,0.3201236,0.32708165,2256.5138880489203,1356.9950296921188,3901.80098868213,2185.5310934224503,1613.487691892466,793.000464089003,21.605958623773613,12.489137177388377,0.1653676909307876,0.12491979781285316,0.029953863,0.07870129,9.72
COVID-19,3d74c62a-40cb-4f3f-8851-d3aae9e44b48.webm,-436.54782,156.21,42.193855,63.41011,-18.164387,40.879814,9.712599,20.34394,-2.8066072,17.323046,2.2455297,10.67159,-10.736122,18.059805,-3.870243,13.5576515,-2.5421941,9.223427,-8.678789,14.690789,-2.242496,8.3290825,-6.3164477,12.745892,0.9441685,7.405496,0.24149935,0.326641,1296.0807146123286,1525.115384799716,2181.1948614605403,2490.0644650432955,936.7911987901015,948.0672885719529,15.566537137557532,10.889690460556906,0.07297115002648305,0.09495574185183084,0.03258748,0.06301258,5.46
COVID-19,ce40512b-6a1f-4a2f-9b74-4bcf246d0edb.webm,-561.15283,120.8758,37.494194,43.55373,6.485545,28.914085,4.20921,18.648823,-5.17814,19.891216,-1.7413927,14.831819,-6.7024527,12.787205,-3.1889327,9.498645,-5.8499084,10.963383,-4.1369185,10.149553,-2.753722,10.873056,-5.3940024,8.295109,-3.0038705,7.165853,0.3279438,0.32875198,1776.6005625348585,902.6562391746957,3346.9656890293336,1966.0283853226795,1953.6116597310663,577.2290624204135,20.05050417280689,10.52826938516498,0.10591557340801887,0.07305348375122102,0.009769483,0.03398786,9.84
COVID-19,228ad3b2-42cd-4f83-bd60-345ea42c5f34.webm,-465.4047,98.00376,17.345716,45.031487,6.174007,22.537622,5.554449,15.081713,-1.653452,13.388361,2.298967,8.8093815,-4.0731225,12.983266,2.8345919,10.336699,-2.0855644,7.1921105,-0.8005219,4.7749925,-1.8571894,6.1265626,-3.6619399,9.533009,0.81907713,5.5647383,0.07984458,0.22388104,279.35962197181954,659.1104299465575,611.4000944164692,1572.6623867200651,396.3854963456734,839.4682597736007,18.279930924890323,6.923654190159873,0.010149770438388626,0.030189141879605273,0.028701447,0.08629225,9.78
COVID-19,b392ae80-f91a-4a78-bad3-2e8a8c8130d2.webm,-315.81635,227.60999,47.48046,53.233482,-20.53732,33.461086,30.908388,32.38715,-28.190197,30.473011,12.914805,21.23086,-19.008665,20.70745,-0.9409234,12.921169,-15.525519,16.815336,1.1008646,11.147497,1.8146769,7.539834,-12.478126,13.678853,5.4548903,7.3450804,0.4360791,0.34771588,2269.432511848295,1443.478919219372,4261.594154094828,2491.8794403282145,1783.2945640892967,908.4183443139275,18.71016981215877,14.930887783757214,0.1578738625478927,0.1330316486171293,0.1113235,0.1638054,6.06
COVID-19,a41a84b6-f192-4b79-bb08-e47285cf8a4e.webm,-447.16193,114.99213,46.89467,72.96816,1.5207638,25.472511,-10.57661,24.518866,-4.6717916,14.605664,6.13584,14.55489,-7.60778,14.300024,-2.820468,11.766147,-8.56143,15.145055,-2.800701,8.85552,-7.195018,12.255951,-8.575361,13.481412,-0.9542332,10.794376,0.27258763,0.34860173,1322.1476019829247,1349.0883330708168,2727.86070625737,2811.45321405341,1277.4776032903953,1142.8537667308412,17.277469881325427,12.140490032532743,0.07382835532134434,0.08721237296798191,0.038710333,0.0850714,9.84
COVID-19,b3add103-8854-4aba-8448-18361df4dac2.webm,-360.4607,199.50156,69.838486,69.5755,-26.019087,45.742153,9.400223,22.755465,-26.182001,29.233427,2.8193493,16.90652,-10.475283,14.987764,-9.846,14.345816,-13.894338,15.38352,-9.144903,10.830165,-5.533043,9.443957,-9.47876,12.886298,2.7801068,8.264093,0.3629454,0.34127071,1665.4223902881938,1277.1060073376902,3131.397178613744,2320.649293723456,1447.274330133389,869.9665803433659,19.314291141968862,12.880698334911433,0.0966739021771327,0.07937613499691974,0.06714024,0.09875093,9.78
COVID-19,764d2729-f572-490a-8f22-1397e2e19906.webm,-480.89893,141.09741,31.454496,53.314598,-7.858404,23.955896,10.184314,20.213732,-5.8592157,20.27659,0.5184676,13.021537,-8.210426,12.702818,-4.271848,10.347099,-6.159654,13.205151,-2.0365937,7.6217394,-1.0654712,5.957975,-4.051763,11.014653,-0.8244545,6.0792594,0.26059347,0.3302764,1509.4564945202033,1742.1573416251774,2590.202794040871,2858.4238064336805,1089.7312216493476,1050.0390474856638,16.627935241902858,11.061451847263212,0.09354489856801909,0.1210390180831015,0.017799448,0.042310514,9.72
COVID-19,cb3817bb-f344-4376-b3b2-4c9be6356ca8.webm,-271.38586,201.7763,83.83916,43.918556,-19.53121,39.965763,40.38761,32.423126,-22.639715,36.00097,2.1746097,22.266064,-22.511751,21.213902,-12.026137,19.39829,-12.659853,15.74047,-6.944286,12.440364,-8.8852415,14.43933,-11.033303,11.806312,-1.1072477,12.880129,0.3111844,0.32310194,1925.5049663799855,917.942594113394,3697.2369025735293,1530.3326651369566,1582.354947923398,527.1309263083183,22.936569539347797,13.675654518798247,0.12769671670751634,0.09001396486690226,0.1411048,0.18477027,3.54
COVID-19,d70f7518-e3e8-46f3-a4fe-fa43363f16ca.webm,-313.17218,169.93236,104.37213,64.8103,-11.818649,25.919582,26.07155,25.49529,-18.712,27.600664,3.236451,21.958029,-34.34744,26.434301,-14.589948,17.662815,-9.126223,12.000641,-1.5651828,15.642755,-9.488477,11.624195,-18.79522,16.803999,0.40473476,13.969867,0.4040757,0.32031357,1934.8301279568689,1021.6323242289243,3760.741945776609,1856.0747154343057,1787.6816830258942,572.6493129282838,22.85183791478296,14.344218669264647,0.16807994275990099,0.17283962451919715,0.10195005,0.098903194,2.34
COVID-19,d76b3fef-c934-42ac-b499-31cfc717079d.webm,-315.7578,225.12727,75.55252,72.18425,-20.630085,34.7195,18.62874,24.518164,-17.488863,26.508862,22.3347,20.929224,-26.73748,26.671747,1.4147118,12.388396,-10.959742,12.966135,-8.517568,9.762856,3.2432046,10.634541,-11.623873,12.365855,2.9106424,7.4739103,0.49352482,0.2963199,2750.6108466029573,1283.0270160869932,5215.253000161082,2113.230606227038,2199.7968746017605,542.4081210351402,20.190156805749723,14.090981228920645,0.2876379268685567,0.24403331213217583,0.12727614,0.17902908,4.5
COVID-19,daf72e17-3529-4037-8fee-3852396f059b.webm,-539.15,186.57329,42.494434,65.28014,-12.47736,30.81722,15.594779,28.389544,-10.512111,22.437946,4.334121,12.535331,-13.062391,23.255402,-2.9535675,9.438529,-3.731272,11.880154,-3.169335,8.466574,1.9417886,6.511878,-4.4952626,8.546094,1.6443976,6.84495,0.24441211,0.33010063,1082.359534637342,1413.289796584217,2068.019579277664,2519.4526741913432,911.8370397394538,1035.362297786784,12.998467049677348,12.04356609998319,0.062163806352459015,0.08782859143321697,0.014047353,0.02687285,9.9
COVID-19,906c93d3-6615-478b-a7a1-803a5a15d360.webm,-466.6427,175.37378,54.796463,66.46644,-11.44245,29.220966,10.753279,21.944254,-8.128773,17.830853,2.5974727,12.354133,-3.7131371,12.373949,-5.71262,13.202972,-7.1726847,12.437407,0.839714,7.6968765,-1.2504731,8.034866,-2.006135,7.24108,-0.4640856,5.7982817,0.38719848,0.31295267,2130.6477426864726,716.0718960422312,4380.973040471312,1661.5542553174005,2108.516540791474,599.4201771973514,19.699649144422537,11.484836875427296,0.13262153286007025,0.06295271001921598,0.02821837,0.06723444,9.9
COVID-19,29633954-458e-4af1-b4a7-b775ef9ce11e.webm,-323.4684,133.37971,124.89332,40.184105,29.01428,59.18015,50.39439,23.210327,-7.2459927,28.081175,15.076658,17.990946,-13.636446,18.110142,-1.314992,12.2623205,1.6251675,17.106953,-7.94521,12.168504,1.2209072,9.725606,-3.7805588,8.455518,-2.254597,9.401843,0.522548,0.2810086,1301.9375767949552,819.0807845177562,2610.3641752029835,1921.7885553820793,1542.7516109457843,523.5966353143378,21.69257353714953,14.478384030214466,0.07935381655966767,0.06570226099054291,0.05920879,0.06569864,7.68
COVID-19,863527af-d101-4596-8825-428394f0d6c2.webm,-429.63672,156.8398,57.04947,47.144924,-22.820402,38.67962,6.422953,29.721876,-18.4579,28.286295,5.385635,13.929284,-13.1396,19.939415,-10.866333,15.170872,-11.171136,11.6658,-7.7441163,13.60194,-5.525359,11.517385,-11.267927,10.9735365,-1.3312578,8.836392,0.3765393,0.31562153,2289.855687901752,798.6083038319479,4257.4432373046875,1513.8171847552705,1829.5650159207482,424.27998553970735,21.76608764141682,14.30581948987807,0.16926518192997686,0.08425618693162332,0.024273492,0.051166102,10.02
COVID-19,eeae6f7f-bebd-4d8f-9748-d7a59f7628d6.webm,-456.86176,173.64442,37.80141,59.078747,-21.738747,42.662888,9.953978,26.638067,-12.000728,25.0818,0.27262148,16.931028,-1.2554842,14.156115,-2.7813036,9.245616,-6.6689997,12.094094,-5.315426,10.526094,-1.05185,8.457101,-7.2889576,12.394298,0.7628705,7.4049225,0.32019827,0.3561051,1597.8141870060892,1439.2312744120193,2966.8081607458726,2598.8011297248113,1279.7743601017087,1069.6250254992146,15.515535995597052,11.310672288490851,0.09614534198113207,0.09613150471092614,0.03722033,0.06947706,9.84
COVID-19,48834369-72f5-4bbb-847c-5636af5a6882.webm,-459.19998,175.90407,32.514023,49.04566,-19.055298,28.21136,7.013503,17.002901,-13.286213,25.98828,22.821417,28.37565,-3.8115814,17.117983,-1.5533376,11.817907,-14.628013,18.928448,-9.537262,11.600908,2.9427626,6.986993,-0.21293592,6.993497,0.55323535,6.044423,0.4080494,0.31263602,3137.4301834848866,844.0319784076436,5952.289119429653,1364.2283188556346,2392.7278623634916,531.6385995804767,20.80876991584905,13.522098682896335,0.3278688165639013,0.20330316813555152,0.030401243,0.06841652,5.16
COVID-19,bf080719-ad74-492e-bee8-3ff04468dc6c.webm,-600.3582,99.85987,11.107622,35.25159,0.066584535,12.875135,3.5639825,12.303587,-5.5372696,19.798908,2.6205637,10.887513,-3.6784506,12.892873,-2.1053927,8.085781,-0.24438581,4.827889,-1.9076269,8.846961,-0.44783986,3.530893,-1.346994,4.5953875,-1.2860606,4.1516056,0.07344209,0.20805536,425.75771363121993,1108.7505678936716,793.4528278854658,2050.102561688871,342.37037447950195,822.9100722251562,14.078744886118612,6.304893397157198,0.02712379311615566,0.07644342468869518,0.0049034674,0.019007308,9.84
COVID-19,568c58f5-3a30-4166-bc06-b65f06bfcc51.webm,-493.27606,125.44243,63.919724,39.860416,6.2574444,28.66216,12.384678,25.972155,3.7185464,19.977818,9.428761,11.876146,-3.9500632,17.49322,-1.2216347,12.540959,-6.894042,11.65198,-0.16651942,9.230207,0.6041957,12.244375,-4.261368,13.057856,-4.6494923,7.6372833,0.33734363,0.32417056,1853.5743578389672,697.354875931467,3650.004002305328,1426.2458518968165,1835.254193319835,399.79554890404506,21.237491272172953,11.36137559356875,0.10127662104800937,0.062120278571797055,0.016614048,0.04922297,9.9
COVID-19,ad19a44f-e512-46ec-980a-2eead07d68c1.webm,-429.67648,164.2992,48.45488,46.86695,0.38613242,29.588818,18.251291,26.174547,-26.01624,30.418236,4.392343,18.92927,-23.578642,24.935602,-10.525863,12.842266,-18.506699,20.516876,-5.197593,11.528504,-4.3443394,11.862519,-5.327175,11.99072,0.67267746,10.788239,0.35642067,0.30928698,2854.2838387706324,1096.7993842654014,5199.001895680147,1545.8580899918813,2098.7979985239435,362.7763359350039,23.101442380862128,15.48211607841532,0.2216778923483456,0.1298638911557416,0.032957274,0.056596737,6.3
COVID-19,5a783d35-fd85-43d7-9ae7-22db4f523269.webm,-495.14752,168.57274,32.52252,59.208885,-7.402692,33.825138,7.796718,15.619283,-5.1692934,18.473068,6.152716,15.502437,-5.919533,11.545581,-5.800518,13.35353,-7.002218,14.181258,-8.804245,15.542815,-4.455271,8.38834,-5.739463,10.537285,-2.5177243,6.4190855,0.12647045,0.25417113,498.64854899049163,947.7014641967908,923.1301134965552,1876.219337671897,499.28219057375594,809.8288319663116,14.696996596530603,8.885895553327115,0.02465243602362205,0.04572977184373768,0.028864669,0.06896717,2.94
COVID-19,c54e2543-7e25-4a57-83fe-6b227220d00c.webm,-449.28607,136.36986,45.30607,76.75894,1.9281892,27.874111,2.9305594,19.575972,-11.997431,24.455221,2.2417836,12.679247,0.20942377,14.059033,-9.046225,17.287405,-6.687804,16.782278,-5.668049,13.789554,-7.0403867,14.155276,-4.687466,9.503359,0.12887758,7.27745,0.18229467,0.30970213,684.3222973018633,1102.123928355643,1216.7016201331967,1898.8184536811139,627.8666512796519,861.8660876058298,17.68716505043682,8.790671437279045,0.04710827722482436,0.07698726696801113,0.04709679,0.08394494,9.9
COVID-19,37973b58-b7bf-48f3-8c3c-8e023331ce88.webm,-405.2051,123.69536,66.06844,62.92742,-9.98832,28.204176,-5.236753,22.883713,-9.711995,24.170813,-2.9049654,15.120287,-14.600107,17.680265,-5.943343,15.602962,-8.3194475,10.536829,-9.42613,20.806166,2.5874145,11.083348,-1.4925655,9.42143,-2.8187487,9.505906,0.3520348,0.31432018,1912.0016049319254,860.1456251056068,3614.4547948297463,1770.4091212301405,1683.204875851391,564.1976815412556,21.623090071354184,12.510690694046845,0.11935136903007075,0.07420314111957269,0.037320774,0.07706917,9.84
COVID-19,35ee826c-b4e1-40ae-9873-7df156071b7b.webm,-391.37027,182.39014,69.22304,58.023052,-14.958457,33.91725,9.402053,23.094429,-26.896448,28.14655,10.111477,26.54769,-19.7196,17.115488,-18.34418,17.613337,-7.8866043,12.159297,2.6704085,12.738414,-0.486717,10.484559,-17.09899,18.029905,4.940453,11.028583,0.35108212,0.3181844,2089.742134582703,756.7799636126903,4171.036917264344,1485.068837641878,1904.9055235457852,373.9031048168155,22.602714585108888,13.88903493172521,0.13294514783372366,0.0751865072361863,0.04636686,0.07271833,9.9
COVID-19,d5b05c83-3dab-4fc9-8db7-9f46bcb06cac.webm,-415.3713,211.16788,53.058617,62.308548,-57.06967,56.28994,14.673285,24.26394,1.6729054,20.381096,-12.104829,21.294,-15.627243,23.338888,-6.559887,12.779617,-10.474516,12.32234,-7.0803957,12.949013,-3.0178905,11.8719635,-9.094781,13.985823,-0.49777144,10.607527,0.50590336,0.2899442,2524.638510820185,579.2098577046469,3970.8933156687062,1053.4136478947667,1613.2250373040185,377.440276162088,20.781230082105232,12.276992654522356,0.19996084644522144,0.05029207411550078,0.05008613,0.07680983,9.96
COVID-19,e6dfe942-2d7a-4fb5-8273-6e1a3a82cc37.webm,-488.09647,189.11731,19.156183,55.58154,-12.184949,28.803282,18.81373,26.549082,-15.76438,24.074955,16.664076,23.687902,-10.178128,17.90627,0.1558893,7.890142,-6.402338,15.292081,1.9030132,8.407768,4.0859566,8.353597,-7.1958904,11.303043,5.116974,8.582199,0.53176737,0.2879624,3310.9681006411292,1053.9086315557506,6050.296826632518,1303.1876658746683,2361.3345927681157,627.648865538977,19.383291381773763,13.548293799670363,0.4172052347435142,0.20730434599182546,0.029807001,0.07190398,9.84
COVID-19,dc17e768-40f6-462e-99ad-80292586ac3a.webm,-383.61786,164.25076,68.98194,76.4586,-12.5223,30.052593,6.3895144,16.256365,-10.107207,18.362904,1.1639727,15.895574,5.8384914,10.514754,-7.057728,13.154956,-11.2987795,15.500928,-6.524968,10.38904,-8.164886,12.192001,-4.897953,11.127215,-6.1493235,10.296518,0.4900847,0.31604248,2616.610166994829,1456.8720394419424,4664.193824520729,2560.2686966721276,2017.9491982975671,801.6816737882984,20.00789325316114,11.03376171718245,0.2600578631546135,0.20269313597965408,0.054247573,0.08139598,9.3
COVID-19,3e4f0ebc-7100-48a8-b164-4d90b8dee8db.webm,-493.67004,145.64095,29.873077,45.23646,-8.21526,23.351862,0.7753533,9.955415,-11.101147,24.415125,11.335584,23.577793,-6.1582823,12.156551,-10.64746,16.714256,-7.0270433,9.413387,-3.3528001,8.839465,-3.858255,8.704345,-4.216754,8.496572,-2.470457,7.1951165,0.46338633,0.2718564,2281.4870463205766,529.1114654310018,4947.096241303604,1180.9313703589796,2340.403918753491,467.2435112722669,19.664452582906602,11.304379046608009,0.16935161952554745,0.08711478309602572,0.015155954,0.04229026,6.36
COVID-19,2617553e-8579-457f-97c7-fa0446bf1d2d.webm,-372.99966,190.34702,41.938076,59.35388,-13.334362,27.444954,16.08965,26.982275,-14.388861,25.367107,5.605762,14.852527,-4.742785,12.177822,-4.077552,10.545235,-10.072529,15.702595,-0.836974,10.471674,-1.7471386,6.743112,-7.569004,13.587098,2.8960326,7.864972,0.26764983,0.33285657,1386.1835416039685,1462.9159656919464,2641.535131970822,2627.6071558399076,1163.181185581881,1054.4257099235574,16.49329240484085,11.801168784672205,0.06916328556629835,0.08153478134650231,0.07473321,0.13531233,8.4
COVID-19,139d0f69-4c1c-416c-933e-ab45ea42ff93.webm,-462.33636,96.4209,43.11378,53.148792,15.604199,20.50735,11.599983,20.220253,-0.7574192,16.59357,2.1897378,13.203788,-0.15587907,13.233188,-4.7980676,9.806642,-3.7886715,8.548895,-2.7038317,7.308573,-1.9343679,7.6261168,-1.4149084,6.7276073,-0.63913983,6.652493,0.4236183,0.31784326,1884.0875889532156,736.6062656897428,3879.2040215163934,1571.154737761289,1830.4503231733356,412.38565591109125,20.17612868235235,11.921460031606347,0.11734987924473068,0.05852724911071801,0.018834705,0.050695132,9.9
COVID-19,d6a6c83f-7e5d-48fd-823e-34794b28629a.webm,-406.87485,125.07782,31.979729,42.50915,-4.9422054,28.593218,13.613776,17.806158,-14.455125,23.657818,11.634965,16.853258,-12.707998,18.181902,1.506442,11.952643,-2.0748565,10.021345,-6.6790442,9.226519,-4.4203067,8.580207,-11.496998,10.071752,-4.2066736,9.005328,0.4115673,0.29801047,2927.2332909465854,958.5076221483015,5533.931150029621,1201.773742454594,2225.3548085247653,357.8557351520067,22.646843050540113,15.314842807631301,0.21376883701125593,0.11606965054840451,0.023422146,0.06719742,9.78
COVID-19,0f8d80f9-700e-4069-924d-e15f29d7c19a.webm,-444.52383,213.30476,67.056076,73.53698,-8.251357,33.306576,11.643546,26.254519,-13.285118,22.452217,16.07837,21.16185,-13.229698,19.192198,2.8068602,14.045225,-2.7085571,12.496469,-3.7906733,9.663064,-1.3876175,9.779887,-3.2221994,8.746334,-2.5166998,7.5369573,0.47309646,0.3159114,1809.0406945768143,1184.7140521206836,3829.8249897203946,2469.4254445772776,1814.7540569786215,918.1020892607454,17.90031085062078,13.370328419355351,0.09610859831871345,0.07549145543685619,0.045386676,0.07506244,3.96
COVID-19,c9c4445b-fbd3-4f4d-9ca2-282a669d79c4.webm,-449.11703,191.3116,40.66562,55.56331,-25.514717,33.47001,4.1539574,18.394615,-23.451517,30.112541,9.965887,20.226528,-8.163836,16.866028,3.07635,16.893211,-23.027977,26.973703,-4.1137133,13.033649,1.4038615,9.508874,-5.220068,10.662169,0.6790042,8.099105,0.3045215,0.33168748,2168.2582156326766,1680.2086641367016,4017.6437090028007,2957.2829858012874,1518.322402784586,1026.5819150343648,18.029895829255434,14.672521872785211,0.1359287477889151,0.11573538178557599,0.02776494,0.04805026,9.84
COVID-19,b95b4d94-e665-41d0-bd0e-4fb9d4684e65.webm,-449.7634,145.77118,15.770069,43.84243,0.6176381,13.133622,2.0305595,6.334893,3.5920467,11.034251,1.6573594,9.767882,-1.0925322,9.863461,-0.23836231,4.1523123,-0.9637529,5.489176,-1.3383323,4.311158,-1.1522694,4.9879584,-0.9327862,3.690808,-1.001887,3.3969212,0.51382977,0.27258736,3216.987391460811,1116.4309060363512,6533.244557624315,1842.0857440102777,2788.3724113052217,446.0801716610141,19.587190596449823,10.382886899653906,0.18402144160583941,0.08724059405765097,0.025688147,0.0711282,6.36
COVID-19,3bc2b14b-0b81-40bc-b6db-6f8864ede96a.webm,-389.64578,199.11282,78.19185,60.488644,-8.763478,42.893124,6.4544873,18.082369,-16.716387,29.167944,4.849659,14.009231,-14.877357,18.430187,-5.93314,9.943586,-17.055735,16.399786,-7.4407244,9.4166155,-3.8488703,10.285642,-3.2141542,10.537564,-2.5977201,7.097241,0.36254957,0.33972442,1692.609767259673,921.1527735445171,3509.6537109375,2035.6399487146152,1737.0524240821787,767.8196350997486,20.86465536415265,13.200738566201148,0.0805234375,0.06378067224176404,0.062842585,0.10530268,2.88
COVID-19,b74176fe-cc78-4daa-8541-10ba8968439d.webm,-498.9266,175.5526,29.031277,48.824394,-5.3580484,21.72588,1.5571978,14.640952,-15.452803,28.614168,7.4682407,20.632229,-11.774806,25.055653,2.4591177,9.682089,-3.170636,13.162709,-2.1619012,7.879796,2.338421,7.2842364,-6.4733624,12.038165,0.69561195,5.9175982,0.5064912,0.308039,2734.47737600531,1023.4857784469093,5427.257339597687,1898.3355372290782,2334.5336080478546,707.7929047657242,17.48120693438523,12.167265658795312,0.1833015501968504,0.1032094298049154,0.025657488,0.06876807,5.88
COVID-19,47b47be2-59eb-4ae8-b0ca-e4180f04896c.webm,-272.17142,161.60057,51.02486,43.985023,-27.463854,36.628593,14.784132,27.581614,-35.75032,30.610823,16.155952,25.281633,-24.850254,21.041391,2.118003,14.587245,-18.696331,16.530588,-4.5224795,11.923304,-3.4786255,11.124949,-6.9840965,12.06782,1.8676969,10.899098,0.3958729,0.31806695,3001.288185141512,1066.8687810984682,5346.5029296875,1442.0678809169763,2045.1132076925267,319.71609476965875,23.560893088658464,16.95303737715225,0.24074652777777777,0.12270646937312947,0.06656862,0.08967906,5.22
COVID-19,7e3d9f84-ec39-4775-919b-fdab4aaac541.webm,-503.2517,157.53719,38.57452,50.70555,2.4219885,15.913508,12.047408,28.156193,-4.8058686,22.626966,10.954145,16.461555,3.009411,8.861597,3.0087926,8.80229,-0.25075477,10.603233,2.5182338,8.573087,4.1655664,6.3093047,-2.1634743,8.363732,-2.8906007,7.430963,0.52595127,0.307031,2090.747940456765,993.0647146377477,4382.5334631878395,1920.4447715913618,2214.287615738587,570.6567478605132,18.20277874139597,10.452271714619393,0.18689230213994565,0.20974818172380982,0.023840673,0.060926598,4.26
COVID-19,31b8dc8d-3fbd-4e0c-bbae-def12bc16ea2.webm,-400.3151,156.90265,51.53077,67.96085,-22.528957,33.3619,8.657254,20.0414,-13.105876,18.991938,3.5067158,15.575143,-20.147913,23.519823,-1.3639327,16.141745,-6.197283,15.754812,-5.57065,20.240955,1.2872249,14.201573,-1.8280035,10.717429,4.064261,16.434887,0.36282834,0.3271205,2118.34280868697,1324.858912827895,3905.0842591865576,2276.0955879700105,1641.9133707146773,764.3564041890952,21.75796441543675,14.313757934791646,0.15239036981783918,0.12142271484977189,0.03924253,0.0680364,4.62
COVID-19,563ae851-f40b-490c-99c9-1acf9c269a3c.webm,-399.83228,183.12515,54.456413,58.73329,-23.372952,52.843296,29.533772,28.26557,-32.32972,31.328299,12.930548,21.022602,-9.569853,16.740232,-4.1391025,11.177642,-5.3322196,10.984995,-8.7304945,8.584622,-1.6545143,7.453238,-12.352757,10.213558,-5.6779404,9.342545,0.4517516,0.30533898,2688.871193190865,1196.5378499438611,4662.340028135926,1593.0190800301582,1865.098394292469,470.0079939138775,21.341621652032565,14.578902446483333,0.2193794161567599,0.1538626880448192,0.028132623,0.04909128,9.96
COVID-19,f6b69caf-5df4-40cf-9450-2c477c8090ff.webm,-310.10397,168.13277,39.810104,68.22494,-53.32835,57.807518,22.469639,30.867096,-55.004623,48.924946,13.858901,30.103443,-11.4368515,17.80259,-17.260485,18.184063,-2.1580684,18.349707,-1.0358014,17.30785,4.23048,18.198206,-11.308039,17.553518,-4.411765,15.754094,0.3729168,0.3275696,2923.5721119186333,1048.9685154279073,4878.951867508562,1151.3848374534955,1726.0386033535533,424.20851509871915,23.58211864849444,14.617968400315126,0.234009792380137,0.11463332466858532,0.08799054,0.09428916,8.46
COVID-19,c2311c02-9841-47a0-954a-ff8bbfbd84ba.webm,-507.7466,173.96362,43.347828,49.68249,-16.254826,28.93617,-2.494241,20.466228,-26.181034,27.748325,5.0479045,16.08996,-13.293254,16.759874,-3.6454244,12.151962,-6.6160426,17.970207,1.6897564,10.75746,-2.5931218,9.26074,-2.0870922,8.53233,-2.540437,9.100028,0.40993,0.29309323,2871.9772998239855,751.672448309113,5298.371688179348,1141.2654396142213,2138.6722877244515,356.33959316322785,21.0216363384343,13.79438868330095,0.23701960403726707,0.0973396818306158,0.017267223,0.040144153,3.72
COVID-19,f6205ed8-a1cc-4685-aadc-c5bf8cc87490.webm,-604.69165,154.17607,49.220993,40.88386,0.91234446,22.168865,15.137173,23.592234,-13.653368,25.016045,5.2307186,13.944562,-5.6691813,12.861566,0.7097132,13.412131,-13.281345,17.836172,-2.963806,12.145318,-4.677502,10.507426,-9.34573,12.316429,-6.0636373,8.599959,0.47723615,0.30781826,2745.9878039773416,974.2087813118728,5485.8327229817705,1503.7911828675012,2348.8024604061357,453.1895006399429,20.522408005361758,14.065846219147756,0.21674601236979166,0.143982684037789,0.0041357605,0.008420497,10.02
COVID-19,9d36ff56-6dbe-46ca-9d0d-c407e26436b7.webm,-397.63937,141.10803,54.196545,53.107285,3.0936966,25.216503,11.2889595,20.509752,-2.428581,12.726838,14.482729,22.254736,-8.668715,16.172722,-4.7581916,13.794232,-1.6777235,8.972649,-0.637287,7.166359,-2.8716013,7.017239,-8.688053,8.121242,-4.400214,7.2959447,0.37409,0.32777008,1621.748355993208,638.5466891106748,3450.181817289573,1636.2367520644862,1849.394651129678,459.28099217160343,20.635388467593224,13.408319088685282,0.08616814541457286,0.04181852476258124,0.039763194,0.0821166,4.62
COVID-19,f7a10fb3-b805-4ed0-8a93-9b0851efe78e.webm,-430.01285,171.23419,82.98916,65.75862,-23.869612,58.06824,2.5170233,33.131886,-10.742469,27.871351,-5.378683,16.144985,-15.417321,17.934528,-9.211682,15.89171,-7.295067,14.249392,-15.344935,13.884751,-10.287536,12.162033,-9.455983,13.49955,-7.7123375,11.334668,0.34999973,0.3140048,1647.8529472133428,809.3434094339351,2951.2014570027372,1664.7502939079432,1419.0194179756304,627.2586343944769,21.256932338852664,11.118568206412228,0.10899007755474452,0.06423192706887275,0.04334479,0.0666557,9.54
COVID-19,16f9b161-86c6-4af1-99cb-0ab327f10fed.webm,-370.6392,149.14459,62.58196,49.229733,-20.240616,31.935562,4.5489225,20.353733,-18.519304,20.984999,1.3646328,16.870266,-7.923819,12.333439,-7.298205,13.638341,-18.542143,16.556074,4.783912,13.488547,8.756297,17.009233,-9.306308,11.590149,3.307311,10.60991,0.3412005,0.32133827,2074.941629215833,629.3681205166711,3913.369700947746,1189.0137237644738,1758.0736226990489,314.60059661981944,23.01546382838986,14.025845224083458,0.1354311512002342,0.06071705995605985,0.037947938,0.05906486,9.9
COVID-19,65e99746-4a0c-4496-8cb0-e234ed1fa93b.webm,-483.734,151.88855,39.857693,64.116196,-21.908102,40.96519,-4.0697,12.119343,0.28023347,9.450086,1.2037115,7.257979,-8.080812,13.066264,-8.377837,12.772949,-6.8687706,13.375445,-4.7312245,11.146359,-1.4536988,6.1968517,-3.2073817,7.6051764,-0.70222545,6.2941637,0.4327473,0.29091024,1907.4812028395881,348.3740170033959,3269.8727589733194,905.1309511016301,1697.342318387789,447.2464434817771,19.653378591616324,11.243993037867813,0.12247222324587265,0.023008605656564894,0.025904829,0.06080473,9.84
COVID-19,731cbe07-5754-46cf-bb5c-873a670cd5d7.webm,-374.7376,188.11371,57.03301,56.82174,-18.951717,45.25283,19.815397,26.979445,-8.761714,25.330761,0.3585791,19.850807,-14.256447,22.607533,-7.8764043,15.978898,-5.648729,11.698379,-8.553976,14.991911,-3.2232013,11.326038,-5.651475,12.434334,-1.1027893,12.214435,0.3952634,0.30701238,1728.8008739573834,733.7768290728837,3322.639263800855,1644.3121612802781,1711.9498802538042,572.3349350441101,21.493312055979697,11.163718727052558,0.1141357421875,0.06888839759713226,0.071144,0.1176143,9.84
COVID-19,28757e31-b8f6-408c-982e-a016170ab3ef.webm,-397.5848,179.91275,50.520454,46.574947,-20.405066,39.446663,27.18333,30.63726,-10.954594,20.845572,0.64910996,14.144973,-6.3739877,17.380161,-0.4726858,9.107372,-6.7999578,10.80306,-7.450692,7.6142573,-6.040429,7.8430476,-5.6304345,7.4681654,1.3579674,7.931522,0.41318205,0.2988358,2258.8205677028204,653.2464842652363,4273.935229157748,1139.4938666820285,1894.4500473428004,429.89847439764344,20.95241926112931,13.220553355419067,0.1517333984375,0.07076879904299546,0.03577445,0.07213341,6.78
COVID-19,21aee478-6d13-45ea-be4d-4f29fd244798.webm,-504.59427,163.57243,26.716673,49.09836,-15.628838,38.10419,9.373889,21.438347,-9.58978,25.234125,4.525805,12.979358,-4.18317,13.344397,-3.7852132,9.922174,-3.669111,12.973266,-0.85088855,6.0424294,-3.6416793,9.2395525,-4.0223775,10.146992,2.2146811,7.6886744,0.48110506,0.3292773,2793.966799668974,909.6158411910692,5436.755571209016,1813.8556743746324,2315.5634069888442,626.5046701862568,18.924311069817332,11.322740026284805,0.4165267765661593,0.27960046844280845,0.017170874,0.045085993,9.9
COVID-19,beb10920-1bf0-42af-ada7-b73e73919bfa.webm,-377.90686,164.54985,47.364468,49.95937,-25.452148,40.84706,28.169859,26.065243,-38.79215,35.226463,11.830694,20.351955,-19.001379,21.83833,-19.260868,16.880093,6.8653274,13.82817,-13.1183605,11.843522,-4.033722,9.762941,-8.538251,10.820028,-2.4493244,11.913274,0.37845653,0.31326368,2880.9146330523486,937.3828142964774,4978.6907048515195,909.9878807254325,1919.5909265519276,310.4145592527837,21.564458507489476,14.766698196559572,0.23422932493093923,0.11906442354589135,0.03742582,0.052274868,4.2
COVID-19,9bdf049e-e4db-4781-af48-f09a81dd9af9.webm,-496.386,176.00543,62.6206,68.582184,-11.808443,43.61301,15.18235,26.556068,-14.914337,35.69798,3.3429055,20.4372,-5.7874084,18.631107,-0.3367164,12.244966,-1.6391973,10.431901,-8.092783,14.629828,-5.4463396,13.048073,-2.4792926,10.191437,1.6391326,9.754473,0.33442983,0.3415523,1507.8961789556183,1385.7305114064557,2812.736388292358,2513.490757946804,1295.3408646735231,960.5609096350121,17.80821939568312,12.340037660557217,0.10144795060722749,0.10737141454093158,0.02479975,0.03969107,9.78
COVID-19,09115490-33a9-461c-9437-d7f71be057b0.webm,-508.7109,144.2219,20.0925,45.02795,-7.7083535,21.486353,5.5535345,15.642053,-4.720916,14.343719,4.1862345,12.281854,-6.477993,14.975788,-3.220311,8.724625,-2.0395448,6.497554,0.10752419,3.7659838,-0.7890057,4.8596673,-4.153701,9.91448,0.29251814,4.490156,0.15859777,0.2912924,798.0319502097072,1364.9514188193364,1554.9645034680786,2512.7659748209803,658.3117873711317,1012.029920350051,13.623261903170983,8.713306807749406,0.038054473075775655,0.06966234202411142,0.015892358,0.04707199,9.72
COVID-19,46e84354-e27c-496f-ae99-fb18651aa0fc.webm,-375.37787,165.83904,57.347416,45.87521,-22.643417,52.22522,28.902237,33.19671,-11.940015,27.998175,8.501056,21.184109,-18.288698,25.79712,-13.824536,17.213648,-4.4833736,17.345955,-8.80813,12.894631,2.5342505,13.192877,-6.922081,13.998231,0.07895938,14.395981,0.39163184,0.31478143,2381.590472794196,893.530631247226,4352.366252117847,1361.8103440478026,1774.0200389983775,491.1088039146494,22.025562039519578,13.662886784521495,0.17164262518825302,0.07838152768768603,0.05753564,0.08381063,3.84
COVID-19,c2fc880a-7b05-4c36-affe-5ffe03dbc2b4.webm,-515.2267,196.03836,28.589554,51.558857,-5.0651946,20.91827,13.444829,27.104206,-13.7887945,28.240423,8.245132,17.53486,-9.316825,18.026651,0.27374956,9.203208,-5.0126824,10.868974,2.0274694,6.7128015,1.5224833,5.9635468,-3.4439557,9.634471,0.6846506,4.9864025,0.1892788,0.3081712,1075.8148260083403,1589.2340977711167,2102.028777159335,2899.004430293123,880.2782833712788,1150.4421286387046,11.220426266591845,11.861354373367474,0.05086717073497854,0.0801196420736563,0.026771612,0.06292825,5.4
COVID-19,3f9a82e6-93b5-4d80-b8ae-09d36929d437.webm,-295.3514,186.56508,56.619843,55.577477,-30.364569,38.842136,13.903031,22.439535,-21.569384,25.540241,3.3087494,17.07623,-15.125208,17.798433,-1.6782154,11.004231,-5.827441,10.890454,-4.00862,8.359575,-2.049608,6.513195,-10.162679,9.933974,-1.3966932,5.9337263,0.5116154,0.3140027,2470.1958138191417,1302.5609689940768,4467.501816591381,2051.6077848668733,1818.0975801723425,705.5566333695792,19.449616974658078,14.815409547486814,0.20113600599822276,0.1508020087426594,0.0760457,0.13192487,9.78
COVID-19,4efe63d6-2447-4bab-a6df-8f95ffaf4a7f.webm,-435.598,188.92796,33.151638,36.98343,-24.740202,43.93982,1.2764057,27.338675,-16.713142,29.15457,-13.391653,20.463179,-10.690151,13.624694,-1.1343137,9.720667,2.2853928,9.274593,-4.9170914,11.090552,-6.2874064,11.0951805,-9.434718,11.591715,2.5654202,9.056533,0.44310313,0.31105173,2866.5079148583545,937.7605365225403,5257.410322980183,2039.8785672453312,2257.7815831102857,620.9417031186786,20.28529832326247,11.009484957205974,0.24311880716463416,0.15192979460336742,0.025151806,0.048552487,4.74
COVID-19,182246b0-9f77-4c40-976e-3c9342619819.webm,-368.434,180.92168,73.00221,61.499523,-25.541313,35.734093,13.205215,25.850447,-19.819704,26.425121,21.438503,27.582058,-25.265186,22.649412,-12.877823,14.080408,-7.120754,11.761251,-5.783238,10.700422,3.135036,10.836694,-9.474568,11.459903,0.5787191,10.78791,0.47424936,0.30357483,2347.629131638395,1074.8813865529683,4413.22241611168,1774.128042420824,1886.3627182671337,550.6833609268224,20.838796996603836,14.783723081698819,0.17140044093969556,0.11129171628087302,0.046905454,0.07435675,9.9
COVID-19,4c58cf95-9b2e-4091-adaa-0ac06a355c48.webm,-394.86874,222.16133,49.133003,48.332066,-21.004951,32.787773,21.63789,26.569231,-17.717312,24.92947,15.9509115,22.335682,-26.67622,30.786917,-0.4358868,7.4561768,-11.947185,14.758225,-1.8632913,7.0079327,-3.0826976,9.367335,-10.344187,12.85669,0.34590447,5.1503987,0.49426928,0.28334415,2929.989143111082,777.7796303865778,6048.046517721036,1004.1238518091311,2417.9951107524594,411.3099572840708,21.450343165732,15.274001338710267,0.23629239710365854,0.10311000346963346,0.04413778,0.065374665,4.74
COVID-19,9e144267-bf59-42ee-9a6b-508ba3e138aa.webm,-429.99808,200.11691,42.433113,52.319496,-5.965714,29.589561,18.907356,28.203074,-25.133959,32.123653,23.428806,24.29403,-13.652861,22.75701,6.3412104,13.184782,-11.106867,15.107421,-4.096954,14.800701,4.8322415,9.765157,3.1116712,8.735735,2.9224117,7.5010657,0.4490103,0.30350378,2783.1543328861567,1117.016269752503,5286.47754597214,1537.7726873867073,2218.392175655651,486.28956074322963,20.496634477734034,14.638639616282482,0.2068585089917453,0.11967922542616276,0.038544577,0.07203453,9.84
COVID-19,88eed7b2-404d-4a3e-b18d-4eae00669b78.webm,-475.57193,164.04688,41.840374,58.742313,-15.602674,27.128231,6.067608,18.67572,-10.73368,18.10792,9.462659,17.273684,-1.5763268,14.371163,-3.5607517,14.821622,-18.446909,22.81986,-6.4818034,11.306028,0.046049166,8.166489,-0.89070386,7.5434523,-2.2745152,7.4208755,0.28560528,0.32359922,1753.4240318395669,1519.1993310781545,3228.0641649590166,2813.4485067159367,1380.6704273981813,1034.2448176851667,17.836072953107408,12.99636386536409,0.11173292959601873,0.11968687900265536,0.01940131,0.03806902,9.9
COVID-19,d2a55629-24e2-4460-8a0a-b7065927ee07.webm,-480.89413,166.29196,19.97127,42.702526,-11.398939,29.831547,8.918441,19.608822,-7.7279325,19.465618,4.8614054,13.024751,-8.2656765,18.090698,-1.4516058,4.9727764,-4.6199055,10.666872,-1.4271566,6.1866927,-1.383941,6.4805474,-3.5131578,7.869993,1.4565328,5.5250735,0.29371378,0.3441775,1545.5931124324238,1543.8132057444495,2956.680247822746,2893.4218475389775,1231.7821598754815,1190.17828622275,16.48573111484369,10.79261029142592,0.10221087346311475,0.12220261898843869,0.025023257,0.063911565,9.9
COVID-19,64da4ad6-4280-49a1-bd37-e35efd7837c6.webm,-449.1485,138.57434,18.950127,39.907932,-7.07511,21.713984,0.76186943,12.697815,-6.1534457,16.21071,2.0075388,6.9682603,-4.593846,13.461804,-1.1074387,7.7591248,-6.589041,15.423701,1.9334534,8.651572,-1.9752172,7.877838,-5.04987,11.083091,-0.054265108,5.855611,0.2691708,0.33447284,1960.4325665270812,1938.9929350032667,3431.0072251966785,3258.96080023377,1324.1622387904044,1170.154710130627,16.144964911402166,10.617124519791313,0.14319615930944055,0.17579430655897715,0.02705218,0.07790452,9.96
COVID-19,83c90c0f-3d84-4b60-b422-2b64630d9f7d.webm,-376.87228,205.12958,63.79689,64.59356,-27.488726,40.333286,12.143247,28.243862,-19.523558,27.337578,10.966214,21.51255,-9.66222,17.264917,-5.081808,15.231825,-6.909803,11.345227,-7.2038956,14.996257,-1.313791,9.949342,-7.7317333,13.580444,0.45298305,10.230018,0.38038066,0.345933,1935.4911768864797,1045.0952872438959,3746.1139986300354,1934.7198543023856,1733.019039496327,733.2535127139981,20.01432609433661,13.062232627500515,0.11119390550947868,0.0627809515553189,0.05781244,0.08099944,9.78
COVID-19,43d84d62-8837-479b-bcb6-30effd9ecbc3.webm,-441.72522,154.27159,84.66091,45.6795,6.9431996,28.11976,11.482331,20.81191,-17.136442,26.432678,9.957659,18.32333,1.2904375,18.654427,-5.779082,11.767015,-11.383099,11.430338,-4.4004006,10.29878,-0.84680647,11.62301,-7.5792103,12.586743,-4.008079,8.646972,0.38276178,0.30230805,1634.6985117031927,448.1000476149852,3386.033448972902,1093.987867156738,1654.5462661643694,296.3300596710592,22.224016545470032,12.085893135964296,0.10609361341783216,0.04683532715731409,0.028718734,0.058078706,9.96
COVID-19,88bec0f2-8dbd-44d5-a6c2-de1cf0646737.webm,-406.47314,199.28256,48.845673,69.28193,-7.0209856,27.965689,18.589281,31.17945,-10.948784,22.884214,1.0662721,18.648205,-8.20133,18.245739,2.4557858,13.287668,-9.01717,14.915395,2.1354432,7.1014953,-0.7668171,7.8653364,-5.854274,12.411216,5.3482337,9.291296,0.40626597,0.34833133,1900.100016006338,1402.8185958185557,3532.5799660604507,2541.1581501811997,1627.3116828691504,966.3301644812497,17.428082105237134,12.053499383413593,0.10985756367096018,0.09453665739176598,0.06359867,0.10544563,9.9
COVID-19,105ce805-f854-4572-bea2-d1a48239388f.webm,-499.2323,160.82497,48.42257,45.262337,-19.697945,29.451899,6.0136075,18.37843,-14.466964,20.936304,13.55503,20.952333,-22.31795,23.218933,-11.206647,10.751746,-20.679586,20.092766,-15.277819,19.70397,5.6076393,12.894385,-12.79672,12.329413,-8.307107,11.583714,0.33447692,0.31470343,2479.602609137442,873.8778960288415,4848.195605008107,1528.714621105703,2097.579737126116,532.5627152318067,22.42712855548295,13.708423592917335,0.1877452922317217,0.1311164764523382,0.0133474,0.02127816,9.84
COVID-19,ede17a1c-4ec7-48f3-b4be-fa4f28866a98.webm,-479.9539,145.77621,63.45196,67.53793,-31.302074,38.302563,-12.845761,24.404081,-2.507733,28.457172,0.82591665,15.743531,-8.453243,15.738009,-6.6593804,16.94498,-16.231937,19.615948,-0.6974383,11.20959,0.061007977,8.846457,-13.703201,15.713205,-5.5521035,12.253917,0.3173072,0.3193716,1921.9422816109848,924.472258461254,3258.63862879136,1898.355171275756,1579.238471728669,640.9233037125482,22.147044733373875,11.715500284882392,0.14656156652113972,0.09561645229360308,0.025744166,0.052631732,6.3
COVID-19,814a5c9e-6174-4efa-a378-a990ac566ae2.webm,-491.74323,168.46028,26.784327,39.818798,-14.996555,32.844093,1.6911044,16.469696,-15.588698,29.800982,11.043329,21.030605,-6.298821,17.672895,-2.773398,9.09212,-8.556337,17.48276,-5.880239,11.842635,-2.5770576,10.628595,-5.98859,11.370562,-2.187762,7.207695,0.32441399,0.3374192,2246.383281103419,1709.090356243375,4022.592342601103,2845.7699644599866,1579.9740624820367,1045.273779035609,18.068193528240396,12.161173809824675,0.15039421530330882,0.1360331808771121,0.023588268,0.057904202,6.3
COVID-19,d1fd16e4-258e-4b20-9978-d0f6106b1d22.webm,-443.35995,134.02873,20.355848,45.776375,-10.419962,27.062403,6.5535474,13.723337,-9.765034,20.75096,1.4033831,6.5261145,-6.680027,12.748702,-0.98022586,4.3101044,-2.2868693,7.127895,-3.4921486,6.72698,-1.51254,5.5335746,-3.978478,7.9940124,-0.20652166,3.5967672,0.66578406,0.2408385,3124.905951638323,956.501515606716,5645.912236752717,1465.163412472167,2285.0202882251756,429.03202429527505,17.41405351028581,12.012886503791739,0.37995711616847827,0.23562504133290224,0.018312944,0.057943583,9.6
COVID-19,881d892d-f3a9-4409-82d3-1f43c7ce5047.webm,-260.47845,210.37709,93.73314,62.14019,-16.975931,40.626175,32.621464,28.063856,-25.988352,26.885233,27.02292,26.62052,-28.982918,19.616144,-8.047072,18.701466,-17.198856,13.5202875,-4.8793807,10.02375,-1.0916992,10.233898,-10.689864,12.170583,6.557608,7.8560524,0.44364697,0.3185098,2335.8007156644217,1147.5818463712721,4528.190800467914,2004.6975103031239,1962.7355273619853,532.9589697642739,21.89546085569184,15.433243909170352,0.15435431985294118,0.1118539957052808,0.13618393,0.1519901,4.32
COVID-19,2c148a1a-099b-48dd-97c2-437ecb15d430.webm,-480.15887,142.40895,41.47487,74.28227,-2.2138638,24.81745,-2.5135734,14.015848,-11.89006,21.204203,9.168368,21.614563,-3.7909598,12.612303,-0.8887334,5.3594747,1.4926938,12.014312,-4.9370584,9.988472,-0.2285256,4.2121143,-1.5256747,5.576633,1.0170623,5.7575555,0.47984624,0.3539228,1944.3262250318203,1486.9118756017017,3738.186571074695,2768.617668601907,1712.267770155925,1056.245105627558,15.959464720515784,11.054032528927397,0.09677836454703832,0.08797998569692221,0.026272038,0.061946914,6.66
COVID-19,085c22f5-f9aa-4b42-9c20-59c67baf52a5.webm,-360.8012,197.20177,79.44803,45.882088,-22.310905,37.9869,18.77111,26.690105,-6.360118,17.823032,15.050784,20.87813,-24.804457,27.338266,2.7901814,15.47653,-17.786724,16.488348,0.58148575,12.844554,-5.1759186,11.68728,-8.199241,9.334935,2.2021341,10.084978,0.44978777,0.3040768,2113.8469170001413,784.7892994315492,4305.288764714125,1494.0601291278147,1965.5658112610947,351.30031532712275,21.70474998759052,15.085761886693739,0.1335701022982063,0.06376910269139315,0.05344994,0.07408589,5.16
COVID-19,953e2f0c-d36f-4365-baa4-1d310ed74278.webm,-527.34265,144.06499,37.32391,52.624004,-20.931377,34.792366,4.486359,18.068802,-4.1196685,19.212618,8.00009,16.326452,-17.01659,20.182373,-5.206977,12.632651,-9.600394,16.318743,-8.306809,14.868684,4.135105,8.924811,-4.120008,10.436064,0.38782766,7.301214,0.4172,0.34698534,2966.48624029495,1193.5076688524987,5291.302202332695,1963.4227505343172,2105.9173916744185,587.6189210260949,21.38280133089767,13.726132288447024,0.3642773898142689,0.28148719326286875,0.009108561,0.019724721,9.84
COVID-19,b694763f-70c6-4f29-bb00-0e8d7d7c9a0f.webm,-414.56744,157.80418,49.830532,47.70379,-34.275616,43.27793,12.395596,25.794783,-30.562765,33.458294,-10.567606,20.404385,-20.20348,23.454708,-7.572253,12.491303,-15.236837,16.703938,-18.540182,19.89796,-2.8611078,11.627724,-4.3975635,12.506969,-3.9247785,9.90802,0.3762651,0.33038944,2639.3302942614446,1077.600653570662,4495.245261270492,1600.8051672010552,1787.4740616093059,565.3158070980396,21.71296050588543,13.771916664189554,0.21585233094262296,0.11973145471682108,0.029599598,0.048409652,9.9
COVID-19,11a0ef13-989a-4262-8329-e47b254ad8e7.webm,-589.52496,194.52031,17.127684,40.84125,-20.533636,37.36193,18.52867,30.10484,-10.030256,20.68694,9.136121,15.507837,-15.369148,24.634699,-0.5924793,10.429593,-7.3965144,14.629784,-7.6165237,13.799324,-2.8460083,8.116879,-1.9338,5.699099,-0.107308455,4.8647723,0.36522776,0.34318778,2287.566162116765,1889.2239195921932,3961.998379107603,3071.163839972404,1480.7503455890521,1147.6753848696203,15.849213308190565,13.364815673747872,0.15353928398840205,0.15477951883453528,0.0099101765,0.023654833,4.5
COVID-19,a0b2c39c-8a24-4984-aa0f-009f13a700c5.webm,-461.22437,191.09995,54.48031,51.49407,-37.986877,45.625652,2.9813762,27.939953,-17.298714,24.152992,5.3340654,26.007868,-20.775461,21.620565,-3.8205395,16.520792,-12.186152,17.47736,-0.24743971,12.01775,1.3573257,11.381415,-6.5634212,10.03307,6.328533,11.845005,0.39254475,0.31217068,2426.813838263251,763.3896165637495,4380.091305598159,1508.7328059977012,1859.0635140748175,415.271821136987,21.690586886668488,14.064550677313687,0.17481966545245398,0.07042907377744555,0.023575265,0.05516816,3.78
COVID-19,88571a5b-7d25-4373-86f8-f784dbceabec.webm,-449.9588,132.73335,69.06552,63.90594,-10.571162,34.630527,5.698112,19.514225,-1.342499,16.422676,9.260116,11.556653,2.850511,9.780004,-9.602408,16.858849,-3.0735648,13.640319,-4.0797906,7.9041495,-1.2361472,7.523845,-3.6158977,7.7665935,-4.0011,7.903871,0.5167805,0.2966675,1990.8408677627149,717.6469773414499,3905.7297003073772,1568.7407352458517,1796.9051410832908,574.6364992693154,19.691040628565506,12.426900433822295,0.1558017418032787,0.0737627191838808,0.016730387,0.035870213,9.9
COVID-19,02aa80ef-a83b-477f-b01d-575651364b22.webm,-483.16122,110.04957,30.537518,42.437656,-0.8997741,20.968494,11.24845,17.619888,-0.78748554,10.94362,3.9417531,9.17692,-4.179956,11.258919,-3.932836,8.817785,-4.308332,10.508848,-2.5542066,6.778532,-1.9510783,6.927613,-4.996683,8.277765,-1.5526843,5.530048,0.5747395,0.25867566,2542.7634670891243,702.0543702373295,5093.521639195884,1164.2774958934992,2170.5720222797795,344.1181863007723,19.50504036636789,13.5905283055007,0.16650390625,0.07148319436441038,0.0139130615,0.041704204,5.7
COVID-19,c90d7b30-b482-4daa-bade-16d6e081e3b9.webm,-435.28198,165.09625,29.735546,41.24689,-13.949414,29.735619,10.688915,18.341137,-9.995234,19.877317,2.119488,13.545454,-15.106125,21.908993,-6.899111,11.400211,-10.302971,15.303372,-2.032967,6.620746,-1.2214262,6.9271035,-5.1436706,8.692752,2.0744812,6.399565,0.49083516,0.29534152,2677.5581968764604,702.917457305733,5281.711465804303,1108.4516345635004,2253.243975429335,375.4061934202987,19.676673833595498,13.408719640778642,0.18784648528981265,0.07096069677122892,0.029377174,0.07198632,9.9
COVID-19,eb74838f-26b9-457e-a4f6-3fff63ebc270.webm,-377.6684,189.51967,48.431316,53.04266,-34.231083,38.885326,14.301154,26.204893,-29.312588,31.747633,-1.8751256,23.217188,-17.319586,21.911299,-12.887927,18.536587,-6.5228167,13.929748,2.7198024,10.828528,-6.180233,10.356243,-4.493082,8.940229,5.2749496,9.150797,0.4521536,0.29827064,3056.3962167276345,1086.2499650589737,5390.342444831161,1994.7856210865673,2081.7769482599206,624.0555479995303,20.50260262050694,13.629002270575432,0.3213781564721564,0.1986638267906183,0.05357353,0.09233903,9.78
COVID-19,0e2f8fe3-12aa-464f-a4cc-312efa425b98.webm,-305.76752,183.9505,87.10298,64.66345,-9.163707,41.36785,36.22094,29.715263,-31.345547,40.01503,20.992575,19.954218,-14.066893,19.687044,-5.2125993,16.945501,-8.674412,12.57343,-2.6670268,8.824476,-3.5477598,9.821916,-9.060012,9.844198,1.4472681,9.051425,0.56358504,0.26581904,2123.1573330976044,1132.9994058227253,4055.810016134511,1859.0689330452556,1901.7325761510026,485.87404044244516,20.88819152622218,15.250766252840725,0.15789765436292272,0.12068649935051107,0.08842668,0.12055412,9.6
COVID-19,1d471862-8805-411b-bd10-2b8e9ffdf718.webm,-448.63516,180.3415,50.674168,62.92958,-17.130663,40.754303,9.914174,22.800804,-4.5957713,18.112389,0.81529784,15.829891,-10.124212,16.845116,-3.278677,11.688493,-6.8803334,13.558338,-4.2525744,10.385164,-8.264471,11.89823,-8.381565,12.806657,4.0541143,9.70403,0.3530457,0.3188346,2077.230034196285,706.376682813999,4024.6728935351002,1483.9748516529546,1901.835800967614,521.0429762035607,20.82102057577254,11.89241360014545,0.10992484106375358,0.05769548583636073,0.04000721,0.07718976,8.1
COVID-19,47edb277-7f3c-426d-8e14-a0385f3c1b77.webm,-481.01846,128.01451,22.830444,48.29827,-2.3249764,17.28307,6.3229275,15.284118,-7.476731,18.503712,0.5847404,5.403849,-5.731653,13.218273,-2.340655,6.452136,-4.155888,10.414871,-0.75244874,5.2221937,-3.3641453,7.8990526,-5.970078,12.58335,0.33884475,5.133913,0.69777244,0.33732605,3070.7432477408934,1318.1095280411746,5371.87069163603,2057.7193306655454,2108.2894270386323,663.374540078089,13.014989537760863,12.177900473592466,0.18023869704131654,0.12486292183680747,0.022059556,0.058509637,8.28
COVID-19,94a33ac9-c166-4795-9665-f7dd4f0caace.webm,-395.76544,147.44789,54.634216,49.33423,-10.752367,25.35394,5.7581916,34.067932,-18.52952,23.371948,6.196608,17.312721,-5.248548,15.178785,-5.1279945,11.425197,-6.2075286,11.202705,-2.3833039,10.073062,1.0001621,10.336147,-0.75072134,9.715253,4.2278,9.338173,0.4019123,0.31417444,2030.298072959354,568.1984389945568,4284.381583567416,992.2713239220026,1875.8978848764223,360.207089736124,21.985861230670192,13.129380723785374,0.11819880910580524,0.058559112391473614,0.037796963,0.07855712,6.18
COVID-19,5998a733-5790-4918-adff-cef8e7b12a73.webm,-522.81274,157.74368,33.448864,49.399452,-1.8931509,18.44768,7.4329543,22.899086,-7.3720326,15.911124,9.905134,20.66653,-5.9621964,14.097786,-1.6690259,12.388671,-6.7661495,9.597278,-6.634471,10.237459,0.76710576,5.3172693,-2.6295533,7.1132207,2.2400434,6.944834,0.4688569,0.28702384,3003.691252010786,810.6768465794606,5746.504179414335,1127.7014080993608,2357.4628440754573,330.22402366166557,19.817506702452647,12.779308865412379,0.21541853328962704,0.09119976693463169,0.018629732,0.054065324,9.96
COVID-19,9254bd84-4c4e-40cf-94d0-47a0bdf550ce.webm,-528.51526,151.55368,19.707125,39.06598,-11.680016,24.49887,4.76325,17.181454,-6.826945,16.68965,7.5438533,16.772266,-12.999148,24.234632,-4.820474,10.586586,-4.0907736,8.906006,-2.3785982,6.954716,2.8948243,6.6010585,-3.3076324,8.904177,-0.31098846,5.37918,0.27405357,0.34633073,1636.7408290138608,1731.8597187370106,3044.185589028777,3085.7346297657264,1195.7882541292183,1173.613027779138,13.606212102105623,10.979820459410925,0.10061169814148681,0.12759445566292477,0.014335176,0.044772763,9.66
COVID-19,212e4a83-34b9-4973-b0c4-c05567acdd8c.webm,-527.4071,137.23878,53.560944,70.50848,-11.217532,32.314983,2.7720485,23.952322,-10.346277,18.293577,-4.706972,20.889174,-17.589653,20.160526,-9.406194,13.317546,-8.1830225,12.515452,-5.1770196,13.291245,-0.642041,13.9058075,-3.402541,11.77064,3.223334,10.382418,0.35876033,0.3372568,2118.788941162847,1131.3304552906277,3739.212986680328,2206.9485336521625,1807.6978074933536,724.082318889837,20.826829850742623,11.68623284518977,0.24245851324648712,0.23245069588536635,0.01432258,0.02828028,9.9
COVID-19,380bc7f0-d950-450c-9f5e-43c7c3f4c132.webm,-480.01883,144.01096,25.844934,57.979053,-9.627291,26.14988,1.1152691,14.2415085,-4.0525103,13.072426,4.683729,13.949142,-3.2942147,10.443365,-3.2932272,8.27876,-4.6798353,10.411078,-2.535272,6.9981294,-0.607715,5.0878363,-2.295166,6.374355,0.49556082,5.0249505,0.19156206,0.30788597,936.7709697397972,1415.162174002479,1649.92838944539,2464.6303997703,758.838797674553,1012.472043821481,13.426527358835205,8.7876782360444,0.04594194771039604,0.07281442059312275,0.03188253,0.088861294,9.36
COVID-19,c8285a6e-c9c6-445c-bee3-b5ff47295c9f.webm,-748.27893,206.13243,45.591545,45.528946,-15.565943,34.269176,29.615732,33.95571,-23.718388,34.304913,6.2653546,13.599096,-16.841692,25.891264,2.4078305,9.9084,-3.0950358,10.973382,-8.642339,10.857702,4.747407,7.4438577,-6.050185,9.386188,0.64429176,5.641005,0.46377966,0.3510707,3077.654042786101,1508.2302390893628,5531.649169921875,2643.764035357595,2153.3423988052787,959.2132112951596,17.648843875264728,13.15585998793313,0.31369280133928573,0.2368580918144334,0.0019097333,0.0036736117,3.24
COVID-19,8b96fd41-6fed-4862-a308-f8dc676ad101.webm,-355.5075,172.90619,75.147095,70.41034,-28.766283,45.574245,9.764211,20.5512,-22.724255,23.688637,-1.0142807,19.729275,-6.315014,15.684426,-14.882923,13.123238,-12.928737,14.605055,-7.044584,10.673278,2.281343,13.086293,-5.616529,11.372164,-1.751166,7.6600404,0.42456472,0.3143145,2203.9883830413914,944.7082573279697,4115.228732127063,1695.5626441762327,1771.0185020452282,572.1126166234529,21.257309770582456,13.098580683853276,0.1529552531692217,0.08892819538013318,0.055453036,0.07794677,9.84
COVID-19,bcb56997-8193-4fbb-9b15-8fcaa5fba53b.webm,-583.99426,140.19127,56.23631,66.59644,-0.34605274,18.992538,4.8284063,15.642217,-10.948475,21.922003,5.5278606,9.324193,0.7458659,7.7782044,-3.9744813,11.443225,-2.1338968,10.137419,-1.7380377,7.137496,4.053911,11.517461,-1.1572282,5.508451,-4.0844984,8.092155,0.524615,0.2730253,2486.568360276378,883.6753478639166,4779.685484688237,1707.116412303204,2138.3947322976537,510.9863769053898,19.355945889494404,12.199384584303495,0.14682179576945756,0.05482833149916,0.0063749254,0.016121188,9.84
COVID-19,0ef3c0bc-56c3-44da-bea0-dc31a158414a.webm,-342.76352,166.01807,85.89725,58.033695,-11.909302,49.001266,21.61959,21.969135,-12.29828,26.9897,12.611502,22.161861,-13.2196865,15.669954,-1.414897,13.82373,-4.9560027,11.426168,-0.7903927,11.840738,2.2170923,10.033639,-8.238716,10.143138,-1.5142381,8.773072,0.4363101,0.32750183,1808.9602979420583,1035.3897995803782,3536.768126755618,1852.7359176578009,1688.9718687018428,540.5358398448117,22.153963075933596,14.087888395988935,0.1141243123829588,0.09816822068670325,0.053606387,0.084353924,6.18
COVID-19,37347587-048a-4a1c-a100-7cf820711428.webm,-475.6054,146.20232,25.586922,43.01906,-5.542788,28.174206,9.413379,19.357912,-8.783298,29.412903,3.8568966,11.1535425,-4.4826317,13.575628,-4.511398,8.993108,-5.7151217,11.272321,-3.1331065,9.19791,-0.9408302,7.8291106,-5.0256534,8.74207,-2.8013442,8.237906,0.4217354,0.31132025,2180.62879078388,604.9232025409939,4216.952802550118,1076.7017711013145,1996.199512724679,318.7104087228441,20.095115633108936,11.397825331239382,0.13187969855542453,0.06052570864304019,0.02668602,0.07343773,9.84
COVID-19,b3da744c-5595-4876-9b8c-c09a9a288bfb.webm,-559.4314,160.35344,57.960957,78.00448,7.4767594,29.297464,18.395645,18.845879,4.699873,16.018267,8.746304,11.315512,0.24103709,14.6479,2.768285,8.766667,1.682914,7.653521,1.5854721,8.3898,2.3186665,7.4687023,-1.0864383,6.3341885,-0.13231178,6.7782593,0.6028428,0.27025813,2840.302607823904,1405.403159430477,5686.597704053759,2703.193665804836,2474.1976083003274,822.0705156386508,18.556862187508926,11.590610805220512,0.24096281322843824,0.21575932244396298,0.010537853,0.017060012,9.96
COVID-19,48ff5e27-832e-4450-9ea5-288a0e6967db.webm,-558.8328,150.03497,31.411863,56.760426,-11.468171,40.618675,2.5370452,12.431436,-2.2318938,15.818988,4.512862,9.1812,-3.8827581,15.145347,-0.5764762,7.230374,-1.6648214,11.264015,-0.9991881,8.9928465,-3.3240943,10.396929,-4.622251,11.617736,-1.4398698,7.7170577,0.3676135,0.36348403,1720.472663597819,1464.9628279699125,3390.6221983862706,2691.2927892596867,1616.7346073517167,1104.328189810945,15.32708718021949,11.27310953216362,0.07724449282786885,0.07015509625011478,0.014414103,0.03778681,9.9
COVID-19,f7f2f111-2861-4eda-a25e-ec6c90b87c2a.webm,-444.8882,199.08911,59.71538,61.66866,-26.267965,41.03455,8.845876,22.413033,-6.652208,21.82982,14.83968,21.475481,-16.861448,18.764322,3.4150727,14.03948,-7.494005,15.271584,-6.0151415,9.715939,-2.5973866,7.1421456,-5.1404986,8.103279,-2.1093218,6.7315645,0.48749143,0.3050379,2577.074329725238,1080.948689409575,4903.433623568702,2007.2693565069287,2114.8149130196334,619.7353831765098,19.62438531938922,13.539913550790185,0.2116382395038168,0.14943579275151128,0.031846475,0.05525615,9.12
COVID-19,41bb08e9-6d43-41bc-bca2-a465f7dcf2f3.webm,-521.64355,100.69616,9.470381,33.716137,-3.1324556,19.622732,0.8968687,7.9307528,-2.6464872,11.450098,0.65729684,5.1246667,-1.343272,6.4872994,-0.34903377,3.5267675,-0.21985205,3.406461,0.09357392,2.9584818,-0.20538676,2.5982823,-1.6211966,5.017516,-0.8558315,3.8591635,0.45799837,0.30693763,2726.8471015627033,635.7884816302349,5414.534082952536,1381.6868971788128,2433.509958946337,440.9459159899355,17.960617268828177,9.157154063748871,0.27849765993514153,0.17945214594429443,0.013928821,0.07116864,9.84
COVID-19,3b018a2b-59a9-484b-a71e-437fb96698ab.webm,-469.36685,116.24206,46.038223,49.1078,3.3250892,27.219635,12.92929,18.320498,-3.2346694,17.867908,5.362484,12.530565,-0.8442238,14.375929,3.6363516,10.270811,-0.9728927,11.302132,-2.3263307,9.232127,-1.3477128,10.3466215,-5.744406,8.076816,1.7783546,9.310535,0.35920912,0.3186056,2223.9422544732456,889.4287553737586,4326.241361177885,1542.6188984132286,1957.2697380938878,399.28561033906414,21.50797052905786,11.992633155963448,0.13666980805652681,0.0908856388304443,0.015839987,0.050575558,9.96
COVID-19,d0900d06-18dd-4fa9-94a7-7dc1e4d0f125.webm,-446.70694,176.09366,42.30237,49.66951,-19.409626,32.01063,11.985421,21.130325,-4.843645,16.327648,2.058933,17.097227,-13.272993,19.59516,-2.264929,9.00574,-7.1832914,11.261855,-0.11149226,9.9707575,-7.2644405,10.115424,-4.9947515,8.905995,5.2397118,8.465468,0.5477686,0.28871283,2586.6700568827755,594.6740750820209,5017.4072265625,1216.808696217925,2235.1318782279877,456.57666915308266,19.527249445442205,13.512990314021975,0.1923828125,0.06234096294803657,0.026967788,0.05887083,8.76
COVID-19,7f6db48d-de3f-4a30-bd9a-5216b0b3261b.webm,-476.078,125.36822,27.155285,49.62895,-9.34519,29.01395,13.725403,32.32741,0.058798727,18.749475,1.9861292,17.301842,-5.622225,19.361803,-7.633327,15.256928,-5.999551,11.356874,-1.4233875,12.1516075,-5.568626,11.039373,-6.4035044,10.6123705,-1.1270562,9.752901,0.33743268,0.3419358,1904.2367544603644,1469.7799972612165,3495.489401895492,2630.156106908812,1486.2044904475301,1067.9356896346787,18.506095420293903,11.083974683157946,0.11706400029274004,0.10269373618202778,0.017406372,0.04413756,9.9
COVID-19,f18097f1-d7d5-4566-a7f1-dce0f2e8da87.webm,-545.1302,91.961845,19.439888,42.009903,2.0963624,13.147514,5.0752993,10.253508,2.0936852,9.750645,2.447395,9.098371,-1.8516392,8.396549,-1.1294923,5.9411836,-2.6543157,4.920875,-1.3834517,5.439902,0.35565585,4.9998183,-0.940108,5.251029,0.04348403,3.3637612,0.46906877,0.30118462,2394.531446691385,557.2447035906058,4981.582991803279,1069.1586195579926,2270.129913495145,365.8401579133784,18.533578814164134,11.8346933915225,0.13855180584016394,0.052183965934648704,0.007240845,0.028647732,9.9
COVID-19,751c4649-2d74-46f1-a873-b0d40946e145.webm,-337.81256,151.21747,83.19766,73.453835,-19.268658,39.053356,10.091285,23.726244,-7.111566,15.644875,-10.561094,21.176062,-14.311395,17.994144,-12.756559,17.562008,-7.6171308,13.380776,-4.49741,13.961115,-1.8810155,11.812537,-8.87274,12.236522,-2.6383607,12.636815,0.36640665,0.31360096,1554.2094468164294,590.83632427379,2787.764258650751,1058.4336449843402,1379.86730309673,391.7274530465357,22.514940060670405,11.321349856268158,0.11054645587446352,0.06202639366641187,0.08498143,0.11743009,5.4
COVID-19,0c1e1f6e-cdf3-4730-98f8-53f544aeab38.webm,-503.01703,91.89021,11.8442335,32.255844,-3.3854508,19.034643,7.47282,24.07689,-0.52482927,9.167175,-0.59977245,8.569304,-1.4336058,10.982572,-4.5119514,13.72422,-3.8306675,12.046806,-1.5260302,5.0978827,-1.4006106,7.063062,-1.5503305,6.9138823,1.3105012,6.285402,0.14104421,0.2791043,828.0600723656889,1340.7275140873458,1443.2070750110554,2372.946328696214,631.3799409261279,973.3366936401458,16.434433869334377,7.0413720474913255,0.04481132075471698,0.07951414176091702,0.011238427,0.044155177,9.84
COVID-19,89155980-3cfb-4c38-9e40-f1e4095918f6.webm,-400.11783,150.65747,103.59437,71.05081,-21.662537,51.18464,14.520432,30.465313,12.821558,29.273058,6.457457,23.168474,0.08266515,14.323712,6.8498197,16.148233,-0.47592196,15.181439,-6.4959784,19.229906,0.14851019,13.099797,-6.613648,12.426549,-8.0032015,13.486877,0.41073555,0.29993242,1721.5247374159742,1077.8831662097298,3027.463033924932,1919.4747805375741,1483.5058844635976,611.7548290115349,22.49474646906669,12.573704040937747,0.11500350288722826,0.09799064018780473,0.034611322,0.05081413,4.26
COVID-19,46723cf9-49fd-404f-b62f-6ba97019d921.webm,-404.16953,126.226814,68.43139,76.24095,-7.296486,30.529272,-1.3951317,15.077529,-0.41947225,12.343776,-7.312396,9.45559,-9.353723,11.059402,-12.370593,13.012129,-12.437247,12.249466,-7.3786216,9.628016,-7.3818297,9.475834,-8.224969,10.728816,-1.7527655,5.8736844,0.30333444,0.32349095,1268.475753922523,790.5200638291477,2423.8909912109375,1671.0161104743968,1283.3215107839114,764.6145654010164,19.872755436986758,10.237790774307859,0.06787380642361111,0.04142030352603638,0.040133364,0.07593552,8.34
COVID-19,a5aeaa95-ed25-452b-b112-62c042c21b33.webm,-445.07355,169.65324,42.00396,63.925217,-5.6632204,27.068987,8.32511,16.910942,-7.805222,18.632965,5.621574,10.979682,-5.710474,14.393069,-2.099074,6.525117,-5.898372,10.977755,-5.1515355,9.024241,-0.27918807,7.0177674,-5.2597194,9.232513,-1.1055163,5.842457,0.5446367,0.2847437,2573.284680571253,1074.134611275359,4932.626065340909,1918.3292501800931,2115.596033917989,654.6703164253476,19.019434474128197,11.97367147922234,0.21056265782828282,0.12249770957731423,0.03491799,0.07241895,9.18
COVID-19,a03baece-440f-4026-9705-4fcb2bc9e065.webm,-399.25217,183.40729,60.118427,75.03961,-11.232917,28.922934,1.971,27.269104,-5.941126,17.615963,11.301503,15.542875,-4.849293,11.618142,-1.2796545,12.624831,-9.651479,13.681266,-2.865512,10.8101225,-0.76680595,5.696395,-6.939603,11.506052,1.3499053,6.303705,0.47232467,0.30375886,2396.093016938086,1128.0615573264254,4516.538569612323,2293.268011403502,2114.24282947914,723.2590239573589,19.354766693312328,11.736536987607597,0.18008019789209906,0.12098158066527606,0.064432524,0.13349675,9.84
COVID-19,cce0c69d-c4c6-42fe-921f-47bde52a1d7f.webm,-417.08646,157.41049,89.1259,67.22541,-12.328138,34.681885,-1.7869047,39.487473,-20.034662,26.880049,-10.784053,16.370235,-5.708912,19.512878,-8.308949,19.347763,-21.405052,24.631498,-5.366946,16.870903,-5.373132,16.638527,-1.3743913,17.194952,3.412879,17.214247,0.26599482,0.31967902,1379.6683070530023,682.2909743018324,2389.5047547387294,1604.9838053571834,1315.2200425342285,638.4172804958507,23.071070330437507,12.064054450734393,0.090606475043911,0.056275767998131755,0.049774848,0.065160565,9.9
COVID-19,2de3fb8f-20a6-4fa5-8428-11cad3338d37.webm,-519.769,118.99216,15.368134,36.780518,-12.326702,26.107368,3.5073924,22.476204,-7.5925074,18.40184,2.6799412,9.324442,-3.0011704,16.74635,-4.6100616,12.40733,-0.3796971,9.719378,2.1310205,8.13326,-0.36817646,6.6995206,-2.7792342,7.9216866,-1.5823658,6.536549,0.48692116,0.31490445,2766.5069285937543,759.5271928897247,4991.365868446386,1498.687608489229,2121.751151030889,614.5700056704513,18.71898763169918,10.513453514282634,0.208596758367891,0.08970032635809236,0.012513861,0.064296424,9.78
COVID-19,8b50115d-5e51-4fa0-9521-f6ecc0b6527d.webm,-214.42274,220.69736,80.242615,50.597122,-65.81937,61.25761,25.919802,27.498394,-28.685867,29.496958,3.332634,21.654524,-25.35544,19.444056,-21.711733,23.355595,-12.614874,11.56743,-1.952354,13.326327,-6.196631,12.94441,-13.886721,13.829885,-1.454902,7.8988223,0.365114,0.33095858,1937.853899431576,856.1818387935656,3346.5673828125,1614.3403184468405,1433.1499321913066,523.468894138247,21.61189719434758,13.758238142271406,0.12458147321428571,0.06173879852435173,0.19096118,0.21141124,4.86
COVID-19,2018bfea-0071-4aca-8d45-18dac4d65199.webm,-499.9259,163.05006,26.958542,52.26403,-11.506466,28.87434,11.564233,22.82563,-10.063377,23.385534,-0.043289226,8.843425,-4.309627,12.280299,1.1333426,5.465636,-2.892727,7.282067,-2.5345774,6.890562,2.3695211,6.7467732,-3.859376,9.165859,1.3559482,6.0028753,0.17783435,0.30250505,727.5148238349268,1186.8489015439352,1412.5934329643069,2237.9345629296085,607.550236800045,915.687324899433,14.392793527872731,9.327723116416953,0.048972758071682464,0.08861944643107493,0.01989902,0.054826472,9.78
COVID-19,8c42f57e-d169-4aed-8ff7-dbd6330725d3.webm,-489.90088,176.50175,51.504967,40.746517,-14.156609,50.243988,10.800926,18.774326,-5.5088034,23.351618,5.1944556,13.965826,-11.420689,15.627545,-7.092169,17.765602,-19.824482,15.891626,-2.5479465,18.198195,-11.328984,13.24649,-13.502708,12.984526,-4.570634,13.681613,0.30274373,0.32322553,1998.2222999190058,1002.0031166664904,3720.901949900501,2100.506032466001,1935.9164763798697,562.8247257249826,22.574544406094482,12.384720117172604,0.1362961103331368,0.12559866447633114,0.022783358,0.04469565,9.84
COVID-19,c91f755a-e37e-4106-a90a-bb0672fdfd24.webm,-427.8347,165.69412,40.774254,47.03973,-19.340912,39.53992,14.401097,23.119183,-13.741597,27.935955,-1.7121747,13.548197,-14.877764,25.90798,-4.6403723,15.646354,-5.4296904,13.458997,-1.3234084,13.343627,-0.31770214,12.254388,-1.7842778,10.628329,5.260897,12.83142,0.28501773,0.3195265,1707.5437972684365,1457.3113938998542,3069.019775390625,2394.2058972523014,1242.2053814617711,889.5726102416277,20.693326175716958,12.75348282905342,0.11558140345982143,0.10983276938599289,0.038439084,0.08271961,6.48
COVID-19,9cefcba6-bea1-4131-a905-3d28e567344b.webm,-505.10776,124.25289,20.480429,45.933975,4.50497,17.514229,6.9142394,19.761383,-9.368057,23.05238,3.13177,15.822341,-10.060993,23.265503,-0.5149869,7.5994253,-2.9838061,7.839531,-3.7004485,9.705117,-0.72335297,6.80072,-3.6500876,8.673738,-0.69893074,8.431408,0.16374597,0.29278553,980.1305503279661,1599.8459705022165,1831.3757994294451,2870.523794233615,776.144866451628,1119.2869324641492,13.939233407937758,9.812930298837038,0.05244187238961814,0.09855952589273911,0.019032303,0.052259885,9.72
COVID-19,1b1f2c9b-7cfa-4eb5-837d-36ae3d647c92.webm,-286.9351,193.99695,78.757545,43.808964,-50.446346,47.793938,15.883795,27.62122,-33.0206,32.15485,2.261271,19.831022,-21.43909,17.914429,-14.585275,14.485432,-16.539919,12.405436,-12.901068,11.127247,-8.065739,11.383766,-7.113968,9.346577,-2.2369292,10.084997,0.38243702,0.31999844,1999.60949441129,779.5163272242801,3606.566827947443,1503.9199612699651,1570.7418781829024,433.9909266656246,21.926761281223325,14.269498243182602,0.13108132102272727,0.0613421526944098,0.08529118,0.106547646,4.08
COVID-19,6ecde34e-2767-47b0-aef3-2828d4b181c7.webm,-470.75055,192.1032,44.377457,63.34217,-17.336306,30.794424,11.544245,21.649494,-20.29127,29.320215,4.6514993,14.126067,-7.390381,12.639078,-1.6543484,10.735329,-4.982816,9.184164,-11.699111,16.502342,3.2575655,9.066651,-5.225892,9.331077,-1.3141931,5.643355,0.26405412,0.32764465,1341.529143135593,1532.1382547620622,2580.871755590936,2706.6755088019363,1051.3066457781672,1046.390496384898,14.569991370650087,11.448344729922036,0.07932371889810426,0.09599966117554462,0.030721484,0.063037015,9.78
COVID-19,b75bc5f1-f19d-4b79-bf86-99dd5f7f0bc6.webm,-360.32285,149.71054,56.608246,49.950756,-22.843655,31.776161,22.33,28.326195,-31.42449,27.392117,-7.6402645,19.344402,-23.873398,19.290709,-17.518494,17.072435,-14.514675,17.27577,-6.345814,12.989064,-4.856267,11.037848,-1.7489955,11.309493,2.1511872,10.454317,0.30380216,0.31054056,2264.8484616036026,925.9501674017915,4169.455751536581,1531.9882923481375,1826.5017059891888,449.9274629815783,23.15983144496886,14.007957411679755,0.16763667246741706,0.1030158322687788,0.04195139,0.06445719,9.78
COVID-19,7465377a-8963-4a0e-bd1b-92a8924b1ccb.webm,-410.31277,156.96373,74.97875,78.45889,-8.362736,33.22707,12.878567,20.67171,-12.771873,20.496243,16.50093,22.018816,-6.8110833,15.30956,-12.11014,15.770336,-2.2005777,14.854033,-14.557233,15.66353,-3.599688,10.998436,-5.767134,10.133068,-2.8952515,9.254654,0.40675148,0.31704518,1920.0575938875463,1158.4283892117137,3598.7173003057874,2234.403502102059,1715.1698090879468,735.1376698000047,20.777983579308753,11.269745244632736,0.18353781324582338,0.18898974429533594,0.040554367,0.070348755,9.72
COVID-19,9a08c3a5-be05-4977-97bc-5571ed005933.webm,-392.95428,151.26527,34.011333,45.755398,-14.730732,32.947285,7.4064364,20.942015,-20.892971,32.004425,-1.3491209,11.093147,-12.225317,17.984415,-5.251827,14.146836,-2.8228962,11.014784,-0.7024008,9.624681,-7.9545317,12.848842,-3.636386,10.051546,-1.3706304,10.467753,0.32023117,0.34319377,2246.2594365625864,1655.9684197732684,4075.7260181864754,2723.995668997436,1644.6405742443505,972.4604505274596,20.396040925078655,12.979280226829582,0.16034721713992975,0.16585504091036832,0.040924672,0.07948564,9.9
COVID-19,729d23d1-9abd-44df-8b05-22217b1ffbdf.webm,-375.19067,178.64835,41.177147,47.743595,-34.844643,39.80637,15.962179,23.776556,-35.180946,36.2666,4.417671,14.9433775,-7.939784,13.705553,-13.569857,15.557641,-15.328053,17.302368,-11.57495,13.233708,3.7979639,12.050612,-5.3244295,11.223507,0.098673165,8.095712,0.3194719,0.32868433,2150.7357594351456,1436.1473151288471,3733.357361707642,2382.9565633577076,1432.7959649667555,879.5636015183812,19.6599805365113,13.097638422027375,0.16279898548578198,0.12840909084521804,0.042560436,0.06604478,9.78
COVID-19,1c7b9152-fd61-4742-8da9-233dd0b93008.webm,-522.97064,120.73058,30.03244,47.113033,-7.000465,34.53161,0.89570695,12.2381115,-11.05307,18.712938,-6.8526773,10.973125,-7.425958,10.647283,-8.679075,12.208207,-2.658569,7.1025343,-4.5841107,10.6752825,-5.461634,9.737052,-2.3683956,7.0298533,-3.2864985,6.1656656,0.43209013,0.32835987,2531.972618221026,1108.5803956932302,4712.853916085881,2072.95035027291,2141.627955202874,689.2426036982229,19.117413494238765,10.654148604723364,0.25592260566546765,0.19457296532702245,0.013219126,0.04523806,9.66
COVID-19,bc4e7e90-4dd2-45f6-a2a4-2c5df914000d.webm,-474.4528,130.52364,43.9403,41.63941,5.2472944,24.985844,10.681006,30.071865,-5.909358,22.61188,0.6239421,19.12532,-10.236285,20.19141,0.27368975,12.172703,-7.6772428,11.2871475,-8.001407,12.007144,-3.182542,8.863975,-8.740109,9.365149,-4.596259,9.57413,0.3375517,0.3164879,1936.1112848156974,821.5666440954341,3884.4844364619757,1860.164871630442,1983.0012643361135,553.1765436903461,21.365924291810604,12.042974336025951,0.09891394412878787,0.07398569565763553,0.018643215,0.059629943,9.96
COVID-19,ef86e9d1-450c-4df1-8018-038459ac4c14.webm,-386.0043,193.65593,69.58452,59.036537,-10.916158,37.671963,19.6344,23.905191,-9.176408,21.582205,6.3749666,17.539703,-15.071966,17.217398,-5.1142454,14.20092,-10.798436,9.351306,-6.3100667,10.952976,-3.6203933,7.6098003,-7.780016,7.3525066,-0.7392826,7.239376,0.46537793,0.29372308,2173.0768047431006,728.9802600704687,4247.8403560450815,1430.53211921565,1890.2154366473349,358.6751382746929,20.819794748476998,13.666968636607484,0.14111099421838408,0.07252816442611981,0.06236198,0.11686815,9.9
COVID-19,a7a5c702-df32-41e5-a129-a43ec576a480.webm,-481.5413,108.97475,49.776012,45.64094,22.545252,18.980375,24.203058,17.724052,6.446697,20.25303,15.168291,14.629327,2.903473,13.560584,4.782826,12.013194,1.9984151,13.316651,2.5681932,10.319878,1.8534396,7.0227847,0.43500748,7.502908,0.22067165,7.1568336,0.48806068,0.3062054,1858.2191788400028,892.0287649183238,4231.350057633197,1921.6628035656754,2134.8117092590687,473.42128411036947,21.277173023426226,14.126584058652895,0.08920452466334895,0.0759750062236424,0.0138984695,0.037882913,9.9
COVID-19,4f51059b-0e34-4ae8-8ea8-66630d9b147b.webm,-333.79843,231.78644,58.924393,74.48048,-29.03734,34.451843,19.33001,23.666704,-31.379087,34.319397,19.637867,28.639996,-12.547085,17.035799,-4.356337,12.72597,-15.491248,16.181007,-1.1434134,10.678293,0.97768855,9.596769,-7.7579336,11.008656,7.890655,11.055416,0.42182803,0.3322527,2536.430129540252,1178.2621470957777,4907.605790413952,2036.536544828566,2008.6324271604178,751.2589560978868,19.87299548412937,14.129162442655574,0.16166621926836494,0.11147456329446202,0.10266197,0.12858422,9.78
COVID-19,e4bbd7fa-3767-48e3-97cf-c5e14881314f.webm,-492.34317,127.74428,10.659815,28.234167,-5.4012628,20.606073,8.286708,23.49266,-2.2897878,10.98761,1.2298291,6.863957,-6.797494,18.733007,-2.9371672,7.7015905,-4.3811913,13.185709,-0.32552907,6.0016265,-0.24045414,3.6937041,-1.6443686,5.782645,0.11088783,3.0183384,0.18561459,0.3013237,1176.8418038474022,1617.30012614804,2235.0667317708335,2947.9288456803392,894.1631600828251,1137.997164855227,13.99401435781921,8.34276394846402,0.058924437830687834,0.09391246699995319,0.019943329,0.064134754,4.38
COVID-19,78500f29-e9c1-4abf-ad29-fb279bf359f7.webm,-378.6818,205.16283,50.284016,79.99639,-20.19755,35.83822,20.84133,30.789053,-19.359835,30.929989,6.645746,15.256153,-8.667197,16.201857,-3.1931186,11.769304,-10.00742,13.821431,-5.263172,10.373646,-2.8914382,11.775113,-8.730003,12.736914,2.3187475,7.90577,0.41533113,0.32159,2701.7649290827094,1411.1937608702835,4531.402888063524,1997.7718477248773,1781.2313867955336,657.1173869797623,20.99482498334955,13.087745754433355,0.25118353886124123,0.18545900852296604,0.08308855,0.13059264,9.9
COVID-19,141ad4b1-d9b2-407d-9e48-913915c02b74.webm,-502.83502,138.32393,18.897484,45.376896,-15.206981,26.731693,12.220357,21.078634,-10.933149,23.347256,0.39752162,13.883633,-9.716108,16.895935,-4.887679,12.869944,-4.437871,14.9166565,-6.0090036,10.403628,0.35196567,7.301254,-3.54043,10.964791,-0.8306535,9.516124,0.3144792,0.34101522,2155.421139594551,1471.394740072271,3895.596270086641,2424.4801032006385,1601.2111051483007,973.1105167837195,18.30011190459702,11.93909860772393,0.13930478932168247,0.11263181120342658,0.015945744,0.045515124,9.78
COVID-19,491018d6-fe1e-4b24-9c42-70971ec93615.webm,-359.44202,217.95482,63.28603,69.58844,-27.141722,43.229397,22.465216,26.049498,-20.755613,26.417206,21.444532,25.203531,-18.699287,24.131166,-0.8164514,12.783617,-4.8509555,14.32291,-15.033463,16.382296,-5.18119,10.024212,-9.054378,10.969682,0.010365925,8.414343,0.45164925,0.32820168,2156.05248884761,1295.9952407716573,4187.799795430983,2272.9993158703855,1835.5432559918634,856.691589625195,18.86754173341638,14.213241299839472,0.13258340121445497,0.1132877510688462,0.06899482,0.093152314,9.78
COVID-19,e5a8a140-d910-47da-b3d6-96941e084028.webm,-452.52213,163.15591,51.063347,74.151085,-11.538809,31.60499,9.8127,19.792963,1.0731772,15.049092,4.4446716,12.9605465,-6.3394184,12.16501,-9.219996,16.189766,-1.3697084,12.092975,-4.7500334,9.383012,-3.407404,9.4746,-3.5077255,8.073624,-5.6796007,10.715835,0.38306403,0.3034476,2086.835888191548,726.1678515725183,4210.056023848684,1676.5937959785272,1972.7328305643614,652.9620451001314,18.51850429318548,9.546556098257355,0.09184256213450293,0.042554342561771465,0.04377811,0.10435499,7.92
COVID-19,5fdfbf5f-b4db-42ad-8971-275b616bcc72.webm,-482.66364,189.74017,45.245808,62.053383,-9.955028,23.240705,9.957743,21.27344,-7.3359985,19.673672,13.459974,18.29718,-4.7697086,15.033271,4.7739606,12.322615,-7.2030826,13.486621,-0.8872911,8.746026,-2.4174623,9.2706375,-6.1426744,9.276269,-1.5803585,6.7903724,0.37149927,0.31469324,2433.7501457122244,878.6726394343236,4955.963192345961,1882.3470478384181,2285.5246035798887,549.525474818072,19.894374887252827,12.038418182213286,0.25260838922464623,0.2045380443161335,0.027654953,0.05543034,9.84
COVID-19,db052b95-1d01-4995-a6b7-7c5be060d474.webm,-484.30304,134.79263,44.696815,42.89766,-2.681182,29.55737,6.5914006,25.226957,-10.4505825,18.500208,-0.38167444,16.211506,-12.190805,13.250376,-15.362715,16.102345,-11.370412,11.556667,-6.7338085,10.350744,-1.2071427,9.25901,-4.7185616,11.3508415,0.63753295,7.3685946,0.3983171,0.31786346,2142.412092090268,761.8203478110087,4143.1101673054245,1416.1051528037533,1918.7746748311708,387.78747597171764,20.795026635656885,12.60360899319452,0.12766136313384435,0.06793289181774828,0.015723316,0.045670126,9.84
COVID-19,ce812094-372f-4754-8390-b2c362ab12fc.webm,-645.45526,125.34411,15.283094,35.610607,0.09362079,15.0764475,1.8114047,8.01229,0.9972689,8.1795,0.29051888,6.4659963,-0.7116225,6.474938,-1.0720377,6.2317176,-1.1773102,5.9374404,0.7156347,4.50175,0.91488457,5.98825,-1.4195069,4.9072413,-3.6674116,8.5486765,0.48299855,0.28166026,3725.1741013939236,1001.2325547207215,7770.155077641553,1713.6158596243272,3145.875150298221,451.5502020312402,18.751220932641573,11.186913379800039,0.2593438176825495,0.09966911700876574,0.0035629072,0.015460992,9.36
COVID-19,31e5a9cf-6a3e-43a3-8e0f-65c99f5748e9.webm,-432.0869,188.55699,49.350155,50.706196,-20.656422,45.894047,19.029613,23.35426,-6.692,30.79042,12.719179,16.272385,-10.672071,27.95543,2.0224442,11.828927,-6.2464595,12.838182,-6.9651194,16.746626,-5.2531276,11.833622,-7.9166102,11.41479,-2.837072,10.119016,0.29363188,0.31179476,2154.7078368529915,854.3929996268605,4021.1470906768363,1561.6863511574836,1844.5789215711316,425.4893088145584,22.889192096915526,12.995871509722978,0.127627693646327,0.08083185389496866,0.034989703,0.06108841,9.78
COVID-19,09ce4faa-211a-4607-bc9b-7a8ded5d7d9a.webm,-482.4203,221.53705,36.318054,48.30797,-13.92104,33.233036,11.922526,19.374569,-15.898325,29.763817,14.224172,16.097788,-4.1175547,14.099389,2.662339,12.884469,-10.408529,13.02297,-3.7016554,8.836405,-8.949772,11.256055,-6.114085,7.94836,-7.948159,9.492684,0.4691434,0.29400113,2739.1562490869082,1012.2976636678006,5251.9218210793715,1348.6960415598537,2208.922235134709,422.8111778818135,21.27061424341664,13.967224361388263,0.1874910132285276,0.0918973550901216,0.029047556,0.05860267,3.78
COVID-19,6a2505b9-61a4-4fd3-81ee-c63140ab2b5e.webm,-432.12546,138.22673,50.03637,77.120834,-14.274232,33.697834,5.2312846,14.162439,-1.9961044,12.854302,-10.19406,18.111876,-2.2667763,11.484818,-0.70633644,14.461217,-4.959172,10.870644,-3.0000498,8.834226,-1.2701936,6.185747,-3.2872093,7.8903666,-0.57262826,4.877791,0.4746701,0.32002527,1998.686780728094,700.3983359271846,3973.462276647587,1501.085371746136,1886.8482573544993,644.0311283390653,19.079825492067226,10.865984858869714,0.10613348932549505,0.05104676096069263,0.032476816,0.07606566,9.36
COVID-19,f875b172-95d9-4236-8b53-20f55657c091.webm,-349.67166,190.96765,58.18926,42.978004,19.479696,25.299221,16.885246,16.107857,8.78273,11.599602,11.5447445,14.218846,8.493428,10.058499,-0.5960332,13.93333,-5.473786,13.64374,3.3328226,9.01185,-0.43146944,10.260083,1.772964,6.977302,-2.0495613,8.022646,0.520934,0.27300683,2746.1753193029695,1607.7554896522893,5447.652882543103,2905.965846234502,2539.0049740436257,682.913593450704,20.017987690050465,11.446591770228201,0.16868994701867815,0.13882107449651834,0.05917797,0.09875916,4.02
COVID-19,e7bb4543-bee0-49da-b7e6-3179d85a0b76.webm,-531.23627,125.065956,32.168865,38.973766,-20.098875,55.278294,-1.6044037,18.250391,-6.2885957,21.180206,-5.4993267,10.652109,-9.188083,12.707379,-2.2892888,8.243202,-0.13923706,8.308981,-0.9595731,6.390611,-1.9995322,7.4750824,-3.6264272,7.9596004,-4.520033,8.321141,0.29586047,0.32751298,1566.9841820649283,1229.0883004513971,2794.6814566984303,2243.5447384408994,1292.3132614648234,943.6474525116361,17.044377635683198,10.763660177638094,0.08714397071188341,0.07696863599277386,0.013796344,0.044899363,5.16
COVID-19,d495e6bf-5088-45ec-b3bc-8116c55a27a2.webm,-622.451,177.82092,44.235867,43.23559,-14.678701,37.263226,9.183078,20.889168,-9.211716,22.77436,4.5481606,13.818485,-11.5629,20.829714,-5.926087,11.189036,-13.600396,18.010561,-3.1843164,9.008256,0.7589222,11.694847,-10.02882,11.9404,-3.897253,9.455451,0.32279894,0.31742665,2359.84328911829,709.6709879407829,4849.922324126622,1542.917436936376,2265.616875456351,586.5641535274178,21.02292643548331,12.389812323043358,0.1816348669663915,0.15216952326819513,0.0068303654,0.015923155,9.84
COVID-19,ec497704-7e20-443a-a27f-9ce1926cc50a.webm,-549.25964,126.44861,36.365715,52.75683,-11.43458,28.106226,15.334064,22.101923,-0.13668573,17.847578,1.6398578,14.9329195,-6.3987694,13.597402,-9.48254,15.026453,1.2573141,8.645835,-3.905643,10.337238,-6.6167936,12.709861,-4.4259057,12.997593,-4.935191,11.539549,0.2936869,0.3311366,1784.9943067247723,1502.3149168538619,3250.472561818249,2602.9774161899913,1360.863459603509,1008.570083067646,17.178140631141027,11.036807434415918,0.10072528191332547,0.09135297361446644,0.0079302965,0.02262241,9.84
COVID-19,25b750e5-8a76-4c13-9fd8-851e45d1b5ed.webm,-419.07327,153.00568,34.043022,49.358597,-20.46671,42.518055,0.6243002,19.416407,-10.018669,27.749033,6.1227555,13.830489,-4.179511,13.79953,-7.915054,12.876658,-3.6504292,9.874188,-5.6621103,12.690698,-0.6780515,7.9645057,-5.4480405,10.731923,-4.7574453,8.423929,0.2729665,0.32628307,1532.8771463493754,1348.8582281011606,2748.759086177034,2453.603418617671,1173.4277495313513,958.8687257441318,18.80569927394602,9.806864712993107,0.11945501363502359,0.14059053399328555,0.03799035,0.08550347,9.84
COVID-19,9e4f4e7b-541e-4e88-80c8-458f62c12825.webm,-433.52164,175.01253,39.332764,53.62538,-16.806314,31.653774,5.4572835,16.998302,-19.498953,27.241827,-1.6690189,13.738727,-17.251402,24.000954,2.0897224,8.9513855,-12.937295,18.546595,-1.6225764,11.489445,1.9339079,10.272708,-11.471794,16.24579,-1.9194807,10.345001,0.24982025,0.3215349,1522.9766719654112,1505.8169849388391,2889.149435038783,2741.461178348205,1212.1102187129236,1059.395219352725,16.98185572415314,13.018804610379757,0.10321379959725537,0.11767426750056635,0.035826895,0.07253848,9.72
COVID-19,1fd4bd15-88c4-47ae-bbe3-2434af431df5.webm,-451.97534,168.35413,55.57882,61.16805,-13.794982,36.878365,13.291421,21.263832,-12.24112,23.464022,3.0141463,13.845706,-8.844033,14.198567,-7.1335077,10.272316,-4.008303,7.7122617,-8.362065,11.203186,-3.1460707,8.596585,-8.304562,11.49875,-4.9659824,9.526313,0.30650917,0.32816923,1575.6194124623926,1260.1839842594175,2982.1445266217415,2355.9529222880715,1359.0676341924902,912.9505090029212,18.807037945463193,11.848369380717749,0.09403810907879147,0.08744765815979075,0.020948557,0.03943362,9.78
COVID-19,522a43ec-3d80-43e4-97c9-c21ceb8b7a63.webm,-475.21924,182.29169,51.02472,56.723404,-24.047466,40.491272,12.896374,26.735725,-16.445692,29.7995,-0.35824212,9.750933,-7.6957684,13.546349,-10.044541,14.951566,-3.1801794,8.730462,2.0449915,10.15085,-8.526583,10.860024,-10.50991,13.156731,-0.16820493,7.116931,0.3235082,0.336015,1528.1011921465192,1347.943223809298,2706.135890794837,2318.8577707237537,1148.4101927396284,886.2223625560547,16.409671008616243,12.370981287598125,0.10338470901268115,0.09697952647145446,0.023979401,0.049188975,9.6
COVID-19,0640716b-e287-4181-a653-5b798e8308c8.webm,-421.7019,170.28627,32.165226,51.982204,-29.883806,39.260353,18.621197,30.136637,-6.809469,21.346388,1.7386742,18.086325,-10.517964,13.547071,-8.643123,13.990676,-8.471714,13.076357,-3.5471425,7.963651,-3.8093493,7.317902,-3.0215967,8.145901,0.22651507,8.139587,0.43164963,0.30779302,2660.2462609190848,761.8535977203583,4728.371813697537,1234.7619036636167,1948.4132321353297,554.8305447396723,19.999250091681287,12.024617091799472,0.18503245704075424,0.08402974565358175,0.030791322,0.06379955,9.54
COVID-19,8b8c5abd-23e2-414c-8ffc-2246bc508f19.webm,-378.01474,160.82735,80.34225,49.34167,-18.27514,34.546444,19.456835,26.275175,-23.93786,32.6146,10.347516,17.559471,-12.919692,16.369799,-15.13133,14.448321,-4.842685,12.568489,-3.4013438,12.923573,-0.6313448,11.934254,-8.694309,13.261558,-1.5136441,11.087752,0.42823505,0.3175507,2140.5171363599707,649.6894642148274,4159.074850643382,1127.270504255341,1827.412919827402,266.74361975616324,21.79535869456909,14.10523042769156,0.1543649017995356,0.07422520794196306,0.034121387,0.06161317,7.5
COVID-19,f6106423-2107-4296-8f2a-feab7047a322.webm,-570.1571,118.134056,29.121323,46.191307,4.8252883,30.621155,10.587315,25.708597,0.9685215,21.90412,0.21070512,11.89509,-0.88347316,9.997465,2.2681897,8.2713995,-2.0217793,8.449259,-2.3545995,6.6168256,-0.8743523,4.956857,0.14352705,5.5871577,-0.72970855,6.137446,0.52918535,0.27440733,2378.5017323862958,909.7094034683236,4757.221530593989,1835.5138565695668,2210.665372925717,601.0159469220157,18.281529883083444,10.480095487616241,0.13174399650127228,0.0677596785486449,0.0123147555,0.054620437,9.12
COVID-19,6b265018-98b7-4e61-934a-74b2b0bebce9.webm,-530.71893,133.52356,24.017149,52.507137,-5.5324817,27.529783,5.6549463,14.568961,-5.083388,16.623056,0.81891245,10.008799,-1.7466136,6.9980974,-4.181974,9.564602,-2.0552185,6.4393654,-3.0962908,8.526033,-1.83616,7.202877,-1.448599,5.2599316,-0.0023950443,3.2162635,0.22709645,0.33515984,970.9741216776233,1225.6457280570175,2054.7168320031474,2502.2335061410345,959.976555292741,1123.7415634248282,14.405116974025042,8.495022443235287,0.04412446605215827,0.060526799822884704,0.013768283,0.04456655,9.66
COVID-19,62de2524-c400-459b-98a2-746e0ed84eb2.webm,-373.87488,209.21396,50.837936,61.04234,-10.44752,25.007027,7.4510093,18.810736,-4.589929,15.04011,-2.5794396,11.175515,-3.7050307,9.546154,-7.0609846,12.618545,-8.820387,10.672716,-6.2351785,10.718676,-2.943785,7.2396603,-6.9613457,8.982843,-3.101802,6.2457905,0.469098,0.33363155,2063.696198967522,1312.9071077990977,3930.3115097792834,2479.6819646908066,1757.5622489794607,938.0164906988736,16.860516954791205,10.563759749369064,0.18461128715034966,0.17132516137562703,0.07279262,0.1569985,9.96
COVID-19,26d7e2c7-6614-4dfc-af30-acefde8a21a9.webm,-390.49078,185.54381,83.06099,76.38161,-24.395695,46.911945,12.066974,27.84921,-11.673908,23.76596,-0.6391632,16.72988,-0.42325926,15.167523,-6.32875,11.472699,-8.036099,9.379192,-5.97411,10.728903,-3.1265228,9.590632,-5.1632366,7.330184,-3.5031202,7.6028185,0.49131447,0.3041757,1787.0908840464908,807.9423567135553,3073.420579362624,1485.2521545202173,1499.9597924445084,511.8081580397619,19.783730075141484,11.831075301522102,0.1313412102929043,0.07392416371428621,0.044302937,0.073680885,7.02
COVID-19,c55e4ac5-03f1-4432-ada6-be2c30e76bcb.webm,-507.86768,159.07907,16.310787,39.640087,-16.669064,35.16948,5.8127522,19.107872,-10.105508,24.74098,6.454847,16.54969,-11.164338,22.094872,-3.6135955,9.216356,-3.5784774,7.063594,-3.562725,7.853299,-1.8809495,7.06453,-1.78879,5.7998896,0.9358774,7.301212,0.16237006,0.28037268,1207.3090954749796,1638.318449770367,2079.637977636256,2722.620239704361,753.6948915371179,974.5108560581172,16.104038420572987,10.815995242821867,0.07488637625888625,0.110816720610528,0.01849156,0.051398274,9.78
COVID-19,777470d7-add6-492a-abed-a2282e7bc061.webm,-358.76077,268.75916,52.930008,52.75046,-34.270264,37.673374,19.192661,19.43511,-25.150663,23.696857,14.263499,14.459029,-21.166925,19.901226,3.6773663,9.380106,-13.633037,14.637387,-0.7890198,7.0342236,-9.137675,8.965013,-6.2772403,8.382872,-6.5936284,6.8274746,0.60352236,0.2718407,2914.1190251072476,1092.683730014797,5384.103884396854,1868.2815159730378,2166.845201667666,596.5554211821277,19.642154903120726,15.548553226445422,0.2913832586684149,0.1771713321826591,0.05790498,0.090937026,9.96
COVID-19,ec1c43c9-5043-4735-9f66-905e47e22b48.webm,-257.17108,218.03603,70.63369,61.868668,-29.670542,34.061893,16.14336,27.401913,-35.974937,33.415146,13.973672,16.602167,-13.261927,16.463661,0.7441383,16.220814,-13.055484,14.38888,-7.518047,11.902586,0.73990655,8.051955,-3.2718508,8.557451,2.972112,9.228186,0.43800545,0.33333027,2106.0959648393205,993.9328442187851,4089.318558390107,1902.919758497391,1808.059254445675,646.4073518390081,19.73498510046341,14.61840132458663,0.14293797208234596,0.10806768948648145,0.13832517,0.17966974,9.78
COVID-19,5aa37322-c3d3-4a00-990e-4a5ce265fbfe.webm,-597.917,149.19511,41.17453,53.362034,-1.3634638,30.68988,15.589469,17.40165,-12.51236,25.179762,13.580626,17.473423,-10.762928,18.688244,-5.5247984,10.019512,-7.4923196,10.767738,-8.699941,10.924827,-1.7563173,6.4500947,-8.470548,9.215349,-1.1719044,7.5503755,0.5409538,0.28387883,2995.9989603216422,1050.0291486204912,5483.476987092391,1492.3108509999347,2210.1290027080786,506.2900654045591,19.178127563519652,13.753836350585422,0.2227954219504831,0.11172652373526033,0.005810415,0.014428877,9.6
COVID-19,c9cd6959-0d31-4c22-a0d4-46efef8547d8.webm,-267.64578,153.21292,93.07681,52.166428,-29.610453,38.098625,-0.74358106,34.869095,-30.619974,20.031818,4.4572153,26.169025,-9.464959,20.492231,-11.186818,15.748829,-9.778849,14.501686,-6.5579853,17.216454,-4.6480436,15.630552,-13.194935,15.034676,-5.8341184,12.077007,0.29644614,0.32393408,1723.7007969551357,761.371774144896,3111.6215954088184,1529.9971686042452,1393.2768309105588,462.2665315260494,25.130356232437805,12.779161303245527,0.11898511076626712,0.07367435341341845,0.10140167,0.14540352,6.78
COVID-19,bd2778b5-c82c-436f-a0f5-4e3209c6eed7.webm,-395.44427,224.30414,72.81464,79.62307,-26.818815,42.320683,3.7893798,24.908829,-18.697712,25.9566,0.7054489,13.245534,-13.077936,15.330483,-10.771196,19.296219,-9.700441,11.785159,-4.0380855,8.121623,-4.2415795,7.014146,-5.5209036,8.703797,1.0947348,6.6979194,0.41766167,0.35042414,1235.1497820619613,1041.9648148187455,2370.9123143609963,2012.9502232323296,1214.1344871467568,905.3812211071073,16.73283563354666,11.529881890544164,0.06861388008549528,0.06479591487418528,0.087741025,0.16048488,9.84
COVID-19,941da9ef-a286-4770-9d00-1fd4ddd8e2c7.webm,-118.00867,175.396,70.449066,31.737469,-15.145287,35.11842,9.34862,14.514202,6.2489934,18.036074,-9.814965,21.249239,-13.05847,16.67555,-5.623608,11.993982,1.0476772,13.43435,4.6369696,10.503099,2.9776216,9.311403,-1.3348829,7.6598806,-1.500904,6.919349,0.43211502,0.29071712,2916.8077348035636,763.6078290062139,6168.861143739074,1975.5187579401904,2733.945629201454,590.1326628577838,19.52110328294415,11.26722382190368,0.15104849577505827,0.06092416084545499,0.19731013,0.19987,9.96
COVID-19,9dc463e5-8b7c-4cec-92fc-e03eb5f196f8.webm,-508.60217,133.50214,42.25134,80.36806,-20.54813,42.57383,-11.335935,21.644955,0.60201854,5.165788,-1.2345892,8.342178,5.5220885,12.152168,-1.7787266,5.371442,-9.377972,17.309895,-0.53293896,3.798554,-0.6433722,2.7986612,-4.0181746,8.8855095,1.7380306,5.71276,0.30568054,0.35986888,1452.9869754781628,1695.78632810913,2523.325482536765,3030.960480517204,1050.3035471348737,1179.9943114001023,18.31625103566068,8.447094822819821,0.11890446282679738,0.14674770491854155,0.025721941,0.06380176,3.54
COVID-19,36535622-407d-4226-adad-48b010e8ee83.webm,-516.8799,135.30936,30.814547,46.826267,-1.6596173,31.013292,9.204108,13.789782,0.21127075,18.122643,4.7510414,9.66265,-4.4297338,9.598209,-5.574258,9.118425,-6.9820185,10.325533,-3.8515797,8.097803,-6.5660834,10.042434,-7.8345633,10.784432,-4.3601384,8.376735,0.3524582,0.35279015,1953.7065004892927,1415.446940049056,3802.7430330221646,2504.844580788823,1799.2757020227045,929.7214493196307,18.625903476112907,11.917816296406922,0.10838907747603833,0.10058691395546669,0.016463427,0.04580299,7.26
COVID-19,05f2d808-7044-4c4b-8fbd-baff611383da.webm,-371.12808,153.07304,45.472534,54.507244,-38.022575,38.415497,5.8833036,29.986877,-12.302551,25.129095,1.7623531,13.31768,6.0200553,17.212921,3.8370128,12.341735,-2.5149307,14.411979,7.4158077,12.244515,9.583496,10.637612,-3.4455414,11.037081,-1.0598757,12.279528,0.30125013,0.33132076,1741.9043665704735,1163.2899382980934,2961.0076904296875,1936.5174529535734,1207.623725656315,708.9157415313676,23.20329244081539,12.509415236760958,0.11421421595982142,0.09093157694428769,0.05071618,0.08901319,3.9
COVID-19,52de6b02-84b4-4e74-9061-983488b4e300.webm,-458.62347,153.88545,28.81244,42.52108,-1.2147998,23.103931,20.647438,28.10106,-14.048965,25.579105,9.062901,20.033518,-21.170801,23.773653,0.2996242,9.940934,-5.2681594,11.959558,-11.756528,13.370863,-5.2975926,8.644715,-7.673545,10.313204,-3.125552,8.577587,0.3372362,0.33227095,2507.332501409004,1605.8985450640257,4447.3468419815545,2632.205890389826,1791.079518379935,941.3826958002446,18.797852123146694,13.882545394807442,0.20438557709527222,0.16115030632930646,0.022961978,0.051871747,8.1
COVID-19,1a324acb-12f7-4eef-8e8c-0c71a47280e2.webm,-467.5529,184.64438,56.294914,62.88486,-20.214397,39.160213,13.626517,22.356466,-7.299378,19.935408,4.6855006,12.2869425,-10.650656,18.388329,-3.5209343,10.486243,-0.3569873,9.124158,-0.92785215,8.157604,2.198169,7.1222744,-4.152668,9.716216,-4.231678,6.8501883,0.46020076,0.32902443,2350.1029212306535,1416.9872278396474,4419.300938319493,2655.6883611479157,1992.5201234647002,838.1609001876266,19.46048583428285,12.559853173218182,0.18615466564685315,0.14590854585429355,0.018774122,0.03607675,9.96
COVID-19,4c71fdad-b09a-43be-b8d4-8cd3520c1aa2.webm,-383.1008,172.95932,74.13634,64.062004,-35.321598,41.133045,12.949247,24.707804,-19.859676,25.24423,-4.4722877,22.112383,-12.735979,17.370459,-12.783567,16.06933,-3.089149,12.275352,-8.801057,14.027392,-11.368246,15.8952265,-11.187656,12.850034,-4.402513,10.97982,0.3326505,0.32833284,1817.6342562836674,1157.1811071187262,3430.3872348008,2084.315942167429,1510.3153049098194,761.8365193119363,20.511706970891915,12.43238083526022,0.10925350821978673,0.07757690266470252,0.047993455,0.0683414,9.78
COVID-19,ad4f1929-696a-45db-89ea-265e4853c43c.webm,-479.37128,141.98828,22.631155,42.94801,-16.023045,34.046173,7.9083915,19.142944,-2.6952107,22.745728,-0.25225368,13.6929,-12.325176,19.425241,-1.669275,11.649287,-5.499036,15.202896,-3.1161475,7.179738,-3.2759447,7.9953165,-1.7209086,8.40051,0.18086393,6.6517854,0.49450502,0.3099403,3082.603155588557,1034.5902657191975,5335.406186769334,1628.6079667598385,2149.2000385149045,554.3463718880305,20.489288531416115,14.091509337443577,0.24522725569544365,0.11094737814197615,0.019528026,0.059435148,9.66
COVID-19,c8eb7e60-39c2-4d2e-ad21-855a6b3eee94.webm,-879.6773,132.1628,49.51462,63.09283,0.25951636,19.97082,6.4430604,15.728971,5.53636,16.67036,7.0442677,14.639938,-3.51466,9.483015,-4.971986,9.648518,-3.4290452,8.704317,-0.5209743,8.882216,-4.6350265,8.030232,-7.919868,14.523465,1.9936751,8.49962,0.60542244,0.31714714,3544.7863068174447,1547.3872546754549,6704.480748743444,2723.301721375613,2698.6285319715153,708.0226685146754,18.403013576228453,12.095905591114963,0.5264457222465035,0.324742705735288,0.0003216398,0.0007087438,9.96
COVID-19,913c4ae7-9245-458d-9ea2-6a2fea6042f8.webm,-492.43948,161.65083,54.054905,49.513046,4.4293795,28.357315,16.770555,24.051601,-13.116705,28.608776,16.456347,19.018679,-9.875026,19.719471,-6.4381447,13.122209,-7.9563375,13.315355,-3.3364015,8.968651,-3.4964154,6.917545,-6.230632,9.519122,-0.6152671,6.510538,0.5209579,0.27061337,2722.484034969597,971.6837330836348,5150.123554040055,1504.1548009640808,2166.085193794461,329.9858995984471,20.31855702493762,13.516114969468328,0.21571240504143646,0.11444770993511116,0.021173123,0.05621232,4.2
COVID-19,1fcd577a-af2b-4352-a735-a1d1a7e7d0b1.webm,-440.65317,139.69804,53.505306,44.81476,-4.6525917,31.079647,5.7886624,20.892263,-6.6963367,17.00356,-3.8074503,16.509993,-13.07295,14.875509,-5.511471,11.065853,-3.8552208,10.507258,-2.1720974,7.3309374,-4.569529,7.398682,-4.140805,9.209402,-3.0724173,5.980331,0.47350344,0.31308782,1966.3153609933465,732.9923417884754,3994.989113729508,1480.1033682023233,1908.5466914909878,453.8785002749823,20.268268797241742,12.715867401112467,0.11682386197306792,0.05651487204228596,0.020678876,0.05699501,9.9
COVID-19,f6d21dad-4823-4f90-8576-ef27ba0a40fe.webm,-435.6924,143.30548,30.361446,51.592552,-14.063552,31.564314,6.895973,18.937609,-5.963696,15.036813,0.97466624,6.7703667,-5.031539,12.417744,-6.6256065,12.116159,-2.0248961,7.488355,-0.99536103,6.31997,-3.4994736,8.702096,-6.860588,12.484385,-1.7695618,5.8813715,0.25298527,0.32884488,1281.1065028793032,1387.1999150729466,2423.872800217461,2562.9191048957196,1024.9415204385245,1047.7381484979678,18.10202932650938,9.824432712344336,0.06660508617912371,0.08094384347541957,0.030114746,0.06993443,4.5
COVID-19,c261cdbc-fb1e-4444-8b68-33c920047d8c.webm,-434.69464,178.19525,50.82789,71.65739,3.153169,28.838888,10.174537,22.262613,-8.768328,18.937067,9.052982,14.519823,-6.4744387,13.379562,-0.24777253,10.488961,-3.9066465,9.027383,0.5965834,6.590216,-1.2133088,5.6411743,-1.8052268,4.7148685,-0.7307151,6.5335484,0.5849391,0.25651443,2500.67263983977,1044.395602529554,4882.139825102073,1806.846942603305,2168.9688378131646,579.0921295904329,18.869961659641266,13.05225401609946,0.15957227543969849,0.08722574995950101,0.045216106,0.09389386,4.62
COVID-19,28027420-7148-4f4f-a4d1-0884389bc6df.webm,-538.78613,129.12231,21.699348,44.74552,-7.5514274,30.835333,6.4312434,20.77774,-5.438015,19.902386,0.9693308,11.34411,-5.1662507,11.972624,-1.628593,9.934312,-1.2301382,9.4713955,-3.6841648,9.425864,-0.7926233,7.3942366,-1.9246602,8.695725,-0.49149674,5.626793,0.27644798,0.3475142,1249.9998827815434,1462.79289014843,2396.5591718565743,2713.923939077634,1049.8601389451271,1134.361484038561,14.597827874599414,9.922453222484116,0.07455271594929246,0.08915929667469044,0.009438811,0.028614337,9.84
COVID-19,35618eb7-d045-42b0-8207-e6b80b58e920.webm,-668.557,163.75229,46.03962,72.06656,-18.86784,37.13794,2.3944683,12.226938,-0.7862594,17.849712,-0.86191005,8.995402,-8.000929,16.273952,-5.2674193,10.392119,-1.3674294,7.852939,-2.061872,7.497145,-5.2808256,9.896228,-3.8933895,8.112801,1.1558623,4.268831,0.60805213,0.27252945,3717.026362296925,1706.1597742455558,6592.67795676052,2992.788172609019,2446.668139795071,858.5101052544497,19.328651093691107,12.35236963147969,0.48090868657178215,0.31355500739975933,0.0036691965,0.00781666,4.68
COVID-19,8f71d0b4-c179-44a9-afb5-cc85047aca9d.webm,-607.7372,179.68576,25.528952,41.57831,-5.5682597,19.534157,-1.6560178,12.388567,-1.2430782,10.3056,2.6352587,7.7889695,0.355742,6.5499473,-0.017527493,6.1695404,-2.557805,8.667534,1.6182731,7.117954,2.0363522,6.551185,3.2801895,6.283137,-3.3074799,10.020554,0.5778624,0.26476532,2806.951683509705,697.7975922164452,5656.7897566829815,1406.5055101411745,2477.8685793062873,318.8256302986838,19.15179694293906,12.698969995342935,0.42819912462349397,0.23304978804462367,0.00733441,0.016322844,5.76
COVID-19,adaff9bb-1718-48b0-b376-2403b4603fa7.webm,-258.81198,183.04878,48.30228,46.02559,-7.508199,41.243393,-12.634927,26.631462,-5.9807343,18.981094,-4.5373774,22.445799,-15.679244,20.403187,-7.0815864,12.404882,-10.05009,18.506224,-4.3716683,13.668776,-8.21454,13.368655,-6.6939964,13.432283,-4.384612,15.866123,0.33452615,0.3198447,3136.1843550189324,1551.88552490183,5972.940025424719,2413.5124345776685,2574.625043727319,632.5263917645285,22.38849595268588,11.137196545536336,0.1838153639339152,0.1273643821307722,0.1103824,0.14877784,9.3
COVID-19,2e41a2bd-6462-407d-8078-9f7b86a54f52.webm,-289.52667,178.26419,72.35022,61.3557,-67.84244,51.95101,4.112551,24.797796,-20.076393,22.941662,16.799974,19.049334,-18.081814,24.998123,-14.293449,16.231411,-21.14244,20.966923,-10.223148,19.180584,-3.1910472,10.499431,-13.561317,15.201196,-0.29429358,10.094955,0.36202538,0.3253587,2210.0121780985974,663.8576958480171,3813.3414752110484,1335.552816833512,1595.2062331388593,412.2992600630941,23.06588689937232,15.351598831414211,0.161074959271327,0.060356490850099004,0.096464895,0.1021835,9.78
COVID-19,d0d4e84a-3692-46e2-a168-463896fb9d31.webm,-482.74554,124.10448,32.269516,52.0257,-5.922968,20.356928,-0.05451741,16.228537,-13.495772,20.53299,-4.417967,13.168944,-2.87545,9.36063,-5.221497,14.056147,-7.1131945,14.119732,-4.827759,11.496039,-2.6500623,7.483455,-2.6996086,10.054456,1.5239952,6.2216115,0.21062203,0.31557578,1145.1933675107473,1239.6384001627941,2217.6903024103967,2384.77571375721,1059.5542395252648,1004.2720508995994,17.797703200384902,9.761345528692067,0.06501777251184834,0.07637596321857133,0.020279596,0.050864935,9.78
COVID-19,7ae1ffe1-2259-411f-8ead-6c107e01e824.webm,-470.5366,135.46307,53.38362,57.089153,-5.0035996,25.503819,5.127663,24.423548,-4.922574,10.934283,-3.721134,20.14356,-10.011837,11.432536,-7.1188827,12.226926,-5.383428,10.311223,-3.1147668,8.299909,0.9728783,6.1748495,-2.975932,8.171218,-4.2380433,8.004085,0.31050268,0.33635518,1842.0135913445793,974.8726195530264,3460.4418713899586,1843.36543011719,1689.3217129139907,662.0773801458141,18.84843582805336,10.786531109906594,0.1299915765699052,0.10710726880742442,0.02069662,0.046929628,9.78
COVID-19,dc994f21-ea5e-4236-bc48-2fd980feb2f8.webm,-400.58102,166.83978,38.23091,45.625507,-27.070581,43.316265,19.534054,30.720493,-14.120089,24.055197,-5.3834085,24.990236,-13.69245,20.211836,-11.463028,18.131317,-13.040881,15.31358,-8.932698,14.244083,-1.414094,8.508683,-7.0346603,14.384934,-1.2627128,10.8934765,0.40582785,0.37271452,2358.628296733318,1245.009419199749,4235.177944960752,2274.180081326364,1766.2177821450261,764.7992100548078,19.482719228326527,13.184768512960087,0.1683852932464455,0.11876586959077753,0.05047659,0.0825155,9.78
COVID-19,5648bc0c-24f9-430c-bdbe-8f81522b8fc3.webm,-420.0472,150.68878,24.956877,43.678165,-10.40943,31.061651,15.718427,28.207756,1.7406971,22.065598,4.5144463,8.983741,-4.4388466,12.75892,4.844227,11.414307,1.1320865,6.5993133,-5.533974,12.740767,-3.6385803,9.419993,-2.373638,6.7556405,-0.950498,8.96508,0.19808544,0.32277766,920.5374613935419,1437.3413950763345,1637.8107485563858,2331.301024912716,749.9613346437917,958.8456746817706,15.97176565477373,9.578283285584627,0.0509033203125,0.07531436346653918,0.036066458,0.082035586,4.26
COVID-19,5418a808-f17d-4985-a1eb-5d1ee3647cb0.webm,-496.516,164.2271,20.412308,44.87926,-13.551296,33.5014,5.121459,15.27538,-5.908602,14.945133,5.46669,14.470552,-7.678849,16.262577,-2.2888458,8.671286,-5.0127964,11.4561405,-1.101624,4.837403,-0.542485,4.5488844,-3.2514853,7.7426586,1.413401,5.6874533,0.61937165,0.24889769,3234.8549327583823,605.2649919754435,5977.785575107376,1084.8444989975449,2410.0609161713305,394.45537958833876,18.233409401545693,11.898493763720678,0.25856112077902843,0.07154105942087505,0.0262478,0.087023415,9.78
COVID-19,cc47f830-9785-4651-9756-cde2f39fb494.webm,-401.66992,179.5539,49.749664,46.32758,-15.016762,34.5324,22.66569,18.450455,-10.926207,28.592733,10.359922,17.449081,-9.07007,18.747252,-8.438197,14.289513,-14.741897,14.883073,-5.271834,11.576633,-0.9165032,8.823309,-9.981765,9.932427,-4.273502,8.726226,0.3908743,0.31232032,2435.640744451593,704.195343687692,4587.832991803279,1136.7751558938105,1906.3806485175542,296.0100745964599,22.161501635185576,13.630106154905576,0.17452109557962528,0.08360192881889662,0.04439157,0.09059098,9.9
COVID-19,fc09bf22-b83e-4f75-9db0-0d1180019ac2.webm,-359.4842,172.55954,91.97825,51.569183,-35.620155,42.724533,13.912843,36.66092,-15.413422,41.940144,19.985708,17.851599,-24.903124,31.70553,-6.295126,23.014048,-9.2379265,18.117458,-5.4396996,19.49845,-9.240275,16.01292,-11.103124,14.246204,3.855802,11.317231,0.33117276,0.31452057,2063.939517248728,957.9966116570369,3639.9079024649463,1811.1373946499482,1594.6745657446668,518.8653487861219,24.103982306721434,14.649537792736398,0.1484002088305489,0.08284965955026088,0.04072446,0.051115885,9.72
COVID-19,e912a108-0d63-4731-abbc-dd4402b8db68.webm,-414.66904,116.279465,58.029537,67.75602,-0.6274656,33.505848,-4.2572393,16.863487,-8.1117735,12.942924,-6.0359173,12.832514,-10.320618,14.017671,-8.309507,13.71971,-6.4819245,10.758534,-3.5742075,8.554302,-3.4740703,7.685236,-4.6090508,8.813638,-1.4030153,8.869721,0.41889748,0.3139475,1843.6580400143237,836.7903634533388,3488.277334537146,1813.3195000990497,1673.3814650521672,674.5757516590969,20.627293449071168,11.533218151145304,0.11034234964622641,0.04817360935107216,0.035381813,0.07628704,9.84
COVID-19,583b78b9-ac37-4921-9865-fd6f683ad3e9.webm,-352.24292,220.0178,25.756151,38.7382,-29.312803,44.171135,12.948599,26.840038,-17.503414,25.327673,11.260866,21.73126,-21.273762,28.083794,1.4667112,11.416163,-7.475426,12.008575,1.6890116,9.420268,-0.54195386,7.0921407,-3.670857,9.026788,5.869694,10.479617,0.20429394,0.30318558,1649.6806134921615,1735.7265324990976,2917.8775031697496,3022.2171728789367,1074.5998933897342,1074.2043407249153,17.181614819176485,12.797229867582866,0.11735531026252984,0.1327585970466641,0.09892675,0.16375665,9.72
COVID-19,38c23848-68c1-41a6-b8c8-5d0685dc0246.webm,-388.84848,188.22327,95.05006,93.18092,-36.936977,53.581963,7.594247,21.174751,10.132745,20.303318,-11.098931,22.601479,-5.411625,13.909608,-3.0600839,9.6880455,-1.5230494,10.538613,8.405257,10.474306,-6.623793,9.82285,-10.434685,11.025757,1.3040138,7.538231,0.5330215,0.27637064,1821.7565840668042,808.8592127623613,3400.0218557026574,1828.6730403776562,1570.027494258263,786.266563219319,20.014721945100607,10.410927522677744,0.20601375374251496,0.18127394502225505,0.059500888,0.083640784,7.74
COVID-19,274fee77-6d89-4b0f-962e-28969658b430.webm,-611.85376,137.18723,19.619366,44.752117,-5.678103,22.638756,4.4524837,13.915429,-7.2300167,20.393375,-0.81070596,8.103098,-5.8285117,15.119795,0.114957124,7.5930157,-3.6546817,8.640536,-4.4193287,10.175248,-1.2167373,4.160554,-1.4896829,5.2845297,0.20580567,4.1984725,0.20511486,0.31691542,1073.4312419972389,1568.9522972188508,2014.363073130123,2843.6993099888846,850.4700626930851,1129.519444019968,12.996140281831044,9.032566384509025,0.0785949849970726,0.14729638274325701,0.007084326,0.02534774,9.9
COVID-19,5ec8a4a2-09ee-4e6a-b348-03f174c9f81f.webm,-521.7291,254.32184,32.811733,44.874287,-42.761627,55.390606,9.370654,23.661274,-40.17557,46.40394,9.61018,15.522155,-22.733942,29.056475,-0.8767705,8.7431,-10.799931,17.0542,-4.480384,6.960352,-1.1372285,7.4252415,-6.4347496,9.748784,0.8845986,4.031926,0.66818833,0.2167284,3613.7652227940657,708.3854606854595,6179.10512506706,889.6667244053803,2315.5642902516893,373.9575312546213,18.528173157170205,14.680571406666571,0.4276777930525751,0.14396214318544556,0.019414485,0.031255167,5.4
COVID-19,9aea1b03-9fc0-48c9-9e62-a6ac15633c03.webm,-505.15143,148.07399,26.458475,42.449707,-28.968153,47.47512,-6.2974,28.829624,-7.4930553,20.658445,0.4677783,19.20932,-10.476228,20.450537,-3.9693651,14.154329,-3.579834,14.87374,2.2480848,10.192241,-0.28291494,10.9261055,-2.945463,10.501516,2.664541,8.676122,0.34030658,0.34484932,2963.2175066562972,1409.5246201808561,5121.851386398565,2313.2529084974194,2040.942122629533,835.9138517035558,20.232942851744937,13.067947431101578,0.2106413294057377,0.14873181757754086,0.018776797,0.05161973,9.9
COVID-19,a75adc66-7f70-4f0f-91f7-7a2a2eac61e9.webm,-384.50192,158.25829,60.247715,52.68216,6.967033,37.846867,37.184418,34.527714,-27.082987,35.081173,14.397202,28.31151,-21.35227,21.64252,-16.976267,25.26588,-13.033187,14.717406,-13.625191,15.553987,-7.092938,16.710321,-9.721766,12.442041,0.6748641,11.222885,0.35742486,0.31916314,2531.457603602722,1267.8509238614909,4436.43798828125,1853.22269213763,1844.6436844167765,496.44288413746824,23.3878176223148,13.694597521848644,0.18651636096014493,0.12320559207776573,0.045096673,0.08644535,9.6
COVID-19,756d7aa4-e12a-4eb3-b119-2b8a7db0abb6.webm,-420.89783,173.17268,44.32836,46.493164,-3.1618724,17.686274,-6.5325713,18.655807,-2.5388737,17.595617,8.911301,12.453861,-6.0388317,15.160948,-1.8149747,15.522075,-9.75963,13.615568,-2.3396986,10.709955,-0.52412534,7.5255923,-1.5131533,6.9798074,-3.2052176,6.9328504,0.49701574,0.30412534,2918.2073353664896,1152.46115172809,5819.619571461397,2146.173923352393,2581.6301694420663,532.9398359494556,20.29640399764625,13.083092534819018,0.18584640887605042,0.09511962515187686,0.03686706,0.08189986,5.52
COVID-19,a49d942a-331a-49b5-b755-8659a12fac07.webm,-488.41672,179.26044,30.911291,65.20875,-15.104643,33.286915,3.3048377,11.685678,-10.547803,23.876774,6.062844,13.43632,-10.2142515,20.379984,-2.316174,8.101508,-5.0492063,10.628432,-3.7893703,10.442708,1.0961292,5.345799,-4.8464527,9.978654,0.3351954,7.791086,0.15107203,0.27348652,851.6978986314531,1396.7886296451866,1497.9608472489633,2410.6207362986047,668.0278278794361,972.8557148926287,13.179631358756067,10.759057824275233,0.05861804835604265,0.11448823641301926,0.03464722,0.08100339,9.78
COVID-19,080b6119-f1ab-4337-93dd-aaccf73b4ee1.webm,-471.54828,99.83583,33.804047,44.86055,-8.432218,26.550037,-2.9042714,17.76491,-11.385969,18.944542,-1.8567258,10.0268545,-8.727019,12.575552,-10.757841,13.730234,-6.983629,11.144776,-4.6886954,10.608405,-1.0333458,7.234864,-6.273473,9.221726,-3.5412912,7.239928,0.32095468,0.31288415,2287.3148408605116,859.5100833546982,4258.879776362559,1385.082504627024,1864.3317928420881,395.74697211090773,21.66093774675487,12.522367782299948,0.14443752776954977,0.08368308338460928,0.012641623,0.04277746,9.78
COVID-19,309f7a85-57c3-4b1f-baa9-d1290d1d1b23.webm,-473.8873,136.66084,32.622135,62.392094,2.3594398,29.404175,7.213452,22.361626,1.3158631,19.108028,7.7417297,17.17739,-1.1075416,12.269918,-2.3625312,10.200486,-5.251128,13.265937,-0.8993138,8.38339,-2.6623764,8.741924,-3.829782,9.317982,-0.595091,7.4883337,0.2151147,0.3290596,705.2708668566376,1147.0388973223519,1385.172702955163,2289.663123335237,706.3916504996562,1015.244189945771,14.640233891338603,9.144980502542584,0.03669421799516908,0.06307170318954351,0.028925665,0.06467399,9.6
COVID-19,61a24f9b-0865-49bb-a329-2d1bf33c9ae9.webm,-273.50208,254.69788,66.82011,48.195507,-9.185135,20.504145,-0.27550873,18.073946,0.09061826,13.069204,12.525726,10.960508,2.2270691,12.173675,-1.5413382,10.35954,-8.097341,9.360155,-0.80184,7.88825,1.9327112,8.122253,1.052327,7.8097835,-1.8594638,7.26713,0.46543545,0.31428212,2450.2389002748205,793.880981719105,5139.235590412151,1812.2947268243927,2502.758935749852,444.2769854121698,18.80335179323404,11.778029159112709,0.11587533862229102,0.08216018101992693,0.102557935,0.114715934,7.5
COVID-19,2818c2d1-e833-4f62-ba16-8f564a525398.webm,-501.89893,158.04662,46.808327,50.473194,-20.220396,37.69878,3.804868,29.98623,-27.414576,28.765781,10.399728,29.927305,-23.550167,24.566586,-3.447202,15.147713,-9.787331,10.535546,-8.358951,9.547925,-7.396988,7.795547,-10.68982,7.682549,-2.4850595,7.867538,0.5008586,0.27930817,3017.2259200328454,1105.2660811716546,5214.683554409805,1288.3719422029876,1965.8697085064573,436.3454262560465,20.63735685778585,15.05245545385447,0.25073936426244076,0.1240551876033829,0.0128394235,0.024593448,9.78
COVID-19,493632f2-537a-4a36-a932-268a8aa59486.webm,-504.46304,176.79318,21.572557,44.01594,-14.21146,33.00288,3.606299,13.661953,-12.059998,26.788076,3.368141,9.170712,-7.69203,17.532562,0.02058199,4.6140757,-4.3531766,10.376532,-2.1562502,5.854308,-0.34564,4.199915,-2.5572464,6.0847898,0.64259166,4.7611094,0.2431774,0.32739985,1347.6662487746166,1545.1810368470922,2578.064053946168,2829.2303002453064,1055.410475834352,1134.1968643213968,15.340096524835957,9.817717725233125,0.12170915069951338,0.17697298307648904,0.026233327,0.071988195,9.54
COVID-19,32ba514c-b6e5-45a5-a62d-a4555084e3ed.webm,-401.20847,190.1694,52.280537,50.678688,-29.2379,31.97442,10.493743,17.956217,-11.377955,21.593943,17.089249,20.48135,-11.274359,18.62004,4.8793864,9.506207,-6.353078,12.424021,-1.9285561,5.6064024,-2.4382033,6.3831086,-1.7724642,7.801175,4.5652027,7.371326,0.5732384,0.25213975,2559.831424861544,404.2645341467061,5102.759710347877,762.9277387066801,2131.0859826161927,257.93547014026797,20.200744078090853,14.329592058686437,0.1858370798938679,0.04868353528967888,0.032591127,0.06090452,9.84
COVID-19,c98b76a0-089e-4552-8649-2804e2d95403.webm,-464.54587,125.89844,13.242303,36.56829,-9.969342,22.419292,5.0250344,17.493582,-4.3266664,15.602548,8.043475,16.26959,-5.592254,12.789159,0.044356294,7.863939,-3.4734187,10.600392,-2.2492416,6.1739955,1.0318658,6.213742,-3.6646428,7.974109,0.77708226,5.417204,0.49615029,0.3058377,3231.6464180446455,676.0720406364183,5665.847893480985,877.9390260536243,2180.48279323418,273.4840366594067,18.912939164234498,12.834938295325674,0.27096154554834906,0.09172463187986414,0.021037316,0.079537,9.84
COVID-19,db234c88-9a58-4947-a852-d7f2584128ef.webm,-378.65442,163.88829,60.31572,64.30142,-29.835823,43.635555,-1.5419846,15.709503,-3.7905145,16.47413,-7.228815,14.607487,1.132554,8.889311,-4.0216503,13.524487,-3.0207696,10.059451,-1.1072145,8.282945,-3.45654,7.5651927,-3.2312088,7.5683365,-2.8133938,7.782814,0.38112974,0.3183255,2013.7966078842592,948.5916915841069,3687.799456402972,2027.2822482748086,1728.7141041712177,747.7201525975452,21.08994989041197,9.391792446540157,0.18137998069638694,0.16915050648098653,0.0529169,0.106773585,9.96
COVID-19,5e117d03-3fcb-41a8-bc6c-2855e9a695fe.webm,-490.52817,78.55107,65.62434,26.144218,25.18295,19.638237,9.864032,11.889174,-12.010509,17.58251,-4.4398837,13.586372,-11.169906,11.354832,-3.969578,8.519917,-6.0525002,14.197331,-1.4084865,10.477025,-2.3209984,7.3709874,-6.99075,7.192475,-5.5317416,6.3158183,0.33916017,0.31877723,1835.4837145679658,775.6236518492445,3814.757770040761,1627.3483974421647,1931.2019902338557,368.57394313631164,21.22141142559577,13.471591536325002,0.09511813103864734,0.06642514305466189,0.008159268,0.031206716,9.6
COVID-19,3db14b07-2720-4fa9-870a-725fda24a0bd.webm,-386.0957,209.65892,46.25312,57.216637,-18.138172,27.841475,20.645334,25.621986,-7.347672,19.514105,-6.3058395,11.43207,-10.571677,14.359297,0.58485484,7.0055175,-5.4195714,8.065713,-4.282597,6.337431,-9.351193,13.554202,-1.9576106,3.7628782,-4.519841,8.221227,0.4256414,0.3487384,2480.81796940833,1488.0392424270444,4487.611161901596,2539.7695483285493,2006.0431838660397,778.1751594699833,18.970879894147863,12.483012700723428,0.1782486286569149,0.17170246794124128,0.0712797,0.10602117,2.16
COVID-19,06b568b5-b9f8-4334-816c-c16009bb5de7.webm,-248.57797,213.22182,90.97059,53.03166,-64.01798,45.806316,11.269147,18.726395,-29.099844,24.928507,15.348288,21.726746,-24.623562,22.741432,0.09219912,13.912685,-26.085434,17.549858,-1.1590518,10.290943,-1.3371383,9.154441,-13.693006,10.116014,-1.2031956,7.1418815,0.48548508,0.29290524,2314.9070911208555,865.8128668120933,4119.664197865099,1594.2406531913093,1791.4854259510378,454.52685218663055,21.714143295944492,16.068019275528552,0.20259804300742573,0.17117962997443903,0.118094265,0.13496996,4.68
COVID-19,58970bd3-2993-4762-8b21-0c5a2937c16b.webm,-326.6651,180.9904,60.397423,42.132896,-31.319073,39.207684,15.61279,34.84796,-52.299175,35.045654,5.554725,24.08387,-16.399878,20.349695,-4.691086,18.01528,-15.4791355,16.614908,-13.852125,16.330807,1.398422,12.2739525,-9.17573,15.552762,0.44462642,13.300576,0.3770804,0.30654782,2481.464591064065,765.7953727414949,4509.161763251583,1046.9691159846443,1812.3343186221546,280.1041394809333,22.400170956390298,15.535744020372022,0.18151391910601267,0.08492537604243387,0.06610119,0.08846679,3.66
COVID-19,90045916-073a-43b7-ad8f-979a182c5fe3.webm,-389.44034,168.04897,32.160984,40.482986,-6.4670258,16.64057,-5.428756,13.744574,-1.011555,9.882006,-5.9376707,12.489455,-6.1189857,11.905622,-9.8473835,14.710035,-4.2015805,11.37138,2.4622657,5.868016,-2.9253783,8.332685,-4.8286715,8.877873,-2.8729055,8.001421,0.50002843,0.3032417,3334.868317887092,1318.3949442990524,7041.206840034965,2841.780132064042,3026.952879437504,702.020310702193,19.728963412362486,10.855283952602386,0.19862917030885782,0.12141929342034147,0.030608255,0.059372943,9.96
COVID-19,03d30b8b-03f8-4089-bda8-0e14deec7d82.webm,-385.89545,213.52116,33.695217,48.524483,-37.33441,54.604588,12.209332,26.450918,-13.616888,26.157106,4.340451,15.356788,-20.632809,26.44986,-4.729318,12.65269,-7.567297,12.01446,-0.43386203,10.614897,-1.8679003,7.7491984,-7.0334153,11.670209,2.9944391,8.44351,0.48298907,0.30095446,3177.3923725942677,909.8848800856575,5460.274328439722,1546.0239732529717,2123.21940068452,576.3529526582547,20.10606743937601,14.286911576114893,0.31404583827014215,0.1404795049954307,0.07988628,0.13945661,9.78
COVID-19,99b2dc16-7b5f-4d45-99b2-c3768262be3a.webm,-491.39136,148.67578,25.621115,52.161854,-14.33896,32.2665,5.434223,18.083841,-8.514064,18.010504,2.1654701,10.256578,-3.400262,13.634143,-4.748397,11.115248,-2.5125663,10.7941675,1.227021,4.5898485,-1.127885,5.32237,-3.7014334,7.531537,-1.5074826,6.1638274,0.542517,0.2892221,2957.011159253885,809.740365176177,5368.043843490817,1617.133678638594,2225.4945992753082,631.0103990514071,18.334446463681072,10.678598657046987,0.25075209197274884,0.09044664807366838,0.020013945,0.06907499,9.78
COVID-19,f7c0a229-049b-49cb-a6f3-ad2b0e7bb90d.webm,-534.24677,167.13266,29.201427,49.82423,-15.560428,34.199806,6.6859803,19.048506,-7.6037035,20.27128,-2.2068264,11.756989,-10.634489,19.739113,-0.13582075,7.697825,-3.413983,9.537995,0.6140319,6.8158216,-3.0617785,7.0940547,-6.194859,11.432116,2.4603028,7.1945667,0.664125,0.24590562,3324.3585495318753,1049.0557893725913,6332.577164446721,1939.6451379178159,2531.075267055453,601.2104402594305,17.576662189083397,11.359024338375129,0.5419395857728337,0.2818281152089037,0.015335581,0.043247018,9.9
COVID-19,10344906-5f7c-4d1d-93a8-56585cc33b2f.webm,-366.16757,153.08911,103.694664,87.74608,-19.001116,43.346924,1.7811003,16.794998,10.224026,13.845276,3.7386327,11.803514,-10.397202,13.790579,-13.880042,13.785474,-6.673695,11.326131,0.079681225,13.567539,-8.110261,9.38442,-13.156944,11.605825,-5.16112,8.95113,0.32806233,0.31729048,1364.4619212027446,704.2300026259657,2481.7908861360497,1367.6647388693257,1310.1396128924612,551.6381235573407,21.646991424577706,11.236961215827922,0.08362288501381215,0.04904508723658605,0.069400005,0.08634803,4.2
COVID-19,9d691598-b7e2-4d3b-a90a-afd4ab47abad.webm,-415.13824,179.66054,59.862804,69.39501,-9.3974905,26.987053,8.901874,18.422588,-15.172019,21.45694,13.805026,20.750927,-9.560995,12.877314,-5.7801166,11.316782,-15.244491,17.226305,-4.535247,8.864004,-1.3974289,7.174919,-10.6043005,12.563473,3.053883,9.074617,0.37477207,0.32742652,1687.8522739938637,1360.136679719519,3230.8377625512294,2592.4113685074085,1498.567119618845,959.3363624638066,17.014483205662938,13.455427482885106,0.13014925168325528,0.1436806015519692,0.047658924,0.08995788,9.9
COVID-19,1e8669cd-1a0a-4059-a618-6faef2fb534c.webm,-464.22366,133.35837,24.780575,57.85422,-3.7455034,32.840702,15.038723,23.978348,-14.861588,23.372652,11.339478,20.215212,-28.18832,26.703775,-1.9304352,12.798735,-5.883293,13.030463,-4.6693635,9.781301,4.8834105,11.068087,-13.429376,14.460684,4.3052025,10.908608,0.40785488,0.32496527,3533.5451432372106,1340.129551229842,5578.078391335227,1523.8728008208639,1920.718982944652,516.593740150277,21.732397677976174,14.894908766307262,0.3200234010780886,0.1455519994663667,0.01852859,0.043657534,9.96
COVID-19,dc912e03-2934-4e67-9056-c83afaea4648.webm,-520.9001,185.05914,42.616024,56.584698,-14.706362,29.02705,-1.4790372,9.144639,3.1436734,6.490704,-0.8157281,10.261479,-6.815613,11.786685,-2.7953136,10.953137,1.7797725,12.471782,-0.23357199,8.077203,-5.3877373,11.241617,-2.0574963,8.100093,-0.41570395,5.9538403,0.4575151,0.2892855,2470.0238147895066,650.2639812765584,4793.370768229167,1672.2920121691213,2311.140707470214,570.6091743234824,19.46932947324593,11.301707390708696,0.15143590856481481,0.04141524703609305,0.017496875,0.037712913,3.12
COVID-19,d5908fa3-9410-4f60-ba27-a57cace776ae.webm,-552.0843,133.98276,27.706285,34.04884,0.039437853,19.27864,9.560673,18.217516,-4.9607716,15.981544,1.7650663,15.6238785,-6.724482,13.278768,-3.2229855,7.9485373,-4.8074527,6.465154,-3.424039,7.060489,-4.4860387,6.424408,-3.7062232,4.7699447,-2.3955925,5.9312453,0.40633476,0.29808146,2501.454109545457,443.22452104517953,5009.174380095109,777.0366594845191,2212.33312977938,240.63712997692124,20.14602817084004,12.62334985224731,0.1413302951388889,0.057945253755632566,0.0076711327,0.026354156,9.6
COVID-19,e56b40e6-935c-41c6-a04f-cfa133d69cec.webm,-463.43204,154.08328,36.397926,52.13984,-17.344818,34.24943,0.007887543,21.481663,-21.242245,31.137344,7.288332,15.512555,-7.486573,14.76288,-1.1345878,13.2761965,-5.2406836,13.308963,-4.087752,8.240615,4.1813602,10.011286,-2.3471382,11.186537,2.8870716,7.460289,0.49546143,0.32846683,2993.1835626787265,1517.8584444759147,5377.451011782787,2399.165037079299,2081.939944874086,810.2361127240644,18.276375074008175,13.965727473912894,0.23375178388466042,0.17371717400404946,0.020117672,0.049222987,9.9
COVID-19,5aa4dae0-fe23-4eb2-9d62-e6016a1c9f8a.webm,-459.40152,154.08672,44.385498,70.071846,-13.705202,35.467705,5.2869716,14.753938,-3.0207016,15.7661705,1.1427988,7.1760116,-2.1223886,9.015255,-3.7268252,7.2678895,-5.8316793,11.641614,-6.571268,11.6111765,-3.8291554,9.20559,-7.163779,12.18089,-2.7666974,7.9553413,0.18159683,0.29955533,829.175002524923,1229.6900796623186,1447.1894322978376,2147.860849659469,669.6073784322593,862.4863727074311,14.256059452509685,9.737858747828634,0.04096124296504739,0.060918457774770444,0.029373406,0.05987781,9.78
COVID-19,17ff41b3-1ac5-4689-b5f1-056851201c26.webm,-380.03137,187.85097,91.3187,74.89436,-35.475185,56.31554,15.914732,28.831678,-3.328944,29.322874,-7.780186,22.605852,-8.650007,16.763449,-9.872913,19.21999,-8.444982,16.121984,-4.56575,12.388304,-10.159899,14.974326,-9.669617,13.859558,0.87658703,12.621504,0.38386434,0.3092469,1800.6224477225621,937.0798381508272,3281.2481491143953,1715.2094835730334,1488.551755117728,649.650247977523,21.808481907685064,11.273487130179456,0.11909479354693141,0.0739785554379512,0.0663777,0.08584519,6.42
COVID-19,28c76cca-15d8-490a-a785-9bbb5c21fd26.webm,-428.3947,156.40176,77.87288,68.1365,-22.572325,42.49147,11.531526,21.906858,-15.944186,25.602457,-11.573006,18.290583,-8.858549,13.735186,-19.304585,18.201227,-10.609487,13.75862,-5.5971513,13.344977,-7.2228413,8.040093,-7.2589974,9.575331,-4.1917105,7.316539,0.4863843,0.30864695,1931.5033123566943,959.7515169522017,3624.8912883254716,1813.3015895834183,1621.7745217169988,655.4315886650412,19.76964186883255,11.60922448504491,0.16310436320754718,0.10720186921965225,0.031809304,0.06258337,4.92
COVID-19,11237f1a-3eb2-4cf7-80f7-116df4b1699a.webm,-507.7209,173.79973,76.62021,74.57913,-33.22364,52.43524,2.6518748,33.07782,5.4166183,31.406298,14.08681,19.941607,-10.748488,20.916376,-10.681421,17.213238,-5.1817813,16.813576,-7.301141,16.715647,-3.7183878,11.968126,-3.9617476,11.256028,-3.6315768,10.318914,0.41230953,0.34499142,1897.188539745319,1218.534096077783,3266.8751109730115,2288.2998041106193,1448.8165297212963,864.8375834472505,20.274726443596535,12.921715018872463,0.11981386126893939,0.07686792428425461,0.016916027,0.031502604,9.18
COVID-19,6cc200db-e499-4074-906e-8c335c298fcd.webm,-426.24832,179.56761,42.16678,67.54619,-24.4122,41.580776,8.970043,24.635641,-20.985592,30.220266,11.905431,19.189665,-3.555344,15.357181,-8.764763,14.096771,-9.481548,16.09458,-5.508807,13.0197115,3.0955334,13.401529,-6.6725235,12.983544,-0.36039117,9.761908,0.34035563,0.34889802,1780.7599122817917,1405.4293887423942,3310.3391553534834,2469.799508927326,1415.1083411967086,991.006522697476,17.605492604819865,12.242472899774494,0.11807143771955504,0.11125996371878916,0.039427295,0.070897244,9.9
COVID-19,c6d2eece-2c2b-4192-939e-0096ad9e3332.webm,-567.4729,161.96173,36.49584,41.664864,-5.1172523,38.35672,6.7288013,18.342365,-12.188437,22.633392,-1.5485544,21.590559,-16.495995,21.48687,-9.748871,14.911024,-7.9693637,9.050873,-5.820163,8.97642,-1.9272748,7.807939,-5.0178013,12.166113,2.3923614,7.8601413,0.4080794,0.32744572,2571.5420575574058,797.1966263964553,4946.036214761801,1521.2091441835207,2183.2377360992004,416.3988684297712,19.564282906124912,13.032206756608726,0.15576740967365968,0.08007905130255605,0.013228897,0.039345782,9.96
COVID-19,e272246a-5c0e-4549-83b0-8330cfce867e.webm,-529.33386,170.83168,34.124043,44.511345,4.110946,24.463785,3.966541,13.790061,-2.3994951,14.447629,-1.0275602,12.88615,-4.176319,9.042925,-3.190952,6.1492343,-2.4374619,7.1371636,-2.2179508,7.3767214,0.049999744,6.011401,-4.0889235,7.4801874,-0.47632957,6.2889643,0.5837479,0.2812611,3374.755787724375,1460.0940634995093,6570.864462685752,2631.3416473833963,2783.5791081192233,553.4429894442743,18.20650144556482,9.848669160091923,0.2896281778117716,0.2003315723855965,0.017049022,0.046963833,9.96
COVID-19,18e49b6e-60e4-4eb1-8de8-e8261576dbfc.webm,-472.60706,177.1441,25.188108,50.80488,-13.681495,25.58977,10.342525,20.148472,-16.234917,25.54975,10.748374,18.520681,-7.7796535,15.041335,3.4704723,10.628967,-2.9384406,8.820691,-4.7958655,10.138716,1.2844398,8.016034,-5.802764,9.817743,-0.9183957,6.4914904,0.31644347,0.3290048,2557.1126044990174,1980.4326784922562,4141.233350409836,2987.4872284501657,1463.2920179244936,1026.463990476612,17.464110106513324,12.91754973932969,0.18221466993559718,0.1743903488562517,0.02550428,0.06611889,9.9
COVID-19,72eb0edc-42e6-40b5-b788-39d8dae7f353.webm,-485.27316,180.66011,26.163778,44.980408,-7.9325123,25.853909,9.214586,21.452215,-5.9299536,16.731436,10.477408,25.880949,-10.254662,18.780035,-4.983981,8.95472,-4.8994865,9.015156,-1.1966836,5.274335,-0.72922623,4.487778,-3.5694628,7.9181223,2.1114695,5.767228,0.42786837,0.31841096,3103.8854926492536,994.5893886432004,6138.333638509114,1593.471681487248,2526.395152848536,471.97933166996694,18.41122100990363,11.508684998918733,0.3930946632667824,0.3068076266860372,0.032606225,0.08503614,10.02
COVID-19,ab8ecc44-d33a-4e85-8e31-28cfe827fd17.webm,-335.6347,161.17435,57.454205,55.31855,-30.692745,47.189335,17.729826,27.597837,-18.196285,28.067295,-1.7424628,19.710978,-20.137815,16.68581,-5.753283,10.883174,-5.0222535,11.890245,-5.294318,12.459453,-3.0001004,11.198761,-14.801746,15.917261,2.5100894,10.423087,0.38152337,0.32040575,2344.1232408546475,929.5560218253265,4094.685853202388,1583.1117995259165,1680.608745868097,412.3539579695971,22.06688234424595,14.557973676321982,0.1709076503537736,0.09509224523159845,0.051857166,0.07409742,9.84
COVID-19,8bb8315c-9afe-4205-911f-222c912f980e.webm,-503.92502,187.74301,31.740154,57.12243,-19.641842,35.427803,7.2210917,19.009604,-9.242636,23.74344,7.0769744,13.0868845,-7.1933303,14.72247,-7.4328938,14.081614,-4.9696593,8.057544,-1.7093556,11.929576,-4.601737,9.0306,-8.436683,13.49642,3.1424265,8.9347725,0.44786355,0.34535262,2383.0849764754203,1391.1702400956706,4464.094737353246,2618.0540806404424,1841.8432000963319,1017.8153621360927,17.344769903692505,11.031056284290566,0.2967077434392265,0.26398077589335245,0.026563758,0.061207417,4.2
COVID-19,5e282c62-6186-4dda-a15b-52b8b59a3b8e.webm,-405.61237,202.20505,38.82863,43.306328,-25.267729,34.566452,7.925036,21.012875,-5.952316,19.062677,13.912832,14.582043,-6.82322,14.519451,4.1444373,9.452474,-9.508637,14.922959,4.8252616,9.628642,-2.4392993,9.209104,-1.2229079,8.172144,1.1922371,10.72172,0.54193586,0.27588165,2743.294149030928,873.30655606045,5381.224365234375,1414.9703297051772,2229.0050122788266,386.28352101837083,21.07447294058037,15.197442497322958,0.17513253348214286,0.07054732194416191,0.03637998,0.07896397,6.48
COVID-19,8debc554-dee0-49c8-8a54-34c26de4190d.webm,-359.83374,165.55943,100.91967,44.67669,4.230466,38.26651,22.791407,22.674517,-1.5429211,24.612782,0.8567446,17.493448,-18.812565,25.950531,2.0846827,14.270514,-13.047729,15.124296,-5.6810484,8.158829,-0.42621323,10.320412,-14.183241,12.444911,-7.186558,8.048406,0.3722682,0.3075412,1597.7310273366666,689.8596971768109,3408.9201274671054,1452.5257654202533,1772.8387812819183,447.99042297947966,21.94970102543366,14.247742190770849,0.07314224689327485,0.06473228747032894,0.05892244,0.09012538,3.96
COVID-19,ff68cc55-6fb0-4d41-831f-3642511ad303.webm,-459.79327,136.54285,40.399124,60.295033,-4.8311615,35.84807,15.699651,23.736835,6.7202206,14.173719,4.448075,10.063493,-4.552783,13.187495,-3.1438234,9.73446,-1.3893073,6.526223,-0.24386962,7.896009,2.4683092,6.402588,-2.3262475,7.823577,-2.398438,7.9977894,0.48742428,0.31594774,2310.9295230838234,1326.2532392211097,4424.793993155619,2466.138217160357,1983.192495943517,855.2030813492868,17.848178594047553,11.056279036348425,0.15083669173270894,0.13620744906554358,0.027056467,0.057679255,8.04
COVID-19,178f39e2-a261-4ec6-a8fb-3f89c3c795bb.webm,-389.29187,174.38333,48.115456,75.57277,-9.386336,28.420149,4.680828,19.483337,-18.486788,27.415016,3.8528914,10.033614,0.9168877,10.229503,-1.2224187,10.649116,-11.348762,17.668657,-0.3404596,6.417019,-4.2925506,11.417293,-9.536659,13.037629,1.3916785,8.879314,0.48599386,0.32324702,2784.177745255342,1320.8327794623506,5075.59130859375,2032.800247133699,2010.5330236460277,719.9299601747994,19.98799210076699,13.349099690875144,0.3050716145833333,0.19857889248728522,0.07531558,0.13300224,3.48
COVID-19,6f3acced-953a-47aa-a001-b038d80262b2.webm,-938.44415,163.54341,10.949863,35.415356,-8.686588,25.742546,6.1035337,17.047651,-7.335344,20.020147,3.768448,12.331058,-5.2884684,14.434461,0.61548156,6.1246815,-2.5656557,7.8064547,-0.7708891,3.5861566,-0.94867116,4.6924357,-1.8372425,6.0720177,0.1838395,2.4413228,0.12025313,0.26946917,632.7013371910394,1389.3600235722333,1119.0536499023438,2391.5830870148143,427.1715748587039,900.1073609559594,9.448574712258266,8.10173867391931,0.03473732688210227,0.09397978112555772,0.0003739712,0.0011252775,4.08
COVID-19,ef3f4a93-0a99-4361-8132-5b41fa26610c.webm,-427.48795,178.495,55.268932,53.34767,-12.284747,38.17707,12.164699,23.920475,-4.57481,20.945095,1.8608044,14.569367,-18.544163,23.967064,-7.6673865,13.593276,-8.026793,14.300687,-3.5243394,11.695655,-8.958816,9.807234,-9.842123,10.048711,1.6638668,13.798351,0.3108349,0.3206169,1799.3915670917636,619.7998260655966,3484.4791922982286,1522.6775505697021,1812.3189707820152,331.5513494869968,21.541706790039427,13.485922676665785,0.08362681471456693,0.042223639654756014,0.042323645,0.08120757,2.94
COVID-19,bc27b4fb-a820-4296-a776-0f0943ba1455.webm,-296.5609,168.09447,55.915447,48.64675,-24.20731,39.13432,2.892989,16.486237,9.860204,13.14147,6.2265725,11.984691,-13.85011,22.189749,-6.907663,15.841554,-9.75844,17.9237,-0.60290706,10.503143,0.34016785,10.023371,-6.548216,10.62233,0.16467926,8.710321,0.41522723,0.29818583,2493.235599011946,780.9547930664276,4909.5201185533215,1855.9274983098053,2309.98577882215,595.0242156634188,21.112300055070335,12.013980522937862,0.14145928940850816,0.06573984066933707,0.08151285,0.13220741,9.96
COVID-19,10b0f1cf-9c94-4ece-92fa-207f102e34dd.webm,-457.57687,99.978165,40.173897,54.544945,14.027893,31.59886,20.40755,30.070194,1.7793695,19.728765,1.7935888,14.264406,-4.02243,12.828108,-4.812966,11.301107,-3.358187,8.941211,-5.7502165,10.866316,-2.6618867,7.3245926,-6.5325336,10.116456,-4.405228,7.866808,0.44306105,0.32110724,1923.1719991045813,1105.183751041406,3549.4576838344196,2122.8560781844117,1798.6244222652708,606.7233164239736,20.329210543670186,11.97022348061296,0.14182719009182465,0.10361031060869896,0.02338334,0.0640625,9.78
COVID-19,6088ee03-f819-40a2-bf26-29058e301ddd.webm,-444.75818,177.3912,54.91137,68.12062,-28.432766,51.22915,18.073545,28.768702,-13.6391325,29.877851,7.5503287,20.924341,-3.640876,15.163626,-4.707602,13.827759,-3.2433732,13.096921,-4.6984954,10.635108,-2.4864104,10.445015,-8.1450205,12.913923,0.21545374,12.054976,0.38580188,0.34469774,2096.6710060288447,1490.0979728901848,3726.341211400326,2490.3004605948577,1517.3504700497324,893.7947955671891,18.248150673983574,13.207927513671988,0.13198867002369669,0.1140849050060836,0.031971034,0.053051848,9.78
COVID-19,06b58ff7-42e9-49d8-8b56-dd82e7b18ace.webm,-534.5152,131.91306,30.500126,58.957767,-11.460565,30.299845,0.24786168,15.583535,1.543013,12.7207985,1.8848668,8.482051,-6.4458504,13.887896,0.6042619,6.9709215,-0.57197213,6.0703325,-0.07680607,5.1744394,-0.5541254,4.2877116,-0.7376851,4.6006055,-1.4568267,5.0369334,0.5958379,0.24786015,2941.9869608458757,833.0419626306625,5675.040133494251,1817.905053853824,2403.8580597137825,641.6032647005928,18.494036811254475,12.002331701869256,0.34018347398290094,0.1496456791171324,0.010096019,0.026106508,9.84
COVID-19,8fc1ec0d-4d46-4a76-a833-68763de21df1.webm,-435.625,139.02956,46.86619,59.9483,-11.363162,28.29787,12.197351,21.737417,-2.2815266,17.62671,-1.5991421,13.638108,-7.3613157,12.847495,-10.08257,15.465693,-7.3336225,11.39297,-7.325267,12.116308,-6.5174937,8.930985,-6.4943333,9.729459,-1.7951697,7.6270676,0.31218794,0.3431871,1650.980941747449,1477.2428135762536,3046.6398908301016,2580.403715176003,1354.607815877726,963.8526869150851,18.574747963044594,10.960406262059408,0.11925016781026253,0.14596953757389525,0.026005194,0.052017707,9.72
COVID-19,031fd54a-87b5-4223-9af6-60985127fb7a.webm,-373.10284,161.22202,88.032845,73.74252,-19.669832,53.005833,15.713433,25.48081,-9.953592,28.59359,19.9134,22.598957,-8.054555,16.9131,-23.00449,24.037283,-16.891582,16.76261,-14.076831,12.287867,-3.9495907,14.63029,-14.175296,13.156677,-6.297853,10.468036,0.41046754,0.29970843,2052.33150748386,1196.1928553113296,3804.231844815341,2178.4080362418135,1611.5183398504387,678.6789727831505,21.9734395549963,12.873544474945476,0.19254261363636363,0.20702949231708942,0.050129462,0.062464997,5.1
COVID-19,6aa04a12-6e9a-4b9c-80da-a9fa01fc1757.webm,-436.0873,137.61916,24.33657,46.896652,-9.864424,32.050774,4.4571095,14.366466,-4.062522,15.1124525,-1.8320527,9.655425,-3.3652058,8.145796,-1.915117,8.001317,-2.5051756,7.2504864,-1.8696709,5.550844,-1.953708,5.075725,-2.2643151,6.9142604,-0.9033784,4.6779084,0.42060894,0.32167706,2574.6199683564546,1236.2222740653235,4986.555368063842,2303.6612298193977,2262.665646713973,711.3818613975536,17.930668852900727,9.466237339080223,0.2633933565781623,0.20362101331012566,0.03226988,0.10725174,9.72
COVID-19,bf7f0dd3-eaef-4912-8edc-c919fd98df62.webm,-418.69775,153.06947,54.31029,57.45015,-13.450322,29.792215,-1.6300881,25.738417,-18.880594,23.39051,6.3643293,19.377075,-5.349229,19.57577,-3.906163,12.557714,-7.737486,12.781688,-8.538594,15.273463,-5.4324126,10.104094,-3.7888026,8.36759,-3.218331,8.5326185,0.35770956,0.32369158,2122.2751156356167,910.8239978043143,3819.056448552281,1699.5552204438472,1763.5172891011312,514.4234666660489,21.287460607732342,12.578011819205269,0.1489489225414692,0.09097804967890305,0.034472972,0.06524171,9.78
COVID-19,60ab1646-c540-4179-ae54-ca83767edff1.webm,-408.67593,183.6411,38.6808,56.99224,-13.950078,36.356613,16.110611,22.297464,-15.201502,22.831907,11.410719,21.807781,-13.213553,17.520227,-10.020068,14.370342,-8.61344,12.46034,-11.973913,15.190306,-2.3262002,6.7235513,-1.4747516,8.159998,0.29246548,7.5681663,0.32303885,0.3139773,2580.5571433255386,928.9296911279105,4987.146374832189,1694.459816887962,2188.262407576567,595.1911756654011,20.93774105366655,12.017848885628934,0.220093647449284,0.16129832039579184,0.052583516,0.10149008,9.72
COVID-19,8ebca537-22d5-45fd-9f1c-60a58622284d.webm,-418.5015,127.53909,46.31393,60.157745,-5.9107566,31.260504,7.404014,19.168163,1.2279062,16.637102,-5.25316,12.616155,-4.4984736,12.42347,-4.7764735,9.046074,-6.8055773,10.539768,-1.4797404,6.730202,-2.1629715,6.252562,-4.8644557,7.7989054,-0.77804977,4.711506,0.3729216,0.32452786,1742.968574729664,806.2180203603324,3547.0339228191647,1808.6217266426568,1818.061587250612,765.4980733690779,20.478019248849535,9.080263192927804,0.18067679021030805,0.21658327404750768,0.033325933,0.09682347,9.78
COVID-19,bd6112e4-72e9-491d-859c-5bb9c7f04f88.webm,-601.5595,105.117744,10.568422,37.012794,-4.229353,17.967573,1.7079223,8.764042,-2.7363112,11.494769,1.6023344,7.0716853,-2.693164,9.846793,-0.86136836,6.104668,-0.29589543,2.1798542,-0.78915143,3.1945288,-1.9786838,7.0013676,-0.6729401,2.803358,0.32278913,2.4949648,0.08049586,0.23002982,408.40482979429083,1117.1097023615998,726.116054780728,1965.7259382071848,296.00353990045994,751.3415992942219,12.864506813198773,6.040854207233897,0.017794879922434368,0.05269011325762542,0.0047368007,0.020157441,9.72
COVID-19,e56ea219-e97c-45c4-8222-5ecf168445b5.webm,-437.98126,163.2374,55.643974,72.508095,-18.682438,28.787506,-5.4271035,17.387691,-6.187301,17.095642,7.3366556,16.874393,-6.8596077,17.174572,0.8195362,13.034908,-6.272596,14.964894,-4.021387,11.301907,-1.0571883,10.757124,-4.352165,11.372545,1.0972356,9.760373,0.4266428,0.31435287,2120.8311953106536,729.0624019913516,3965.311619492828,1536.661042559796,1880.4845716345278,544.3976535003452,20.258279852819847,11.948784231808384,0.13438940829918034,0.04738938929217676,0.038427148,0.06860836,9.9
COVID-19,2d40f13a-02a0-44b4-8d85-79c129c181e2.webm,-702.6222,123.87503,11.991444,33.119728,-4.688552,18.45118,7.4016085,24.283045,-2.4488688,14.505831,0.693137,7.141686,-2.884294,10.972304,-0.51613086,6.335939,-2.1365945,7.136762,-0.9677096,5.188078,-1.4085312,6.4565134,-0.2533696,4.6488934,0.33340272,3.5972438,0.11047941,0.2583568,528.5064150892915,1133.5000636094833,1017.7244936685427,2099.648700247531,464.3587459937615,919.3662508756462,9.328546008803142,7.8550677044131145,0.02668538025770142,0.05888708272454265,0.0027398886,0.012221628,9.78
COVID-19,9d03d2b0-dde8-4a31-b4a8-7bb87e98750f.webm,-707.4046,113.24749,25.621918,57.69443,-0.9007553,21.311821,-0.3460702,12.923368,-0.08010224,9.864871,4.3223014,9.474899,-1.1741332,9.342731,0.48755473,4.7946844,-0.5292782,4.8857036,-0.01922106,3.3614614,0.87971896,4.3959703,-2.1201072,6.120254,0.019939125,4.4245634,0.36242604,0.37111825,2193.774992010902,2131.9610529247147,4020.911583533654,3739.908923356405,1672.0073180336556,1369.781914994506,14.299363491241133,10.095985144186464,0.16758973448426573,0.21161192199549356,0.0017764152,0.0075470656,9.96
COVID-19,3b917045-a264-4e3c-9a70-491e49448c36.webm,-433.1811,147.7402,47.503345,59.103783,-2.2824268,29.878174,7.8091173,12.3802395,-8.373868,21.783567,3.616672,11.21901,-4.649806,13.925228,-6.441506,11.3980665,-15.540698,21.004503,-5.127839,9.7470045,-7.985148,10.041821,-6.707029,10.010578,-0.23310381,8.519421,0.41517538,0.3258928,2328.3307425157464,1109.5747960190672,4447.596769512825,2129.9644140320934,2044.4421057333243,603.6428273806757,20.440059750203527,12.142221693207077,0.18779826614091982,0.14728033884746128,0.03673571,0.07286479,9.84
COVID-19,4934dd77-80e0-42b9-bfc4-995b03b76450.webm,-549.5444,107.329124,18.75514,48.584106,-4.624053,23.31838,1.7552617,8.189221,-1.0059084,7.7565327,1.8822668,7.88985,-4.66533,12.180448,-3.0911748,8.664622,-2.696564,9.32497,-2.1283457,6.5061707,-0.75628287,4.058949,-1.6018488,5.7228966,0.35178414,4.921503,0.08160449,0.21557786,376.89043704622276,1017.2792832278056,674.9281462899881,1789.2866005493017,307.6211673840556,713.5732993821683,15.605914283219127,6.659376733553719,0.019029083975118485,0.047494216311150556,0.00731504,0.027239509,9.78
COVID-19,e160b3c9-c859-4856-9c2a-23707b65fff9.webm,-416.5753,173.75415,82.36043,48.05813,-25.982868,47.475372,8.954692,33.4699,-0.5086774,24.477169,0.90669596,23.278994,-23.229979,18.941402,-15.77318,16.578407,-11.171717,13.158184,-6.622161,11.537099,-3.2533996,12.586799,-8.812675,14.701379,-3.545621,10.350182,0.34959006,0.30764744,1618.3684528834015,472.8925454804023,2840.759706736809,936.5887588937105,1428.218450322981,320.44241197249477,21.759757929739987,11.702567099266634,0.10623920383165829,0.04476922835655512,0.04291928,0.079827204,4.62
COVID-19,ea550a6f-3b55-4beb-9aa3-1325feed86ab.webm,-390.25406,165.6651,56.809788,75.061485,-10.670135,37.020176,3.4077055,25.398672,-8.563703,18.953035,10.251548,22.335068,-11.712964,18.600842,-13.95115,19.343225,-9.577345,17.948101,-7.3769627,14.105037,-6.599189,14.447758,-5.90469,15.443552,0.50030583,15.344793,0.38328663,0.35689467,1503.116591831078,1282.4478597684501,3017.415273655726,2588.003209378047,1415.8233882534764,1088.4145832674667,19.067911852257634,12.10696846991167,0.0839243627793296,0.08393203272783406,0.062424373,0.094881296,4.14
COVID-19,ef458365-a016-45ff-842a-7388a89ed774.webm,-444.20087,154.64502,58.241226,66.04454,12.099276,22.760748,12.871358,19.538408,-0.44322333,17.92941,19.108372,21.138731,-6.593636,14.468179,1.8625938,9.980426,-3.0041099,7.5103064,2.4358685,8.094398,-1.0059435,8.333554,-6.1847444,9.59044,-0.050484605,6.4490004,0.47434118,0.29717997,2253.7177905923177,1087.23896841047,4652.619271908166,2054.2611884441026,2201.6665769207893,527.9828828438796,20.80440961078578,13.787500934571879,0.14425371278007076,0.09926122413550889,0.03230749,0.06478926,9.84
COVID-19,3deed1f8-085b-4531-92f1-c03ec500802a.webm,-509.7006,120.95564,49.542236,48.236794,-0.853501,23.166412,6.6517944,17.146616,-2.1744094,19.196598,-1.2059282,15.034877,-14.70389,16.45022,-5.4211793,10.89031,-9.432992,10.710104,-8.907378,11.229843,-5.1267934,8.562957,-3.0771186,6.6011553,-2.856872,10.9375,0.312667,0.32541424,1701.679787310893,1339.1675795402075,3281.2920242059427,2491.8535522681295,1542.5109101977266,921.3405318749182,18.876412448099018,12.63484652263925,0.12671184316451992,0.14508098650648252,0.008617549,0.028168794,9.9
COVID-19,f8053fc3-bc4e-403b-b9d4-14133cfe83a6.webm,-372.32483,189.17801,53.350506,55.344894,-20.1532,30.719254,25.351278,32.325047,-25.845213,29.986338,15.368851,18.504019,-20.151073,21.084028,-12.65853,16.681715,3.953644,9.712026,-17.395096,20.062218,1.7570597,7.048852,1.026837,10.432099,-3.9527814,9.493656,0.4677761,0.31872496,2758.134424103932,723.8286266748331,5261.128186677632,986.9164163961843,2188.1735505855036,392.74437652088625,20.680726269280925,13.686110928830168,0.19733929550438598,0.0902086450261305,0.054351002,0.07544127,6.6
COVID-19,3af1ee7b-2411-4cb0-afb1-e49d2c9a9cad.webm,-429.91165,188.17024,41.30448,59.07397,-15.741797,36.915077,11.837457,21.854994,-10.0539055,20.693125,5.131544,10.667575,-16.31097,24.557644,-0.543912,10.659993,0.379367,7.0177765,1.5217291,6.2611766,1.1125605,6.292525,-10.425239,15.13486,1.1240271,7.659743,0.3089017,0.31794888,2699.4717402612946,931.0871604734629,5368.612797648762,1799.1191041138945,2367.6847667664033,590.928768524744,20.322580139462175,11.73574151165192,0.19750118560303515,0.17759621413289955,0.041901495,0.07315321,7.26
COVID-19,c5f4b9fe-04cd-441b-801f-ae24db6b2fc7.webm,-509.7179,166.78186,32.126892,44.115456,-22.523153,47.091114,16.580494,29.842348,-8.896903,21.79642,0.95487916,10.939647,-4.9015675,9.571651,-11.334202,14.967395,-5.781946,8.970371,-1.9897078,10.635243,-4.6236997,7.6934643,-8.05078,11.450688,-2.5077355,6.5167007,0.43265426,0.32462227,2566.5067177441174,616.6348487297778,4699.432473104508,1002.0318920382477,2010.1139144690253,452.5713161380707,20.394208894448354,12.675961985752728,0.19078760794789226,0.08337746689565796,0.019109996,0.04812024,9.9
COVID-19,4fa482c1-e2c7-402f-b383-343c18be4ccd.webm,-481.50912,163.76657,44.050163,56.86952,-24.456606,36.158104,22.76083,33.09465,-1.9396312,20.980804,-9.490697,14.221662,-8.962959,11.7547,-10.178703,13.955496,-10.33158,13.712929,-2.0387287,9.206403,-14.512983,17.589657,-4.8302116,7.451216,-1.3923243,7.106276,0.24603724,0.3171493,1293.8307452734853,1411.4119727690268,2254.968204138414,2317.840335213572,938.0815599515645,908.9836723097428,16.766621909132123,12.157569799597207,0.0827682783018868,0.09221117383058401,0.017717004,0.03217494,9.84
COVID-19,33b688eb-cae8-40cb-9d71-694f5d2f417f.webm,-646.3218,160.20782,25.386675,44.331295,-17.927261,36.513798,5.5309415,15.080191,-13.287646,23.58751,7.567472,15.640825,-4.6299844,11.64488,-9.2445965,17.243845,-7.1895757,15.847814,4.3940716,12.256445,4.318448,9.75417,-3.3804846,9.663744,0.88538915,7.857145,0.18150824,0.29049462,1261.732864854855,1559.8367711178726,2282.51953125,2769.564008536987,901.7968728765633,1063.3161649216288,18.405035382764233,10.085238739611189,0.06999909156976744,0.09208944651114573,0.0036903173,0.008386413,4.98
COVID-19,3722d824-c4bc-489d-8a8f-6bb171129e19.webm,-345.1766,176.01965,63.88638,53.788193,-14.688472,31.062382,22.965513,32.86776,-28.278437,32.55956,16.97701,27.499144,-16.186712,17.881405,-13.149269,14.6425905,-20.910084,17.587795,-3.7585242,12.88171,-2.1508834,10.465095,-12.865084,11.928605,1.5454546,12.872715,0.43898824,0.29936984,2604.9179628381216,1139.5235741511449,4546.236519191576,1557.8450293408962,1835.5756783150869,361.65289943561856,22.136196650334586,15.203566050554805,0.20116008076690822,0.1217909974303417,0.055701602,0.08242823,9.6
COVID-19,bb17ca61-9aa8-45d2-9b3e-52c53965641f.webm,-525.50336,129.7569,31.579575,55.767666,-3.335645,22.335358,6.6582084,19.445494,-4.217651,14.66272,0.38472408,10.755524,-4.3270326,11.1904545,-4.27049,10.090334,-5.9952965,12.611358,-3.2405136,8.466899,-3.1906307,8.408579,-4.8306074,9.654044,-1.230253,7.096788,0.21245815,0.32157835,1258.137086458158,1661.1454898207835,2296.1376832263304,2936.6232795696756,1030.9118180479588,1136.4464977868447,16.265666779510667,9.927772711584613,0.06914255878712872,0.11518120057175156,0.016459819,0.040738136,9.36
COVID-19,197fd3fd-2c59-41b3-836a-8c9d51b3fbb0.webm,-365.30612,176.75555,63.410545,57.353924,-14.402067,45.587875,13.5197,20.797956,-15.667757,23.773596,5.8118143,20.871264,-20.205444,21.429066,-6.641906,14.186787,-15.682715,13.397417,-14.473772,13.237651,-0.63452816,11.785481,-2.5535045,9.858505,-2.5243974,8.213616,0.3117498,0.33055168,1796.668893841242,1227.2732362891275,3354.6158587346313,2487.0056745334605,1609.272811189705,824.5475635327653,21.288507238201117,13.639652170280465,0.1441527462675644,0.1363065372527593,0.053119857,0.080763735,9.9
COVID-19,7023acad-4e24-444b-b0a6-a3aa54bd321b.webm,-354.8594,207.3278,71.63096,65.86309,-60.016304,64.92771,13.57996,27.00285,-6.6534247,39.338367,-3.1351244,21.917501,-22.92027,23.172138,-16.363586,16.938679,-19.886435,20.291039,-5.473808,14.69414,-0.4717574,13.086704,-6.509323,12.743664,5.654814,10.684786,0.34862456,0.32139897,2043.9840546268688,1303.216409167474,3336.9222735075673,2172.4493831710333,1368.4153036461753,779.7527609835503,20.680189936073788,13.264230990370057,0.14417434487107622,0.10046387207753431,0.076795705,0.08946327,5.16
COVID-19,bf876d4d-6278-4daf-ade7-0b26e4596bfe.webm,-561.1348,113.60661,12.747779,35.24701,-0.59699,14.2437,4.3375854,13.094763,-3.796434,15.071447,4.79081,13.956673,-3.9510243,13.320915,0.5455208,3.4498942,-1.28252,5.5593476,-0.56288177,3.9254282,0.20519271,3.874114,-1.9186298,5.6852293,0.5769739,4.632235,0.2973138,0.38021505,1451.7494887202279,1889.985814281851,2645.037639310575,3157.6351858618195,1047.8319520787106,1196.7012845561983,11.23144600426853,9.231499908657568,0.07594624740817535,0.1294967904003087,0.007490532,0.03303405,9.78
COVID-19,d00aa7b7-5f75-4941-abdd-f6bda0db6997.webm,-280.31796,171.86299,99.10539,63.1778,-57.30168,41.37743,20.95701,45.800983,-44.037758,29.398104,-9.884116,26.066286,-10.934666,13.843184,-27.873348,23.257627,-7.002898,13.279838,-4.034868,14.868787,-10.267224,22.486364,8.607028,17.357855,2.8124835,10.390228,0.36042807,0.33917266,2008.7969698943111,791.3303856643053,3736.6440716911766,1365.375611291613,1571.715187612563,543.9010365018747,22.707077452996945,14.166925507652426,0.13028082326680673,0.057811759976450876,0.086287476,0.06875526,2.76
COVID-19,72863bef-2073-4e5a-b289-0954a977d25e.webm,-519.9583,91.16926,42.226765,59.677975,8.717951,23.35011,5.718215,12.684527,4.5703435,11.687034,-1.2913827,9.439013,-1.7060592,8.164276,-3.3170686,8.916886,-6.7189436,10.27903,-4.0432453,8.9465475,-1.9300085,9.160249,-3.2549489,6.9935603,-2.098054,6.2754335,0.34947756,0.3098609,1373.8796949521534,617.3154427368185,2731.766697617828,1582.6358780220326,1628.1701515233765,709.9082023995942,20.249002016736227,8.25738573200387,0.08880886819379391,0.04716081110403964,0.013045825,0.04692202,9.9
COVID-19,f4e4e818-c210-4c9e-bdca-c1cf1af1e144.webm,-555.3395,173.1358,46.667236,50.138145,-21.506237,38.14033,11.28509,19.620792,-6.031547,20.699028,6.040502,14.078394,-7.417055,12.075761,-3.1144917,11.9913435,-5.4388404,10.889159,2.2910886,10.863482,-0.80935544,8.106492,-2.9525943,6.9717793,-0.6200096,6.934731,0.533843,0.2780493,2508.7157237612682,722.8106037175949,4914.420361788768,1476.348603945352,2147.270091499705,583.5216676216287,19.740273992491353,13.37017481642228,0.1917022129274764,0.0702887569944399,0.008284389,0.020928137,9.84
COVID-19,bdd15ab3-7347-4a29-b5f2-6a63f70bfe6a.webm,-412.6786,202.20546,49.616005,35.401234,2.941419,22.31876,27.509186,24.0171,-23.798431,30.189243,29.591805,31.198639,-16.344776,25.15289,0.6505657,17.194067,-13.768037,18.905495,4.346424,11.087247,-2.7561288,7.9478736,-7.6624875,9.844299,-1.8855724,6.6047463,0.4734376,0.2879546,3063.314996745369,753.5493165513684,5878.012319711538,696.1176245657402,2399.2165854722834,251.58454831013682,21.23749892424575,15.697514658300548,0.2184662126068376,0.12485182757698893,0.040952288,0.07090876,2.7
COVID-19,3c6cfda1-3fe9-403d-b5d1-7797420debe2.webm,-508.75986,178.51408,26.252811,37.465553,-16.625326,36.10837,0.2577217,19.149866,-20.333105,29.471098,8.257243,19.55697,-19.472284,30.2433,-2.5705483,9.207404,-11.1945505,14.788758,-4.7451234,12.034465,4.7974443,11.560958,-7.4619174,12.829825,3.610416,9.368967,0.40613773,0.30832908,3104.721823803013,835.798739820047,5760.912024456522,1106.800577461728,2353.885485499408,346.7949744967944,20.992201924970036,13.903583085451482,0.21917459239130435,0.11065367352788882,0.023669397,0.056567624,9.6
COVID-19,ac4ea2db-4fff-4a7f-a5fe-3a9ade2f1020.webm,-464.52286,161.28972,49.487682,46.735348,-6.468212,35.48667,0.40200678,15.377478,-20.202301,20.538095,0.5472251,20.122,-12.916175,8.704032,-17.157562,12.046831,-17.314852,15.041157,-5.421156,6.0841045,2.5960662,7.890962,-2.4960656,11.463719,1.0300485,6.2067327,0.49552917,0.26608244,1620.1607159822358,600.2123231802235,2675.221166070902,1163.7125949538035,1679.9609274279253,224.88558916066353,20.409009064619035,12.07365111828268,0.10123889851120282,0.062412438015531056,0.030979773,0.069385946,9.84
COVID-19,b68a0a4e-7622-4426-875e-0dd9d6604224.webm,-545.51086,127.94872,16.622969,45.75632,-2.6128705,16.04291,-0.018047066,6.9452987,-4.488996,16.204655,5.1901965,15.914018,-5.6481533,16.783373,-0.004114362,4.6714597,-3.4352264,10.054114,-2.2109418,7.1370463,2.1493728,7.2098536,-2.0593586,6.930268,-0.011039229,3.718369,0.15394619,0.2942221,735.096275095486,1328.3027470307488,1476.3749285442073,2549.0157410917195,638.1686317137127,1051.436259169895,16.130953944525324,7.889342318523331,0.03647307817944251,0.07604870517724685,0.013032805,0.04618769,6.66
COVID-19,508530cf-f788-49f9-9a31-943ea7fcf7b7.webm,-323.77722,184.65675,80.32656,69.106735,-25.922031,33.582806,-8.327328,20.55528,-23.162397,23.90646,8.850763,16.450642,-9.691418,16.053654,-9.241819,11.403638,-11.729768,13.987882,-2.895375,11.07186,-0.22896104,6.789834,-14.598516,15.851442,-6.1958375,10.398723,0.41690645,0.3121934,1950.436055425236,981.2244912303277,3485.7002590013585,1818.7521675001126,1689.104594228402,533.911516289587,20.735377571802328,13.334052316539632,0.17691349637681159,0.15724953743982295,0.08714261,0.13745861,9.6
COVID-19,0aec66e3-47a5-4f3f-bec6-ad38d090b219.webm,-435.90588,206.84682,34.79852,48.09763,-5.1292334,16.474157,-4.5792174,11.334774,-0.22180076,14.967868,1.9898888,12.196778,-10.004013,14.841704,-9.4353895,12.432388,-5.0809846,10.120396,-0.6562981,9.183391,-8.879526,11.841096,-5.6988573,7.7081156,1.0472345,6.397547,0.5545066,0.29868478,3202.438465457811,1281.2195839322837,6112.091790045892,2170.5580495293134,2511.4445896072275,629.503194851446,18.22285243294179,11.118746174962205,0.3420119919143357,0.25399588563429215,0.026695937,0.05231081,9.96
COVID-19,b1945513-b993-4398-95b8-15c742513e12.webm,-507.37527,99.86158,34.0211,43.00664,-10.480955,27.03977,-6.7932134,18.3982,-11.874355,20.064283,-5.2373314,13.560834,-8.54409,12.12605,-9.061244,11.435866,-3.6911044,10.701997,-1.2166176,12.981972,0.61810577,8.794074,-4.1219096,9.76988,-4.216264,9.264292,0.29191077,0.31655625,2155.6435288031284,752.8273503473974,3956.481962727476,1372.2827014042132,1795.6247716758385,444.54390801750606,22.17834177443459,11.62333520577756,0.13936292698389022,0.07336037407151966,0.011981091,0.04223868,9.72
COVID-19,2cfd466b-baa2-43f2-be7a-be2fb0e6dd66.webm,-394.6877,165.66167,55.355095,49.614376,-0.84147584,26.361507,22.573298,20.91213,-4.5614395,23.478712,4.448666,13.832082,-10.068676,14.3277855,-1.2319431,12.545619,-12.634637,16.157007,-0.89038616,9.484881,0.67743236,6.079232,-4.3044257,8.900028,-2.7633803,9.240762,0.50298923,0.27104506,2521.1080308067367,649.9722025161637,5099.711256760817,1249.7016784563345,2182.5717207160033,345.36717557078236,21.386880399951497,14.86011242415124,0.1810459234775641,0.07792634982943389,0.038863126,0.07918296,3.6
COVID-19,51e2e40b-f1cd-45ba-ad05-8219c595235c.webm,-463.0801,139.06601,28.783674,53.17066,-12.106669,28.523165,3.9442384,11.94652,-4.783593,12.356178,0.49560872,7.604832,-4.250783,8.906764,-6.6309004,13.162275,-6.4912705,13.263184,1.1828092,7.0609317,-3.2317054,7.566249,-2.443754,6.523858,-2.075527,6.139688,0.27125287,0.3440171,1299.91531391981,1407.6063430096897,2504.2056224385246,2678.4027206335973,1102.7802960895626,1117.4296178084967,17.186381815925145,10.408024680548833,0.0723605368120609,0.08360934493376215,0.021343458,0.05467265,9.9
COVID-19,5f0a1915-2cd5-41fb-9887-e17ab27b515e.webm,-385.34396,175.79202,62.474308,54.896244,-17.915756,35.323845,5.602638,19.802382,-15.938758,30.052687,2.6048446,21.538097,-19.262644,20.020067,-15.884986,20.432964,-17.735903,17.46007,-9.668399,13.487511,-2.9065769,13.768187,-2.4205675,13.020989,-0.6107181,13.208142,0.2866599,0.31923935,1891.350969006375,906.5890886305375,3291.2633525251777,1671.8110485499008,1542.82997391019,551.136080131265,23.701081454138322,12.128680533828154,0.1437849433501185,0.10128702082595277,0.06143691,0.10702962,9.78
COVID-19,cb5c6410-8b55-4c33-932d-fc72e5cac22c.webm,-560.6367,149.20482,14.483763,30.730526,-7.266624,23.598318,4.2776246,14.985968,-9.052584,22.973928,6.109145,17.15741,-3.2565668,12.588954,-2.2478683,10.33348,-3.7268858,11.271884,-0.33128354,4.098534,-0.3755369,5.9226246,-1.879981,5.7437005,-0.01857619,3.3752146,0.38765147,0.30180293,2719.926774174511,449.73947946556,5696.34480026533,708.0888437356687,2552.6221674271487,319.0648709060842,19.84264587631738,11.861324787288781,0.1846866247788915,0.06781562387454325,0.01235599,0.04252188,9.84
COVID-19,015ec831-e765-44ee-aefc-10dfd95dec78.webm,-538.87274,136.62068,65.24723,61.19893,6.9043684,26.455935,19.589296,19.780962,-5.637099,17.71963,13.996168,19.989899,-11.899629,17.418598,-6.960629,14.130549,-7.579155,10.407569,-0.7742057,9.409607,-0.2734054,8.595636,-2.9589183,8.082745,-1.520454,6.716701,0.49370608,0.29236326,2373.010881068794,982.517033853493,4742.196305071721,1934.3087810503966,2155.228266845236,534.2817401772922,21.243577928566086,15.113233517299609,0.16530893223067916,0.10051694086039215,0.008675664,0.017899578,9.9
COVID-19,9846c97c-7ef2-45d3-8b1b-b9de78a720ce.webm,-535.9926,156.68454,22.202538,52.60167,-18.364433,45.314587,1.1348106,14.120281,-7.1442156,16.210194,5.577989,17.450655,-8.944778,19.325756,-0.7841837,8.720322,-9.051964,17.504301,-3.0321462,12.006582,-0.17543808,5.9916797,-4.641381,9.69216,0.06156966,7.24642,0.13719165,0.269154,1044.1066070226518,1710.7067349008582,1583.4520542353296,2534.184868581948,617.2099867478947,890.2631962046954,14.634088993621873,10.688169769103288,0.05593253868569132,0.10764828175405636,0.017931571,0.037978582,7.2
COVID-19,e67cd4b2-b2c1-4654-b5cb-bbff69a5cf86.webm,-804.82556,153.04018,89.11729,63.171825,4.1272416,30.507511,7.2645445,18.88093,0.12885404,16.973133,17.70885,20.553364,0.37710813,11.140851,-9.03405,11.059914,-10.815119,13.862776,-3.189036,13.974464,-2.853649,11.444525,-10.946173,12.893142,1.2607635,7.6410623,0.44715342,0.33669013,2448.895997309771,1395.6718685052729,4931.4799702250875,2764.0882505793647,2373.719331217343,773.3614908276697,20.14170566644854,11.941148544941939,0.2711656832750583,0.24395073067463183,0.0006241939,0.0010586486,9.96
COVID-19,4fc9a8e3-909a-4e92-9621-d5e578817f21.webm,-563.21454,107.80057,10.23328,28.43242,-2.3047917,19.381824,3.118408,13.071544,-3.352683,15.428897,3.4589062,11.207126,-3.9632516,12.141919,-0.42827356,5.9759073,-2.4299183,7.238213,-1.967178,5.0885186,-1.5680604,4.96724,-3.4707088,7.5822186,-0.27372086,7.5076957,0.57842094,0.26648304,3231.8215290910125,698.0118339651857,5977.86211492891,821.0598800008762,2408.235262264134,277.81642851536236,18.78651535612457,13.078603941062427,0.2505137366706161,0.09088160645083601,0.007952366,0.03802618,9.78
COVID-19,39e4cc19-0db4-492a-b580-9fc4e4ab62ea.webm,-446.30768,183.48372,27.670362,48.806553,-27.94018,50.79248,5.73497,14.702656,-15.8325205,28.180676,0.44914243,6.843782,-9.256437,17.744898,-12.093216,19.524195,-5.4742055,10.530148,2.094166,6.426979,-2.299688,6.9174004,-5.073842,10.359592,2.6729033,7.867795,0.21901308,0.31250522,1338.3890990244315,1463.5416248505273,2369.4339939805327,2556.7496705184963,935.3606638176152,999.3130932409351,18.476284853528306,10.483872602014676,0.0884520912617096,0.10232578848104343,0.042560842,0.08671191,9.9
COVID-19,2df9d90f-7616-482f-ae5a-e0c8d3ee4289.webm,-504.0599,175.75865,16.519989,30.685219,-22.501678,42.301537,6.7407093,19.456097,-13.549234,25.088274,6.4695888,14.686683,-7.4198713,15.278339,-2.5165546,9.929148,-8.168315,15.920631,-0.7439921,6.0379553,1.5467409,4.9022856,-4.6014795,9.845644,2.0509145,6.1003666,0.59196097,0.26445138,3386.031654371702,554.1556728632098,6114.740829106191,901.4812152357179,2385.5011964070527,433.6512249024702,19.00989191140033,13.126102397662752,0.29685880109597157,0.06968491459836842,0.022961456,0.06897685,9.78
COVID-19,69e7b5c5-0469-42dd-b68f-9a7f7637425b.webm,-273.16626,180.42764,65.56924,56.77806,-27.661077,30.96513,15.905118,25.705246,-27.492905,25.589128,10.952848,17.41471,-17.68988,21.047413,-6.1730785,13.8197,-14.164067,17.905102,-15.021651,16.638115,-5.1712155,13.2514305,-5.263558,13.721743,-0.23852982,10.951496,0.3086761,0.32252836,1961.4688873944338,1326.9404919757978,3785.378927077162,2267.233699307314,1574.928170927197,833.9731227030506,20.59965402372217,14.690907212642653,0.12431386070793839,0.0997620067736773,0.11719136,0.14672215,9.78
COVID-19,0762cd0a-5ce6-4b1b-9374-5d4396c218ed.webm,-456.92554,177.00314,30.051718,38.36754,-30.964863,41.899704,10.73436,32.30158,-15.59786,33.63724,-1.865143,14.147675,-12.809945,20.999294,-4.630318,11.388086,-7.8361897,13.468823,-1.8743719,10.995761,2.2992058,11.664705,-2.0378044,12.295211,3.2199583,9.380941,0.4211469,0.33234894,2351.195691533129,800.5065998511141,3958.076066055534,1364.8383317945961,1755.3970401075503,488.65079151214366,20.489579533675013,12.955095792330562,0.18307523461687306,0.09233082313365633,0.030842444,0.08033507,7.5
COVID-19,15a0a034-354e-4637-b74c-9653763e0862.webm,-477.91824,157.52617,75.277985,51.96777,12.43418,40.725483,18.892185,19.65917,3.1134431,28.625204,7.9902153,16.764105,-6.1502633,19.585905,-0.17254683,11.553336,-4.8289757,10.408175,2.0129113,12.649643,-2.1616595,10.172553,-1.2998146,10.875617,2.063104,7.7407002,0.43607497,0.30845842,1388.193863258018,904.3860485215065,2681.955346563981,2008.8931730880042,1623.4041023935688,626.7303642290966,21.142202276371723,11.691580721632457,0.12664187462973933,0.14779026329288422,0.022323843,0.049075615,9.78
COVID-19,fb0971e2-8ebf-459c-972d-b09d28ae0ca6.webm,-436.71786,165.13992,49.489067,65.01519,-11.425398,32.45891,15.532132,25.538288,-6.7510295,17.144455,2.948481,16.304802,-2.521268,11.759377,-9.338887,15.442169,-11.659,15.858003,-5.77581,10.473388,-2.054047,7.3832126,-6.412469,15.038639,-2.9549503,7.950025,0.47301388,0.30484536,2382.7684936402334,856.3857233100881,4444.016366634729,1496.9356739971636,1907.6388733206659,476.5957502466149,20.3793097836422,12.230150828319106,0.1706496904481132,0.08683408595989536,0.039665908,0.076693065,9.84
COVID-19,9718000f-e08a-4231-84a1-130cea0aa3f1.webm,-479.82904,138.7724,25.897575,45.54467,-3.258803,24.319307,12.494913,22.573593,-4.858881,17.034227,-2.6306436,12.633139,-10.545041,22.598145,-1.3328251,9.292209,-5.40877,13.158373,-1.9410045,9.565109,1.5820268,6.9073606,-0.8645088,8.003396,0.8845502,6.218146,0.25189057,0.33216012,1350.9223535014337,1549.2132516028405,2647.1883138020835,2802.5582388553084,1170.9093016894685,1135.1294421889675,16.242812584171315,10.557455350488041,0.0800199962797619,0.09763373105931439,0.021642737,0.055550057,8.76
COVID-19,e0bff316-8b9e-4e4e-898c-eff0923037f8.webm,-428.19443,186.66206,73.55935,60.139038,-2.8713923,40.550827,17.467892,24.153622,-10.828018,28.432404,-0.19667886,15.476742,-17.78421,17.850803,-12.878481,20.755623,-23.292023,19.012932,-20.203333,15.710001,-11.184846,13.845592,-16.279951,14.126935,-3.7679281,8.251148,0.33036408,0.3345639,1424.4117289419098,1038.3803325619806,2581.2111594460225,2143.509581282286,1403.0554018250355,734.6841468077652,20.72068370506743,12.149257996911963,0.10879054214015152,0.10034647580197231,0.047930203,0.07817231,3.06
COVID-19,21db7316-4810-4156-8892-fbd4620867d4.webm,-446.0133,104.64231,73.23118,51.335716,-23.041502,18.78432,-6.960843,12.153291,-1.0710974,12.160055,-0.25003988,10.198696,-2.4369273,6.346435,-1.8817619,12.047681,3.4885013,6.0486507,1.3986926,7.071911,-0.9601587,6.0386925,-3.5324402,6.203695,-2.8899093,8.786952,0.52540684,0.26451358,1968.8591018869572,448.57271019946495,3593.0485563458137,877.0992576432756,1561.1986481731462,292.42943145731846,20.387713505713062,12.985040308207427,0.13911985001474056,0.03708025604014635,0.019614795,0.054448456,9.84
COVID-19,4a31db13-a871-43f8-88ed-f5f153e79fa2.webm,-127.22657,193.11026,113.63001,57.49645,-67.30566,45.747192,18.294058,29.547806,-46.3677,28.709597,6.031199,16.81819,-30.09531,14.2292595,-14.283105,19.911222,-16.938787,12.499792,-6.364045,9.69849,-6.155818,11.499746,-10.29217,8.42879,1.0156944,6.7354827,0.40755567,0.3163786,1790.846069033563,789.6248217503816,3356.787109375,1505.3728145325979,1436.327277976289,537.7136275054605,21.21058697220575,15.460896528927591,0.10257851957070707,0.05607935119695689,0.2627556,0.2115535,2.28
COVID-19,cd2ee4d5-cd25-420f-939b-d1732400861c.webm,-506.18277,188.17723,26.37523,36.76723,-27.121908,36.382305,0.47835976,9.228592,-3.9446876,12.904061,-0.84086114,6.6015043,-3.3529015,9.159387,-13.569129,18.685991,-3.749087,10.347068,4.1211777,7.4963984,-2.5420563,6.58734,-1.1650035,5.746434,-0.4098263,6.401293,0.5752203,0.28819934,3803.866276463267,1293.146339197503,6702.9749303430945,2411.7964530999398,2528.727080564992,645.0316181866566,18.936921908429944,10.834289009429764,0.40652999344405594,0.2532480392814036,0.017676033,0.04588107,9.96
COVID-19,8b733837-961a-4f17-a18c-13b89b54ef69.webm,-476.36392,169.29904,52.718517,62.096146,-2.1088276,26.58115,0.09543215,14.272878,-20.246988,29.580235,1.5571066,20.517202,-13.332013,22.325235,-4.395335,11.874067,-8.382367,12.243989,1.5465508,8.2511015,-3.223502,7.5149975,-3.5025535,7.828073,3.739003,10.001857,0.4878341,0.30754995,2481.3256825250996,969.6479712511714,4927.2385817307695,1857.0164092536857,2182.4483650414836,597.7042426211331,20.497824182475526,13.2993143101581,0.18373602309149184,0.09743971094596306,0.030324042,0.06331281,9.96
COVID-19,7d0f7c10-c2fb-4a0b-8917-00c1bbfa9ba9.webm,-507.09674,164.52464,34.608673,41.650528,-4.3422003,23.947111,4.8025894,17.054024,1.099394,15.080447,-7.1724997,16.78011,-7.486626,17.00341,1.1552175,10.642418,-10.976885,19.352964,-1.5673774,8.738564,3.0935798,10.169463,-4.3548684,9.216853,-5.1948028,9.774154,0.44856912,0.29717463,4165.362368937283,1355.2604986499596,7733.205685915646,2359.4195553559202,2975.1260076455674,610.3992492509017,19.321225926248292,12.170709504132343,0.3422248324592075,0.129620809508414,0.013839623,0.030662565,9.96
COVID-19,f3ef1b40-18e4-493e-8204-c8907c1a425d.webm,-448.70102,93.40876,43.314644,51.49247,-8.727551,26.06445,-2.7145002,30.15726,-5.7597795,21.672073,0.8836215,16.746336,-3.5718253,17.00645,-5.3163576,16.622433,-1.1608589,13.601074,0.52608234,17.247406,-0.52056164,14.565064,-7.139771,13.822926,-3.6644812,12.280259,0.25012773,0.3178476,1776.119083019046,971.0514642527029,2971.326898511552,1829.2978283250536,1460.9852998095632,687.8550134333357,22.70449959883892,10.914050084161799,0.14343666691350712,0.10948796039374538,0.019536693,0.04830171,9.78
COVID-19,aeb567c4-529c-43c7-9075-21537e836d4d.webm,-503.85553,155.16457,49.644085,82.20743,-4.343696,23.12746,-0.48639178,10.036619,-5.6145115,14.4028015,0.49882868,7.12285,-5.028736,11.561475,-5.0106606,9.631847,-4.208719,9.292312,0.7683088,5.791218,-0.45872676,4.8070183,-2.335361,6.3958592,-1.00389,5.179908,0.3819871,0.32909387,2077.408582584855,1246.147364947698,4097.8610600947195,2413.7703301611805,1884.5053896659908,916.9255092880117,18.545352304690788,10.903229122386406,0.10936917325477327,0.07700972824254677,0.02796255,0.06247397,9.72
COVID-19,e640f815-ac66-4cb6-bcfc-944959d6834f.webm,-829.15955,146.39317,15.037827,37.05362,-9.635306,28.609741,12.007168,29.381502,-8.230622,21.999987,1.2477301,9.754909,-2.1252768,9.939309,-3.2980309,9.576595,-4.262008,10.086659,-2.9524837,7.8801003,-2.1731992,7.8821173,-3.6190057,8.164727,0.24827532,4.0022955,0.07752165,0.207139,780.8409544530377,1486.3341508469823,1247.1438961429196,2379.0809780396403,471.2228890998414,888.7417143579091,15.297435084376172,7.522672924993062,0.06384078161421912,0.12810860342007696,0.0011656824,0.003707594,9.96
COVID-19,cbc44a45-447f-4143-b0eb-1bb44185b99a.webm,-437.93613,183.99098,37.980587,55.33845,-8.439489,21.502388,14.467729,26.709202,-21.982174,35.94281,9.042177,17.009869,-2.046417,7.5480685,-6.7413807,13.382323,-6.8396173,11.133105,-1.6053128,6.217699,-1.1790056,8.18529,-6.1543794,11.495303,2.5381012,8.027168,0.4179367,0.33548656,2321.174063628154,1424.417830168848,4449.233079993207,2336.170509549845,1886.4822795018772,921.3193615784368,17.76275909585945,12.312505616395958,0.14832663420893719,0.10898376017896332,0.03674161,0.0808622,9.6
COVID-19,14c7b709-ac4d-4aee-bdbc-ac51c11a497e.webm,-511.0232,130.1581,19.809395,49.900307,-5.3608823,23.270468,6.766915,17.484869,-0.2042457,10.834796,5.2207522,13.358756,-2.8930752,8.975325,-4.2174635,10.828329,-0.22793852,4.0405827,-1.8177391,5.664213,-2.1145225,5.070143,-2.6022232,6.367164,-0.04771997,4.7479386,0.12389598,0.2591716,578.5056992746473,1160.2791606160238,1077.8164738402447,2127.3238117972264,488.2468664659555,868.0560214588837,13.020474285347929,7.7796801563135585,0.033292856876491646,0.07087598207251807,0.016633596,0.05268315,9.72
COVID-19,eade4e05-0fe3-4736-8a9c-35467d078113.webm,-539.71814,149.00726,17.238377,38.19807,-7.524425,24.3744,6.638436,16.762283,-8.67621,22.225542,4.3564234,11.994481,-4.132107,14.105883,0.2676679,8.396507,-4.2536283,10.651976,0.34623337,5.5609965,-1.864176,8.2486725,-1.6370596,7.2044,1.9055132,6.3573027,0.20027609,0.31829727,997.4969496496523,1432.0471981649805,1985.6689453125,2744.9768646798448,863.3883794134614,1142.9550051743606,13.561217167890474,10.028324850468925,0.05711404054449649,0.09131719602098298,0.012329633,0.03662842,9.9
COVID-19,1614e597-81d6-4db4-9bed-43eff6c8effc.webm,-474.9008,103.440926,41.027645,44.002655,5.01107,30.4646,-0.62044686,17.264044,-10.822445,17.993956,-10.082312,12.808764,-13.42732,12.8551235,-12.005443,11.7638855,-9.06571,12.3582,-5.130329,12.948806,-0.86264235,11.884844,-4.253509,11.66236,-3.590729,7.97472,0.30504334,0.34529468,1551.1482113983664,964.6342815352863,2651.644813746883,2150.28981091982,1606.944879041992,661.5080121667374,20.853774946395163,11.015391840257974,0.09456461385598504,0.06880240615950826,0.015183244,0.046057932,9.3
COVID-19,40de29df-7881-4cbf-9339-809f6a48ba39.webm,-527.19574,136.8058,28.273003,57.92933,-10.320598,29.575348,3.785919,13.909136,0.5848294,8.484242,1.7058904,9.686421,-4.328407,10.647895,-3.0236871,9.614201,-2.257026,6.469948,1.6038196,6.517845,-0.72900057,4.490022,-0.7762532,3.6458166,-1.0428829,4.4864087,0.61112064,0.23834741,2962.864698140678,823.1645513663423,5721.483799196639,1715.8379751500509,2429.6676544619063,592.7867281154078,18.71129558391117,11.900353325303932,0.3333337172022406,0.14433122633646422,0.012489227,0.032736182,9.84
COVID-19,b5a9b52c-0b40-46aa-a5b2-f39cf78ae2cd.webm,-508.91678,121.554955,50.453094,65.45038,-0.4465355,23.101671,-6.1610837,17.526974,-14.695723,19.346437,-1.7848508,14.817481,-6.502012,12.798123,-4.7877526,11.904818,-0.44921437,10.926974,-3.9202847,8.132868,0.36161315,8.1594715,-1.5795939,7.4917965,-0.49728742,5.9910116,0.28927433,0.32584438,1123.8922494080714,1197.09609516611,2212.8667291605248,2329.05393025245,1086.0988291624478,987.1699187542764,16.8234386552257,9.382192305668728,0.06817281471108491,0.07385048937880631,0.01626319,0.042893875,9.84
COVID-19,a7c7b39f-b940-4575-83a5-5e0f4e7d62e3.webm,-451.74857,158.77908,37.394386,61.365967,-18.638311,35.781563,3.2202578,21.288153,-4.213986,22.647287,1.6633428,15.766812,-6.0106387,12.480136,-5.6263585,10.89728,-1.9112337,13.157848,-1.4630747,8.835018,-2.606208,12.52609,-6.5702167,12.874751,-1.6986914,9.993561,0.3244564,0.34032246,1649.7027475668208,1463.2036793972134,2987.006524268617,2713.3995731938353,1227.6400912010124,1043.85334829085,15.613120461217104,10.24390760482926,0.1514849290780142,0.19715546352676946,0.03843211,0.08356225,6.54
COVID-19,01820f7c-b953-4faf-aa13-978cfda6b08e.webm,-364.0409,214.56105,25.659126,30.135548,-1.0618007,28.940928,26.006948,31.249573,-38.981377,37.879845,45.79648,41.740807,-42.471905,36.10068,6.6040964,15.675957,-21.043415,19.617355,-0.4363056,10.662719,-5.15605,12.43758,-11.362821,13.296461,4.0366693,11.295092,0.39437202,0.3260663,4473.703385256582,904.1525073867057,6553.279948684404,514.9473171521139,2179.7842012199603,374.61963544169356,22.915066084414303,17.691070061973704,0.4174793171432783,0.10658519626451089,0.08576676,0.095037766,9.84
COVID-19,658daf16-7fc3-4640-911e-81dac60a2df9.webm,-596.6246,82.38121,6.2191486,27.713305,-2.1614969,12.126267,0.9716585,8.484428,-1.5929484,10.173681,1.6682239,8.612451,-1.0321834,6.979087,-0.8848796,4.4015107,-0.44707352,4.136671,-0.9716439,4.6778426,0.33901113,2.332415,-0.07111569,1.522722,-0.31227046,2.417241,0.18155974,0.32353446,774.0105287112954,1361.6609820822553,1566.489741487323,2626.1080552530543,702.396435943418,1135.2730510012448,11.611669370845707,6.228084554381771,0.035490215949292456,0.06785390716153467,0.0035131748,0.022701632,9.84
COVID-19,27c8a255-32ce-4162-9794-b9952945800d.webm,-614.8693,74.00185,3.8482077,23.33143,-0.71801704,7.131133,1.8635265,9.233545,-2.1597111,10.641276,1.1127687,5.19744,-0.9834132,6.553402,-0.0358853,1.8312248,-1.1176854,6.11512,-0.093113415,3.203501,-0.49931672,3.7830408,-0.09396994,2.5459783,0.57769376,2.9375556,0.050421465,0.173241,418.5075681149271,1306.396638775767,701.1349517520111,2023.1889126525343,256.60431774969084,734.177728278239,11.629453471796934,5.500663390073488,0.017329149907178217,0.05991075890219797,0.0025654354,0.017854778,9.36
COVID-19,240021ec-048e-431d-9548-11d7c234389e.webm,-442.03632,121.19231,32.44244,40.18563,-6.7203918,23.956858,3.9472346,16.198774,-7.2344613,18.867619,1.4502474,15.212092,-7.314959,15.677928,-5.2906156,11.079156,-5.457616,10.364989,-5.495081,8.533069,1.2597737,15.088074,-5.597324,7.776541,-3.7330205,6.488181,0.39124838,0.34673062,2190.1400824459133,929.0107558347502,4369.05607892676,1813.0693902668374,1993.9171121862971,627.9089016857245,20.07612345910276,11.344196225395265,0.13482272710322196,0.09688227913363864,0.02269544,0.0644967,9.72
COVID-19,d67334f2-ce06-439e-9bce-92c7c2f27a02.webm,-417.86963,195.28673,35.790733,50.07128,-14.142521,32.266346,14.853647,29.864077,-8.655358,20.652649,22.700321,28.208925,-2.9730887,13.381304,-1.7755626,12.784011,-9.36161,13.395413,-0.23735905,7.132181,4.4604387,7.6448073,-5.073322,10.644973,-1.5824335,7.488288,0.5084434,0.32340163,3141.1048071889386,1049.7506563442648,5546.044058169959,1532.0390762574439,2219.402269826372,417.48001891003025,19.956884750430977,13.455797368680571,0.4319550136350236,0.27894537069965186,0.047899146,0.08874657,9.84
COVID-19,bd14922a-f88e-4b99-a338-360789a40b69.webm,-318.66406,205.49968,69.513855,56.98719,-16.067839,32.413967,14.9373865,25.240154,-21.014364,26.266163,25.5802,23.701187,-14.070974,18.41874,-3.2070844,12.1536,-19.243382,19.054722,-4.7869577,10.558947,-4.4110565,10.299628,-8.037549,11.181285,0.19606666,7.5548253,0.3623064,0.33140478,1990.0868963530409,1322.1666265409679,4073.5921223958335,2627.178397338016,1734.0516645178548,926.0172453522723,20.585488682583595,15.106252527506054,0.1404286541005291,0.1484443726236519,0.076860815,0.10402698,4.38
COVID-19,d3669a39-488f-41fa-8c31-3cd7d1908708.webm,-326.87582,151.5727,100.99853,67.72562,-23.006832,34.922295,9.926594,26.63619,-18.608671,21.629807,-7.610018,18.302505,-18.414785,16.629942,-17.961946,18.376308,-13.440045,19.852705,-7.411634,13.27565,-0.055316426,13.873605,-10.2411,10.854136,-4.9268923,10.225288,0.33348563,0.320639,1475.8440723147871,809.2236795846578,2682.2361158288045,1463.8609208495034,1370.477539509167,458.15417745916045,22.737988348028676,12.013405047975764,0.09099722599637682,0.057252891658292275,0.06947722,0.08308001,9.6
COVID-19,633e895b-139b-4836-ae1f-4bc56acde0a3.webm,-481.2746,141.61755,102.37464,24.675749,11.335788,45.736637,20.803843,17.95344,-6.857401,21.816412,9.516392,17.445454,-7.6415277,14.090809,-7.305804,14.463868,-12.414274,8.867397,-5.6872864,12.157457,-4.3671637,9.129119,-7.120893,8.497309,-6.1919565,7.721139,0.36696246,0.31683922,1483.7256238104198,448.7107224672392,3212.2283935546875,1201.9323146629902,1768.8028129609336,300.15302462676505,22.166505618396624,13.539360506787238,0.06833902994791667,0.038043858653601235,0.012025018,0.02798695,3.9
COVID-19,b318cffb-62ad-4178-b00f-4fface027263.webm,-445.55853,165.66272,59.770966,76.38873,17.022303,26.450272,15.594569,15.4806385,8.04485,11.084511,8.098977,8.863717,3.772174,7.260591,2.9471633,6.529361,0.3936965,6.7361336,0.2090448,6.642045,0.7376517,5.441288,0.2432587,5.03872,-0.74683964,5.5768685,0.58306724,0.26535413,1806.6366072413136,1407.1161460680516,3784.392306170886,3220.3768172112773,2138.512836339809,971.2326646186076,17.72877537493309,9.000222378856346,0.17413407337816456,0.23063862914497146,0.062722,0.13057232,3.66
COVID-19,23ad16a0-1a5b-4dfc-b326-f916f31fafe3.webm,-395.80798,190.85071,47.52422,57.67637,-9.32999,29.161263,10.859567,18.88764,-17.065493,27.228094,9.565764,17.408995,-16.653463,22.963936,-1.5733508,12.055188,-10.6802,16.054228,-7.1822596,10.703728,-1.6261305,7.030529,-8.269082,11.23241,-2.4132626,9.746363,0.3209649,0.33425146,1714.7601216168455,1462.1089880768104,3322.7212191758,2788.214764751536,1439.310802088992,1048.9425344374686,17.864321903116554,13.071844546508322,0.11065239928909952,0.10858695278839257,0.050682187,0.089293666,9.78
COVID-19,d5c506d9-9b17-4886-b5b3-999f8ee8060a.webm,-574.8683,130.64282,23.072542,47.831608,-8.728153,26.052544,7.419855,19.12162,-5.3389993,14.944936,-1.2637032,8.976054,-0.988033,8.958906,-2.8267925,9.516114,-3.6164832,10.755025,-2.7470732,8.609839,-0.84945494,8.044461,-0.947557,6.4394464,0.101092644,4.637529,0.567573,0.2594887,2818.8312828757794,644.7464947369334,5659.778983637972,1361.2448679946258,2434.732586225005,503.31123935289475,17.160886330971774,9.609189680164839,0.5272953825176887,0.2385993788276859,0.006958582,0.023587704,9.84
COVID-19,37b27ce5-a134-431d-ae71-8c3c6fe273af.webm,-576.30945,130.1226,11.492981,33.15439,-6.70873,29.271475,7.711978,19.133474,1.8694211,11.034608,4.231564,11.648142,-0.48149717,8.003451,1.2828522,4.5917807,1.5137882,3.980045,1.7521517,4.2456455,0.8828995,3.6514082,-0.014810603,3.9883265,1.0025437,3.0550632,0.6545739,0.2332086,3404.028592211375,861.8352134134504,6447.8067548292065,1550.8419372140024,2594.117448451631,501.46550225205186,17.476025196809815,11.21236479655137,0.5641676144838902,0.2555179064092086,0.011768656,0.048912466,9.72
COVID-19,215cf805-8e9a-44ee-8721-20db30e34e3d.webm,-428.08484,192.51743,47.654236,61.699837,-28.140064,36.225918,10.760668,30.821547,-7.8868856,31.538523,11.766756,18.181316,-11.344097,16.163254,-3.2249556,9.510149,-7.8572454,10.452367,-6.9911194,11.233439,-4.1113005,11.77612,-1.7819825,8.881305,3.3656106,8.552578,0.4016342,0.31197688,2491.7930698047876,796.0850262548873,4183.354212026127,1474.4201279541164,1777.604140966723,393.06982573712,21.012320824996625,13.44448628335285,0.18984134861680327,0.07514911426551624,0.038605057,0.06407369,2.82
COVID-19,ed19d797-397f-4218-8412-14d7f5c25780.webm,-318.8048,177.55925,66.86178,63.106266,-34.961433,52.44541,10.275494,19.651749,7.117811,22.767824,3.9012814,18.936789,-1.8959507,18.228628,-0.7391398,12.832238,-8.663991,15.130376,-2.5921767,12.583323,-1.3003552,8.857715,-3.3191946,10.557463,2.8869436,8.618968,0.46559614,0.32361904,1752.6936790542654,889.4905231032536,3118.130276214455,1531.9357033961132,1411.0165819065141,611.7961028200951,19.746209477731686,10.85150942008276,0.14607246001184834,0.08951202747125261,0.10954922,0.17225476,9.78
COVID-19,67b68c39-caf5-46b1-b8da-7f2fd9068a5a.webm,-438.62384,209.40044,35.343437,41.728165,-24.240862,41.34505,9.093452,17.952082,-24.588455,34.52743,7.8602424,20.408802,-22.465836,28.500063,-3.7017884,11.290531,-17.43393,22.658133,-0.36280692,9.441935,-2.7159975,8.872182,-12.102953,14.703797,1.2433335,7.528073,0.46662512,0.29517722,2950.938536777027,775.1971954198741,5369.382364241803,1223.2218228598886,2159.433725878701,299.921408347533,20.852404075650067,15.05849646995802,0.23610056535421545,0.0927558746173993,0.031896204,0.055756856,9.9
COVID-19,d17521ce-1b0c-4472-8317-12a4bf6e2567.webm,-450.05145,155.44818,51.96845,43.789608,0.49743462,21.935148,12.366932,19.02484,-7.7691216,26.23262,17.283491,25.407705,-11.933029,22.261494,5.8422427,16.525581,-12.204828,16.395687,-6.142097,12.279239,-7.355097,11.127467,-4.9073825,11.603469,-0.5796641,8.432429,0.43381467,0.32982993,2333.6689860138076,1328.5130580404223,4638.541823167067,2467.331583959258,2039.3921830664005,783.1362380500395,19.755237627710194,14.561849634110231,0.14526836688701922,0.11682677861811856,0.02317382,0.04307338,2.4
COVID-19,92307087-a106-4fd5-919a-a92b57ffd316.webm,-458.4146,129.93517,15.253473,41.785786,-9.344265,35.33235,5.5318875,17.44498,-4.5774927,17.776726,1.0426897,6.223002,-3.535829,10.151497,-3.0516524,10.630881,-2.481947,9.439658,-1.9717683,7.4299197,0.32325378,5.2849364,-1.7741755,8.558022,-0.017214753,5.181445,0.07391871,0.20603809,393.46857188683083,988.9198839443355,683.3985532064573,1741.5790993192918,293.6848132983273,690.1265957714243,16.057367983952965,6.577367671517534,0.025375583160545025,0.06647445880653696,0.025939636,0.07077803,9.78
COVID-19,cfbda12e-fdc6-4749-a7ec-3a81c3106317.webm,-407.60275,165.0063,68.069016,71.445946,-9.652419,26.785429,2.6119072,16.755213,-3.1154292,16.836151,8.195486,16.679625,-12.035223,21.939846,-1.1137984,10.07119,-5.3032007,11.320913,-3.9110236,9.106252,-2.572632,9.548225,-1.2437193,7.937926,3.7751482,9.688681,0.44489092,0.30270165,1868.8789501464762,769.7836976374771,3571.2842597336066,1564.9662876964758,1786.5184845372141,496.3511245270558,20.69186865960933,12.0428825997318,0.11209428059133489,0.05551278602345329,0.04545519,0.07239116,9.9
COVID-19,ee675fea-3d85-4c06-acec-3c69d26986e7.webm,-361.07056,178.91682,57.272305,55.857407,-19.791407,40.45273,11.565977,21.33108,-28.648787,34.118023,4.6097083,18.463537,-11.896732,16.13713,-12.066264,16.543915,-16.046412,21.040016,-4.229312,14.106752,-2.1859996,11.020097,-8.637606,12.227569,-2.073603,8.927201,0.3823246,0.31996718,2199.4093773489344,990.8599030312184,4156.614209784836,1360.2851159882607,1842.7308333767683,406.95693258794216,21.425426009506538,12.929498315921759,0.14093260575234193,0.08499700821459008,0.061019003,0.09100607,9.9
COVID-19,409c0b45-5adb-408b-adfd-94f7ffef6fc9.webm,-379.88614,153.97992,29.168295,40.793945,-24.275297,45.10587,9.114016,17.078411,-6.6868057,19.947752,0.6124791,10.027837,-7.6125784,14.690883,-7.657558,11.056296,-7.4492273,11.68721,-4.714344,7.405011,-4.0598536,8.422176,-7.4551497,9.861098,-1.5558887,7.4199367,0.4234593,0.3088272,2722.347769716653,957.1489799325647,4782.4859619140625,1588.0990430463328,1949.8704961263134,566.4189697629358,19.957250843815565,12.27632371986192,0.24020298549107144,0.12203765900755796,0.037586477,0.09150873,6.48
COVID-19,1dd3b212-e969-4ede-a9d9-f24b711e2028.webm,-427.63242,198.38542,48.688965,45.39076,-16.703846,33.27687,20.603058,30.96858,-24.87806,27.89207,10.677968,21.922033,-7.316311,20.100554,-14.06779,16.531586,-15.309792,18.664465,6.6119556,10.395945,-2.9594681,8.234016,-6.841359,7.5323606,-2.3353848,7.7902365,0.44669673,0.29892576,2393.709898740186,664.1600772087914,4370.478446528597,921.6390758849742,1890.2583367860323,315.2231785082086,20.588287970372498,13.234833646395062,0.1696316701061321,0.07779405503750662,0.04117559,0.07389169,9.84
COVID-19,cc5b8aa6-355a-4f4c-bc88-4f1d5bafc5ad.webm,-415.88928,159.64659,38.55215,58.61081,-10.978026,25.290981,12.8201,23.246021,-8.155686,19.10022,1.5846927,10.073137,-6.0747147,11.794954,-4.0786805,7.91191,-4.230912,8.018378,-1.2904361,6.3880706,-0.63744205,6.8799586,-5.186206,8.89044,2.5273614,7.58875,0.56432813,0.28094697,2807.3320820813965,1044.0216661456222,5134.665066378933,1625.3535116517664,2142.5168490078063,491.4794144597795,18.909305064486766,12.50584340110976,0.1989865603146853,0.08986119529572985,0.03586875,0.07273772,9.96
COVID-19,26ce1218-1d55-4f45-a0f5-643c0f92c2c2.webm,-492.71042,130.8103,32.562786,56.666496,1.1160538,24.451736,5.420548,15.316397,-3.4000518,17.114712,3.100426,12.823163,-6.375896,15.894059,-2.6751,9.1153555,-4.8702917,10.375,-2.9428968,8.089182,-0.90472645,7.3072987,-2.7027276,6.5975876,-1.9950975,6.5200586,0.20925522,0.31984633,878.6544487419478,1220.7421496280392,1711.7365687944314,2382.956998227537,887.8637570123336,1030.915858585809,16.21272121252343,9.804788390770016,0.04633002258590047,0.07385946175345756,0.020203784,0.0609944,9.78
COVID-19,2d28744c-a394-438b-8999-054224419c26.webm,-442.8517,169.2067,48.521343,60.495266,-19.424742,48.055496,1.7783601,22.359888,-14.327004,26.289165,1.5959443,17.332386,-15.734117,19.545237,-8.518084,14.137048,-5.243631,11.342442,-4.473315,10.971836,-2.182409,7.851635,-10.194843,13.397412,-2.9877706,8.474998,0.4206914,0.3041184,2049.139917070282,858.1612504412882,3741.5760869565215,1452.458238526205,1731.24908583418,476.9899217822973,21.002879662991898,12.558928570038248,0.13453445803140096,0.07453760811131839,0.040497836,0.08646597,9.6
COVID-19,6fe0c2e7-872a-48a5-bb77-5900389c5eb4.webm,-397.27936,202.81905,50.114304,63.517445,-25.415571,43.47971,12.437578,22.21457,-13.526747,24.399084,16.041534,22.611431,-16.13617,21.530916,-2.2241738,9.908364,-6.823758,10.527769,-6.57174,10.090235,-0.20681593,7.737828,-8.634354,12.407792,-0.9117882,7.375486,0.5199409,0.31353799,2476.1802522664475,1259.3972656597944,4629.333956736438,2110.850663240525,1958.1522289587588,699.7014991179713,18.56489888836,13.795804441169855,0.1575881670106132,0.11610163699785389,0.052680746,0.08611969,9.84
COVID-19,f64f33a5-b6e1-4d5c-ab1b-8d48dd826440.webm,-462.22693,208.09152,53.14125,72.05622,-18.24391,29.644588,4.6135306,23.305721,-14.243521,22.923489,11.390954,18.67487,-12.675445,20.94301,-1.909531,13.220279,-6.358253,11.343889,-3.0245233,7.733899,-0.3612233,5.8800755,-6.845605,10.897956,2.7325416,7.4146724,0.28923616,0.33024213,1417.7264675888957,1508.031924955937,2759.2363566377735,2756.285220218956,1206.5465447393037,1085.4543353038898,15.674063598411545,12.368040222343286,0.10516223768248176,0.13063077400881645,0.037961945,0.06773205,6.36
COVID-19,660afa71-ac8d-4824-b751-3d23f4dc0013.webm,-410.5988,195.5398,40.65643,54.444443,-31.882946,46.43769,-0.4944704,13.524371,-20.055626,31.086634,-0.93003434,8.956905,-14.250091,21.900055,0.80250937,8.6218605,-15.854299,22.551382,-6.2551517,9.861239,-0.20347874,7.175686,-8.424791,13.343353,2.8561642,9.083523,0.5078618,0.28888538,2609.156466279771,784.4540360492098,5077.524253970287,1478.164560691255,2214.8600151265177,530.5753665872475,19.598764149463463,13.47979719382976,0.25864383599238877,0.17885501744307114,0.04465866,0.074588194,9.9
COVID-19,ccdb32af-58f4-4718-9f6e-eec7e0020382.webm,-445.26938,189.70453,39.21269,50.66831,-24.392027,43.493702,11.512277,19.863586,-14.22317,24.528437,5.8058343,14.242844,-9.914196,16.242424,-1.4212719,8.941495,-7.970237,14.653222,-4.783985,8.997518,-1.6239629,7.0718775,-5.5907383,9.000217,-0.63967496,7.4910975,0.5214583,0.29870316,2682.8307633697705,1091.8012282582185,5044.254885126629,1860.4260045939648,2139.4016172215415,700.3498662678048,19.10675984355788,13.466003676194589,0.1659959549022512,0.08639006932730951,0.030233903,0.067982785,9.78
COVID-19,e339c45d-998d-4f9b-a8f4-300a63985aa2.webm,-599.33215,108.23978,9.008342,31.021027,-3.5176117,14.871925,1.209595,8.524858,-3.946345,15.190289,3.1244326,12.80657,-2.9569502,10.9823065,-1.1946471,5.7492228,-1.1905637,6.5899143,-0.1250422,4.6928153,-0.8164755,4.545429,-0.8816144,7.105243,2.2734077,8.7970705,0.10386875,0.25702962,436.7301939223171,1038.6121161083236,893.4480580623508,2076.091167986024,396.5796186049499,885.1919317344123,9.86634804672083,6.972076186979604,0.02534867243436754,0.06397345388532531,0.0058699814,0.027654031,9.72
COVID-19,21092164-1584-43be-9f50-20fcca7762b9.webm,-363.22702,197.30925,55.703766,60.92086,-17.694586,27.975164,4.8029423,17.28063,-23.483002,27.476892,9.766746,21.259254,-18.563984,23.150126,-11.0531435,16.535168,-20.02761,21.939425,-4.3071046,10.034279,1.3742282,9.097225,-10.243525,13.32143,-3.122756,9.475414,0.3529706,0.32435957,1959.6478199160556,1470.030348156318,3797.4604105777876,2610.583685919171,1601.2962188166239,949.3513673876564,18.900387648970227,13.798238188272899,0.1123046875,0.09249015562377476,0.06913291,0.10741339,9.66
COVID-19,0be75221-126f-4971-bf65-d8c3189bfeff.webm,-592.6637,77.36373,13.226761,45.22146,-1.3215557,16.028227,0.92654413,10.840856,1.4504919,7.4841824,-1.0175041,7.15984,-2.849333,11.776458,-1.5141745,7.813214,-1.1997107,4.9724374,-1.0604477,5.4601903,-0.8548891,3.5355608,-1.3870661,5.200465,0.0023981438,3.621005,0.059493497,0.20083982,223.94186314530572,798.519149472298,384.6360695737822,1376.9760377288815,182.6251999769588,552.2133841979376,12.922261084800056,5.108108559240603,0.011054183828796561,0.037859712317081025,0.005683775,0.025107859,8.1
COVID-19,9acbab91-a59a-4527-b83f-ef90bbd82dc8.webm,-411.45526,125.35445,54.30418,40.95519,-2.6628687,38.807945,16.344395,27.25066,-8.470024,15.375794,-8.695962,14.00876,-8.501458,16.619797,-11.059757,17.109531,-5.131585,12.692145,2.0640485,10.244502,2.636491,9.934986,-0.23444259,8.831362,-3.41622,9.810273,0.33662227,0.31722412,1894.881367019385,972.3975934935414,3391.3245770571043,1407.0586677045858,1547.2212534612092,393.3223959704515,22.939773063171533,11.265705992101768,0.13610400741906475,0.10085804004893581,0.026380306,0.084535874,9.66
COVID-19,d5e9a1af-2571-40f7-99c7-77cfe71657c5.webm,-440.17065,150.90538,28.00008,50.93647,-6.557493,23.132845,7.3272233,18.634418,-9.381835,17.915014,6.108166,11.427724,-6.2138863,11.799372,0.54758126,6.6778836,-6.4090657,13.368572,-3.7688508,7.237881,1.0934279,4.6055484,-3.1692667,6.3373976,0.14497073,4.261514,0.46087715,0.34474298,2485.8941618345843,1620.1102191974715,4386.19384765625,2685.166099462379,1713.6400506140792,951.9926482779589,15.363131480391186,12.497863806544444,0.19827403192934784,0.1662120930105569,0.03429588,0.10771205,9.6
COVID-19,618fc43a-4d9d-4dad-8b68-2714b584ccc4.webm,-442.13272,138.157,35.29106,49.57072,-6.006042,25.378458,13.963961,21.046455,-3.236717,13.8164625,7.4731274,16.563139,-0.64826167,8.998698,-6.007902,10.997115,-5.955406,12.496705,-4.325417,8.132863,-1.7464712,5.8848767,-3.6614661,7.3794136,-0.48068753,5.406385,0.4679026,0.3080467,2448.544831950394,892.9696721472636,4752.433401639344,1624.4476507117395,2151.7808097562042,503.8106562427284,19.443536087675376,12.031614798651654,0.13330306828161592,0.09388750815151767,0.022547666,0.063132755,9.9
COVID-19,84f4ba06-bcc4-4a68-bb08-725c486524d7.webm,-435.21115,109.902306,25.92883,49.687374,-13.430234,42.885887,6.3007174,20.651009,-4.8690996,16.47811,-3.4231896,20.013538,-6.260181,15.706736,-8.515435,14.79146,-5.097918,15.618634,-5.2069483,13.897061,-1.8976156,15.337071,-5.2075047,13.950963,-1.4319674,11.613278,0.16722988,0.2961136,926.6053007384179,1230.3614269384675,1638.7423155737704,2238.331031799474,688.6219174404549,892.1549599098622,17.937571602790673,9.069768676108344,0.06214093603629976,0.08289247639183565,0.029811947,0.06593478,9.9
COVID-19,525bb580-d7bc-4f91-b206-5f4890cfec0d.webm,-323.86142,160.49593,89.72111,50.896618,-8.250291,36.298477,22.842638,31.894213,-12.531294,25.329893,5.237057,18.37353,-15.948417,19.445799,-3.7138197,11.260567,-10.643246,13.646447,-7.189969,10.207863,-1.194539,10.465715,-8.27687,11.134924,-1.3353817,10.809517,0.34213057,0.31426197,1843.470775781684,728.6273705316798,3776.3035508452867,1439.3318693624672,1774.4682026375378,431.8817364449436,22.09141038065693,13.59275285402614,0.10511540361533958,0.0647246206846767,0.06831935,0.1133567,9.9
COVID-19,6242a8e5-555f-45bf-8489-482bf9c546ce.webm,-279.75528,153.3632,97.39966,50.038853,-16.921947,35.334286,6.624693,23.369534,-18.841898,27.33074,24.505838,23.156734,-17.17326,23.790436,12.939057,20.372772,-4.3725004,19.167606,-5.983882,16.818808,0.48197243,13.294148,-9.510679,13.688975,2.506757,12.63887,0.4530897,0.3216004,2186.845892227945,905.5511253678193,4309.407274937113,1658.4706201881731,1893.5885144959718,386.8001341313846,22.402722015801398,15.799878971547932,0.15498318982198142,0.09228740726561242,0.10421077,0.12638138,7.5
COVID-19,d071fcb6-719f-43c5-8cd1-ec835a4a94cd.webm,-376.64972,189.40787,67.90726,77.56853,-28.544683,37.529972,0.65210414,16.511591,-8.1333,16.995253,4.2566147,14.15352,-14.990996,19.952541,-9.896518,15.418301,-8.343525,13.92273,2.4276552,9.511527,-6.4696755,13.20806,-8.436061,15.275876,6.8683133,11.446417,0.45836553,0.31251538,2034.472175158727,632.9432111248516,3815.267175572519,1450.193636203443,1790.7726467014488,559.1385086356809,21.117910032594395,12.710784997114612,0.13945337348918574,0.05402688997835046,0.07313889,0.114404924,9.12
COVID-19,6f0a2344-8d8b-4db5-b4c3-cf569ca4f7b9.webm,-436.065,141.29169,57.112423,63.256992,-5.8117476,22.814468,1.0630957,20.139706,-2.6232717,11.702982,2.1557717,10.22186,-11.933501,22.657108,-10.148089,16.958502,-6.3489738,10.578886,-2.1486468,6.548502,-2.5029209,8.017196,-5.5089846,10.145601,0.43166056,6.4950914,0.49197868,0.30605617,2158.247920925199,1363.287289090296,4175.2880859375,2510.5338395385247,1920.292143229163,784.0883779114639,20.02847946356266,12.340179314241745,0.19292473591549295,0.22299625003982304,0.029348196,0.0593743,8.22
COVID-19,c52cae2c-3250-45e4-9c3a-4cfb08ef9c98.webm,-501.02615,122.42868,39.784878,38.33502,5.459651,22.183853,8.145332,20.517242,-10.476976,16.50986,-5.43904,12.955057,-9.818636,11.385071,-8.88602,13.095163,-10.761231,13.585887,-5.1664352,11.2243805,-5.0339837,8.099578,-5.5690455,10.278608,1.8247576,7.5006237,0.34260607,0.3231626,2177.244073040759,906.3827259988858,4226.811443391393,1631.0428440337023,1987.8963735416257,423.89107070529553,20.95553210579486,11.484233876274217,0.13913728593384075,0.0926195101271334,0.016461367,0.061268937,9.9
COVID-19,a0f11dec-e546-4869-a284-cffeeb231c6e.webm,-407.00244,166.52107,62.803574,51.157314,-15.922835,35.62006,5.2473526,19.995,-23.510317,33.593113,4.9263477,20.114506,-13.062915,21.19642,-4.5730605,15.804895,-12.814538,15.2947,1.9695786,13.788565,-1.1562362,9.262991,-8.176884,11.802887,3.2411878,9.684157,0.41558617,0.31884274,2402.5949930762854,900.488881630158,4612.980910966981,1612.3111792179002,1982.1828222089953,437.82137593977393,21.324500027413816,14.46954177038813,0.17361622936320756,0.09664454009653073,0.03425724,0.066673905,9.84
COVID-19,f99a8315-236c-483b-8222-449dea88604a.webm,-310.06677,207.96956,91.47838,62.759247,2.6246915,26.703218,-6.137012,21.394,-16.737112,26.231934,26.5731,17.806828,-6.8008556,21.746984,1.205662,11.75342,-3.786237,9.94552,-5.0544276,9.835385,0.8540271,10.687198,-4.200174,9.972468,2.125845,6.358524,0.5231002,0.28409144,1996.0788666468766,928.8394170050658,3975.2941437583554,1852.3284918936665,2096.799457997586,522.4464026266677,20.98245399367978,12.819324014841012,0.10595442012032086,0.07879702946887686,0.089027956,0.12000623,4.32
COVID-19,a1f69db9-81f4-4a07-9808-dd1c99053125.webm,-484.6329,165.97183,42.077065,52.139473,-12.153727,29.036747,21.150671,27.607117,-10.607334,22.4215,2.2211437,15.151693,-7.1976523,12.50576,-4.6853266,10.363837,-6.0230293,10.636942,-6.305895,10.816539,-4.514269,7.5324388,-8.591379,10.428924,-4.1554675,7.598704,0.37210697,0.33657676,1818.290324122457,1519.8286243580903,3391.2777759989754,2660.032661075305,1430.8940316032847,1015.3342177321349,14.95589485661976,12.641691689460295,0.11162200856264637,0.11238927660483838,0.015603698,0.036949016,9.9
COVID-19,aa0d68d2-690e-4341-9a83-c041c6abfcea.webm,-520.5823,165.26163,43.239838,46.48528,-12.530545,32.33121,4.2200766,17.289404,-4.9454646,17.946693,6.9788437,20.905794,-4.663144,12.433517,-0.048840113,10.632355,-11.135724,17.085392,-0.5222629,8.336378,0.3052451,10.673197,1.2191747,5.4644156,2.0642052,7.0192804,0.5178443,0.28027922,2457.1492970082118,693.5208274746489,4959.5196533203125,1251.4981941769859,2228.2738857293984,410.7500074943976,19.499219058582504,12.86489980400943,0.15786307198660715,0.04992354880301041,0.0137116,0.03686543,6.48
COVID-19,93833a6e-c67c-4c5f-9570-6f36ac22b9e6.webm,-361.174,198.95374,38.309536,42.758087,-34.452656,39.84072,10.695396,22.928009,-28.921997,30.43005,14.454489,21.404135,-24.09497,19.464422,-8.289304,14.048922,-6.891034,11.369677,3.1317832,11.060428,-7.506324,13.021919,-9.326453,9.999212,6.8131685,11.026974,0.35210666,0.32107094,3056.5861475141787,1310.8870411446935,5002.3069832376195,1631.1138990938462,1876.4205312458646,486.37093992907955,22.872633631928675,15.393735798118835,0.25723215617541767,0.14451326491730515,0.05374164,0.093488134,9.72
COVID-19,4f5a4b71-46a6-42d8-aecd-7e0cc23d7d70.webm,-457.95197,171.45503,21.019588,41.136242,-2.8011885,13.180495,4.1365733,9.103381,2.2051082,7.5977607,-0.21271342,7.6119885,-2.4487026,7.700464,-2.83573,8.326028,-3.7592254,9.759863,0.08976932,5.6529346,-3.0276432,10.795627,-0.23631406,7.0979195,-2.3990033,7.102273,0.51827985,0.33821532,3067.957654886169,1225.408991398196,5888.658142089844,2340.994455115235,2591.900824372298,602.1244480762942,18.041273501283037,10.028525256760311,0.3206062316894531,0.2493627543227571,0.031116761,0.07749938,5.94
COVID-19,f4e51208-6dcd-46c2-b2f3-f4fa6e6f8760.webm,-470.9844,150.90465,44.229866,64.62486,-9.920219,30.22063,5.0053816,14.735232,-7.4207635,20.744066,3.4899504,11.541681,-4.8317986,12.020889,-7.827844,13.606224,-6.0181527,11.527064,-0.04759317,7.962411,-1.602321,5.9931965,-4.541205,8.888661,-0.17841974,6.117535,0.2809129,0.35420558,1241.675405079913,1433.2574481772178,2350.3694354363206,2726.1718910680315,1072.1180625943316,1079.1494743128667,17.5495752617274,10.373668875232946,0.11141104068396226,0.17465730297893667,0.02956914,0.062021267,9.84
COVID-19,a59d7a75-ea2c-4213-bf56-08b8de2764d5.webm,-507.157,152.75314,14.713114,36.050392,-13.611225,33.871586,2.8817272,13.34334,-10.3144865,25.363136,1.0887029,6.5242357,-4.28739,11.910664,-2.236712,7.702944,-3.1168425,9.856938,2.3055465,6.68543,-0.7921853,4.2860484,-2.621973,7.71484,1.680788,7.380349,0.21623275,0.3458781,1104.8731968884706,1598.9255848652224,1986.1519191576087,2797.7335367559967,813.209113007955,1102.6945322769593,14.763365839529316,8.669250669240586,0.07090103223128019,0.12213239464383269,0.018265406,0.05459652,9.6
COVID-19,4c56d691-9cda-499c-8613-59a9c5659003.webm,-428.1439,190.89497,82.09267,74.54026,-11.715296,33.768578,13.77976,21.764116,-3.5892239,25.997902,2.3232446,24.77299,-10.443783,18.609497,-6.0299315,12.955873,-6.2726336,15.870788,-3.4083922,14.160723,-0.11341438,8.14728,-3.545392,12.156745,0.07394038,9.723381,0.3816571,0.3185586,1605.6979852682555,740.3519535428923,2930.3343076963683,1416.2721121785028,1528.6295862114414,539.7421201105014,21.522519361314774,10.77890908054471,0.11624392947635136,0.08097772922192668,0.055431426,0.09394645,3.42
COVID-19,c5a4c854-9d78-4615-9fdd-519e547e972f.webm,-518.8862,180.26982,23.451246,45.21519,-3.834987,18.667397,8.337132,19.810974,-16.144943,34.48605,7.4172854,16.946703,-8.065324,17.729431,-0.25106788,8.571932,-6.4484615,14.328293,3.046777,7.7511234,2.8631942,7.1913223,-5.2694273,12.009511,3.9336183,9.78148,0.24449882,0.3374606,1543.311944518404,1843.8422061494803,2845.091391509434,3153.36463630761,1134.440514462655,1207.0527947142625,14.233701369622093,10.987741324291392,0.08171801297169812,0.11924011604775611,0.022868048,0.054513123,7.38
COVID-19,6604cf63-454a-4b13-9fc9-95eb74566e8e.webm,-377.98175,194.75232,69.38141,59.573063,-30.872816,36.115395,28.520405,33.038803,-22.259903,29.623222,6.444063,16.481348,-11.575461,15.514763,-11.152455,14.283569,-7.7148404,11.913018,-3.9892588,8.720388,-5.4138575,11.722145,-11.456756,12.802331,4.166086,8.931595,0.51238877,0.27759266,2470.161980566982,716.5815625062785,4641.559734211101,1177.1411380378686,1962.009916628629,468.44552874287416,20.564955265464736,13.25620999015189,0.17368926646270397,0.07111418852124594,0.038307644,0.06490871,9.96
COVID-19,424f1c61-5421-4da9-b3de-70e2d706867e.webm,-484.29083,131.4067,23.568438,52.750843,-3.9657133,23.82815,5.60931,14.224238,-0.7858539,10.928108,1.6572804,9.369637,-2.9738078,11.999698,1.9730103,7.700394,-2.2506871,8.93397,0.6310354,4.4003096,-1.7086859,5.255184,-2.8326752,7.2529244,1.5193963,6.6670837,0.25084257,0.34784088,952.0638839269672,1389.4888302357303,1828.7214759442445,2568.534284709322,883.2381059292256,1102.0771448537187,16.339203550619693,8.706625440096614,0.040955907149280574,0.06635204082330189,0.019597827,0.054506887,9.66
COVID-19,b9a183fd-59bf-4cd2-b0bb-db8215485e2f.webm,-416.51764,209.09283,61.4787,55.036682,-16.094732,24.10448,24.268202,27.193253,-26.163454,28.599512,22.174839,25.682667,-26.775854,24.599293,-12.454833,16.0974,-19.048443,16.343622,3.0878444,13.13901,-5.7773185,10.380443,-8.639697,11.351343,10.94382,10.797799,0.36161998,0.3132951,2344.894437787889,1381.3273198149052,4597.523701549088,2500.499378393975,1844.0183789208095,910.0507540067736,20.26163265677048,15.629596130595912,0.1607597907725322,0.12488612942573522,0.032633416,0.050135836,5.4
COVID-19,83e76c73-4e06-4e49-ae0d-354e2974745f.webm,-549.40594,175.85236,38.721127,62.77928,-14.6719055,29.270844,2.0961132,18.130758,-11.016215,20.406591,5.061012,14.570241,-11.326304,20.924627,3.0157933,8.148767,-8.337157,14.372279,4.6373982,14.019653,3.3930807,9.530552,-11.909364,19.043312,2.282211,6.7900496,0.23598354,0.3217026,1265.9570740453808,1465.5616674062792,2505.876358695652,2781.054253414283,1009.0577751905493,1068.169544368111,12.486307760155858,13.509463639688724,0.1137392032220497,0.1601009906541277,0.013752869,0.03194356,3.72
COVID-19,812a0f06-9e05-459e-84fc-2654bbb8bf9c.webm,-432.62195,146.12169,71.45231,90.97182,-11.36639,28.510298,4.735713,14.951066,3.9420252,11.403613,-12.577647,17.145346,-4.1791453,10.123975,-0.23275936,10.382741,-8.933072,12.220564,-3.4133403,8.6715,1.4503514,6.647648,-1.5568599,6.3135066,-1.2603452,5.5863924,0.5475602,0.2993982,1855.619873070341,816.9444265551473,3662.43457747555,1757.6930669406097,1733.7111735662365,741.8287411674543,18.737346867120262,10.862310883240664,0.1027145572279951,0.052966784508437906,0.03987822,0.07782326,9.48
COVID-19,b1821263-6041-423f-93d6-a174d97bc4d7.webm,-426.00598,162.32706,50.42717,44.50871,-14.528876,33.328194,5.556882,13.72551,-15.291635,28.300934,14.611633,18.165857,-13.815909,20.823946,-7.387223,9.142707,-8.112095,12.132138,-15.0666895,13.218205,-6.690485,9.56132,-8.1253805,8.02107,-3.741823,10.016755,0.43539095,0.30835307,2491.5520589695093,948.2564025343756,5012.831809303977,1551.541147443254,2156.4296672792902,490.7046910127663,21.334007981899788,14.204115956110554,0.18494484641335227,0.12774226444996134,0.021319252,0.047813524,8.16
COVID-19,49c952bf-0654-4baa-a67f-363745f146de.webm,-433.11386,158.21288,43.784416,66.00772,-11.291628,29.709236,9.564632,32.348137,-4.7093987,18.62785,1.9865147,18.156258,-6.722577,16.269142,-12.287266,18.200354,-10.896941,18.682606,0.31718203,12.891716,-3.210955,10.3829775,-6.1199055,15.379701,1.4481351,5.9041185,0.20006871,0.31100032,1080.24262307139,1323.8771610646943,1903.067043138587,2304.158644196652,847.4193467364391,926.8089382519439,18.854236112188957,10.053516718199308,0.0670601222826087,0.07878070848485264,0.050461344,0.09146208,5.34
COVID-19,d8dd429e-db29-4389-96a3-e68e6d8a6b77.webm,-411.1885,180.64238,65.623505,75.69946,-15.640318,40.715405,13.355271,25.761974,-1.8695776,15.839176,2.0074797,10.676793,-4.937539,16.122292,-1.3157469,7.3679514,-13.55855,18.141268,-5.7883945,13.476063,-1.0461676,10.24266,-5.157659,9.498813,-0.86689687,8.536371,0.33762053,0.34265873,1199.928069935393,1152.1065410016267,2347.2216796875,2118.9023022727065,1212.4543201091578,919.4519881579339,18.132753141479192,11.997914872277537,0.065185546875,0.06274669190373076,0.055334546,0.07997164,4.86
COVID-19,f22ddcf7-6fc8-4f44-b618-65f8b5a5c74c.webm,-640.92017,158.97334,78.17086,46.133453,-46.60342,55.421753,5.4156117,36.90076,-9.7160425,22.322126,0.5164997,17.484516,-8.557559,14.852749,-2.6448023,11.645338,-9.285274,13.607442,-6.106989,11.512274,-4.9942427,7.899434,-10.969613,11.362424,-1.8919901,9.122011,0.47371212,0.32647237,2434.1577046512816,653.2462959738139,4389.83941100785,1591.1436132304596,1920.1189213205041,700.9556730272736,20.33780999410179,13.118713891710259,0.24542033841824645,0.12421332708858875,0.0031375482,0.0041997186,9.78
COVID-19,3cbd8630-11c0-4df0-a8c5-5200bec45213.webm,-509.65994,115.74906,47.11474,59.711327,2.4127252,18.328358,2.8604252,17.183767,-11.290147,20.033653,-3.578448,12.204247,-7.9863434,13.588432,-5.0643096,11.012824,-6.29846,13.222826,-8.414283,12.960549,-3.0052166,12.303705,-5.178053,10.56685,-4.249856,9.548549,0.21531151,0.32327166,1006.1723966322452,1273.954239342683,1869.7477921195652,2363.1763401225335,976.0794556013882,956.681257649143,18.180460151431944,10.447531384673328,0.0607355827294686,0.077555727134998,0.014043096,0.03349168,9.6
COVID-19,c6fb2de6-86a6-4704-b267-11c0031431f2.webm,-472.44424,144.10901,65.2351,82.69415,3.2412622,23.984215,2.8601925,14.587695,-1.8798242,10.150431,-2.4388242,7.163818,-11.949777,15.805669,-11.68875,14.894957,-6.9347224,8.948842,-4.971074,8.623782,-7.166351,9.256574,-8.052072,9.634368,-3.0834756,7.926655,0.4716918,0.3104835,1620.8335708430357,1156.1265609580098,3188.6034355788934,2433.7603457008045,1612.9077554864125,943.0140130757428,17.72117751368059,10.213617622359882,0.09527430657201405,0.08546851476443969,0.03523236,0.083045706,9.9
COVID-19,3c1efb88-ebba-4dd6-8fb7-ac1fb6e78abb.webm,-717.94946,135.65724,34.835,54.08697,-5.705401,28.620718,6.149218,14.887182,-4.779511,22.252636,6.0746026,11.3121805,-4.8899155,12.563924,-2.6744764,6.6759605,-3.576894,8.291076,-1.5502063,4.84766,-1.1027998,5.311531,-4.540794,7.771883,0.13796355,4.858412,0.3709021,0.37159207,1751.8448643263846,1933.16904537829,3287.4839089133525,3244.7170327314393,1394.96067143817,1225.4187727363465,15.17901922523242,10.868337070839834,0.11053836706912878,0.14378275077223002,0.0013250727,0.004108815,6.12
COVID-19,f114a26d-73cc-4065-814b-4de83dbda99b.webm,-627.5317,123.65925,26.93543,41.41839,-4.530363,17.038189,11.462162,24.586369,1.4908359,15.203552,7.9770603,13.035592,-5.301922,10.487113,-6.94,17.0857,-2.7424898,10.99309,1.3235184,9.760831,-1.0198673,9.730486,-3.5648987,6.899382,0.12818627,7.0379066,0.45527473,0.3160579,2814.8691835873447,893.5818164524048,5203.679755182549,1250.006260110829,2229.9740165591497,442.1085723870578,19.66255523425262,12.415240780565098,0.21225247524752475,0.08716152853193579,0.004884243,0.018542947,7.02
COVID-19,b7247ef5-ae4e-4d95-8e7a-f300d00e4aee.webm,-483.2777,111.395,29.176655,43.79577,4.730541,22.031338,12.327675,13.18029,1.7049601,14.112098,4.0230145,7.5331187,3.0308933,7.1632614,0.44622082,6.1156654,-7.6543694,15.320834,-8.98133,14.719693,-5.6496544,7.4626193,-5.0907445,5.7839594,-3.7823462,5.2574034,0.2935387,0.30473477,1836.3823175068785,649.7847750408981,3990.727859246926,1456.6225709191367,2042.7040023857412,432.2629323390535,19.80589691987624,9.77364805364963,0.07462698514344263,0.04153389269311967,0.019016258,0.059460018,9.9
COVID-19,e35305cb-6b8a-4c37-a216-3857fab648e7.webm,-409.28644,156.2308,64.60219,38.185364,-0.024279723,36.485695,20.914074,23.6623,-11.582409,22.239067,11.861177,19.99671,-19.836788,17.548292,-6.6189976,17.349192,-13.6273985,12.82906,-7.366883,12.445531,-8.016879,11.797728,-8.889542,9.577024,-0.55571693,8.978588,0.37576258,0.31031352,2424.6203210208732,891.4440509903186,4822.022302371939,1430.48951111834,2084.477283360238,304.07481439214934,22.82278008138629,15.045401357441444,0.16256997019974226,0.1053524614382459,0.025120588,0.05104619,9.0
COVID-19,f25876a9-e307-41a9-bd78-7ab345f9925e.webm,-394.1687,174.00003,53.256073,63.523983,-42.190025,51.53776,-2.1135592,29.276873,-11.279908,26.710842,5.666058,15.871065,-12.274653,18.104673,-10.244207,21.87909,-13.533873,17.591501,-1.6440845,11.766719,-7.3068123,16.290169,-10.210469,12.84392,1.1320579,10.757723,0.34959036,0.32864723,2428.4123333520156,1074.4781168853985,4132.724459666126,1950.6314450969917,1735.4561556708475,690.2965894593897,22.55513177648277,13.07315735705107,0.2016094855542453,0.11673409766633025,0.057447165,0.09783269,9.84
COVID-19,bfa6b379-56e3-4144-ac7c-17d7269e9865.webm,-524.3717,137.07698,12.212118,44.285336,-7.622727,22.086376,8.111812,17.961977,-7.2254925,15.779956,7.081191,12.702018,-6.177268,13.013291,2.9699433,7.8677974,-2.9087596,11.958436,-0.9343684,7.1945376,-1.4889126,5.964826,-3.8740027,8.449466,0.86813945,4.949234,0.23505054,0.32160825,2003.0345581784916,2011.555632102206,3324.873841483638,3066.2842274038558,1241.5662666438427,1118.7250471383652,15.257502042200102,12.612725987115745,0.15653329525353774,0.17921730978799605,0.014165694,0.041462652,9.84
COVID-19,37fdf4e5-d6f0-431d-a198-28dae66a4e84.webm,-409.93954,133.97668,54.249645,56.467087,1.9321046,32.78914,0.5772469,25.916409,-21.365124,25.068886,-14.779319,25.673632,-23.488909,22.771313,-12.388218,17.209106,-10.150392,13.117904,-7.817333,13.473234,2.807954,12.321312,-1.3131876,11.250498,2.9582717,7.9333825,0.24235311,0.33646736,1252.2723191333494,1335.7519759070601,2083.8731810944905,2329.4977807005316,1016.318962757453,876.057408488127,18.84702747680657,11.038724179150575,0.08491465491706161,0.09507014287950569,0.046018615,0.084253825,9.78
COVID-19,d299cadd-d426-4d7c-ac8d-037e25fa2c9a.webm,-755.3496,153.35332,27.8745,50.927803,-8.45129,25.738714,12.398486,24.3203,-5.414816,16.513718,1.2342901,8.025587,-5.7585244,13.253691,-0.61890566,7.3342295,-0.71041346,5.150421,-0.75711215,6.057132,-1.6845133,6.8118362,-4.8669543,11.159661,2.30003,6.0687914,0.13794142,0.271163,656.640700989701,1210.794331994771,1285.6765832314943,2137.2502014551296,585.780569934373,931.0894396990078,13.954147474949144,9.302309772643605,0.03829870810055866,0.06716209002664174,0.001618993,0.0042368574,4.14
COVID-19,9e673f87-061f-477f-92be-22ee9bd0d2ab.webm,-485.55255,165.22697,45.05622,54.962967,-26.030142,42.47738,14.844742,25.628149,-6.578663,21.122004,-0.96058905,22.722685,-5.1067,19.418541,-5.9736743,15.396036,-14.660418,14.610197,-2.0623803,13.3101015,-2.97776,11.667146,-7.9403114,11.627574,-0.03389928,9.595748,0.4012224,0.32088518,2352.669415545798,921.446451205775,3864.393536174467,1707.2852562208052,1720.0539615439538,583.9735513563611,21.15629497133063,12.482296332579027,0.2522261922393365,0.18198316019519173,0.017990733,0.04202021,9.78
COVID-19,00af1e34-c02b-4f68-a5e5-3100db5e31f7.webm,-440.3219,171.03796,53.518646,70.89588,-17.58611,37.06459,12.701539,23.027405,-2.6379027,14.490889,2.5338728,13.311883,-5.860319,15.916894,-6.393517,14.07289,-1.2887138,9.200125,-7.314841,9.376323,-3.085214,8.390422,-1.447646,8.581016,-1.2170919,7.0875463,0.46101442,0.32215187,2283.2109069347257,924.4144480412164,4427.291254526555,1993.3312520146417,2015.4863652005045,722.8918266810555,19.42922258233202,11.177720629642435,0.28121437432939916,0.2388419560431036,0.039622635,0.069510415,5.4
COVID-19,dba6a1e3-ce39-438e-af77-9b1ce00332de.webm,-282.52725,231.38794,73.59533,59.80372,-35.319332,44.91429,16.82606,27.628742,-42.579998,36.118412,14.655195,20.722347,-22.35009,21.858547,-5.977518,16.813082,-11.514805,11.684473,-9.282999,14.781084,-2.263385,10.016383,-15.141128,13.62269,-1.1935607,10.430289,0.5130762,0.28925484,2623.301538077105,849.8187695183385,4849.166284249642,1321.271783280246,1957.3374190468248,414.09237861879257,21.212036900944447,14.86255277859833,0.1980155354584527,0.10247973339589822,0.13144474,0.18746978,8.1
COVID-19,0956670e-c346-43d2-89cd-a79af7476ff8.webm,-349.05167,212.94798,36.45714,53.522945,-23.106567,34.588825,17.571878,28.335865,-20.995089,29.09314,8.489963,13.900323,-17.073397,20.455685,3.6775951,15.131141,-10.393375,14.145408,-8.4395685,13.870308,0.50601465,7.8190126,-7.461363,10.234078,0.9943991,6.5077615,0.528951,0.29027712,3339.994126675486,890.2482941772467,6129.946740317684,1366.2950451116455,2371.552131085167,520.4373386423267,20.008441442234496,13.817201440812656,0.3764185611670616,0.19008072969080908,0.087898746,0.16054007,9.78
COVID-19,0924c308-2cca-4ab2-8ef3-a204c349701b.webm,-432.37784,143.66068,58.559784,45.524124,-17.365648,25.111471,17.190825,19.315783,-9.386544,19.305513,4.141284,13.1326065,-7.162925,11.803267,-1.3552737,10.067367,-7.4847736,9.601606,-9.812504,12.200458,-10.603649,12.719255,-12.360904,8.778163,-7.79878,8.283077,0.38755348,0.30058295,2233.5265905137626,740.1756455837595,4321.21142578125,1416.4064256039073,1873.383337702093,467.7038954346197,21.642164294439723,13.447567752218209,0.14564778645833334,0.0662042235724789,0.02191774,0.045358222,3.48
COVID-19,128aac08-4a43-4a36-ac34-5f294d90ca2e.webm,-422.60086,150.12645,49.754787,63.476204,0.31782517,22.434345,21.941505,34.488274,-2.0416996,18.43709,13.931768,25.959911,-18.622799,34.335697,-2.602753,11.475734,-3.0420282,9.5285015,-13.8202915,12.675211,-1.3706485,9.88492,-8.812151,8.315008,-6.106815,6.3334756,0.5256191,0.28865436,3014.9504847922367,1150.356881786075,5147.620860808486,1589.9003499782327,1977.959121061664,426.2773997328592,21.82002029909956,15.078221288443387,0.26964772075688076,0.12432700103895891,0.05680436,0.100719094,5.04
COVID-19,aa6fd1f1-ef61-4aba-9db6-18e625736b9f.webm,-510.88126,97.47535,52.557293,61.821285,2.8552947,23.837917,-2.3115797,24.833134,-3.659974,25.25017,-0.12787823,19.009151,-5.249798,14.617179,-9.9627285,16.522629,-9.224512,14.303602,-4.3294573,10.745522,-1.1585678,12.708807,-4.600826,9.782756,-5.703447,12.193761,0.3594984,0.32151845,1770.6594517843378,780.322830277284,3451.3135566086066,1805.3693627895673,1770.8217075537257,659.3477063850387,21.614847048096916,12.300298299811043,0.09378087492681499,0.0482220121064624,0.013968358,0.026075384,9.9
COVID-19,9feaa48c-8ea7-40c9-a472-e759f1003711.webm,-538.44464,78.02123,13.854398,22.940752,1.8882835,19.6779,5.4773355,8.624786,3.1568885,4.8634048,4.707899,11.115523,1.8120886,6.603751,2.5585616,3.4322343,1.4544004,4.846106,0.6516675,3.9297976,1.1557012,3.087904,0.04488002,3.948778,-0.56854033,2.3557103,0.50159514,0.26949123,2193.32988841253,215.80722138642926,4465.70192732901,483.35198131131835,2120.553662794278,183.4973771384639,19.37831493775792,10.310576666131478,0.1097412109375,0.022438814504127543,0.005216108,0.027866172,9.84
COVID-19,dbc6f669-469e-4306-acdc-f46039006148.webm,-495.33102,122.03006,15.662463,39.04184,-7.151202,25.043577,12.277559,20.901175,-6.564353,24.353832,9.4484415,16.897518,-5.348389,12.216691,-2.6004145,7.449726,-5.6751966,11.959972,-7.2350035,11.37506,-0.786748,6.4055457,-4.919661,8.757011,-2.7033548,7.855511,0.57209575,0.2781541,3082.7208591698113,940.1203641251308,5566.667055116349,1379.7481681139013,2237.221545659606,491.4969622746009,18.819426864699988,13.24571517724941,0.22599264431682578,0.10080735423623598,0.011685283,0.032890297,9.72
COVID-19,3dc63f91-e057-4387-b0ab-96f189a955a5.webm,-521.09845,158.78203,29.314453,49.179134,-14.207752,24.980446,3.794633,20.000387,-9.325074,19.65179,7.4971538,12.557489,-1.3721958,10.191953,-3.076726,9.587285,-3.7806325,11.459208,-4.261195,8.946675,-1.708069,3.9610612,-1.6076597,6.297562,-4.337281,8.651781,0.5916438,0.27427799,3103.1213988105687,795.5615570629734,5900.286543996711,1423.132606716906,2392.3911411429003,578.7702047338477,17.86383956567887,10.466255813689084,0.47635476631030704,0.2579214700962972,0.017404111,0.051262494,5.28
COVID-19,283b9530-b9b7-439c-9846-7b20114ddefd.webm,-424.46613,199.56894,53.816498,55.56424,-28.371084,30.639383,16.474924,21.726515,-26.558308,28.916292,10.016253,15.0797415,-21.467316,22.462206,-5.9450603,13.778293,-13.38594,15.276714,-4.8418765,9.460291,-0.73602617,5.15797,-8.461173,9.505715,0.97254586,7.451006,0.3856314,0.33414817,2058.9854670808136,1434.0141691721362,3939.175312935641,2505.8705503635683,1557.4853598695781,944.5700096860041,17.37469629931139,14.650725897984486,0.1513690026719331,0.1468316263028156,0.027539011,0.048353154,6.24
COVID-19,74908b90-bfee-4589-9625-bc930ee8c42e.webm,-468.0132,114.30835,26.317345,52.237473,3.7731445,17.499884,4.51263,13.024569,-5.0770106,15.363292,5.5868664,14.44054,-8.374446,18.639967,-2.2262006,7.1657104,-5.541511,12.816848,-6.8403463,12.833917,-2.114089,7.9167576,-2.3772457,4.974876,-1.2054583,3.8435543,0.20627661,0.3191603,1319.089495055714,1797.3433132992745,2316.1784861347464,3035.732647563477,993.6600261894579,1129.2138621600643,17.60196301557916,9.975803035628424,0.07997901840965346,0.1303891705013006,0.03175125,0.077145584,9.36
COVID-19,a08d28dc-9b8d-43ae-a864-9f25be0e1718.webm,-437.13055,204.6803,40.801556,62.46298,-19.984314,36.184616,14.433557,25.560345,-11.94279,28.269575,10.150859,21.064837,-12.770161,17.689201,-4.324437,8.14294,-2.884941,8.200289,-7.0792475,11.275692,-1.5112883,8.765186,-6.193147,10.299914,-0.023400148,7.19306,0.23985213,0.31994116,1304.3862384144504,1423.8945827967198,2328.0096985152545,2527.805317263882,973.6885226152449,985.8572349606867,15.473721559206135,11.718125700881917,0.0975960826421801,0.11965522679177613,0.04495691,0.08249199,9.78
COVID-19,cf38eea8-2307-4f24-88ad-1abbedb59b25.webm,-460.4756,124.04814,44.257683,48.15919,3.2399216,16.294645,3.387082,14.290231,-6.815365,19.029518,-4.275246,25.974312,-15.84807,17.928423,-5.8626146,15.545614,-12.0313425,13.119772,-9.440104,13.14531,0.15639903,10.946579,-0.9716819,7.588629,-0.8685604,6.6327786,0.4258117,0.3310596,2023.5870556845678,921.382649389055,3909.8481338389597,1809.676023175532,1845.5027240752959,595.925256910968,20.721807532013212,12.690893849145787,0.14243556113138686,0.08654325942295343,0.021907821,0.061102226,6.36
COVID-19,be265d6b-9bc3-4499-a099-940ad4479dde.webm,-347.63382,188.22171,74.3586,44.420036,-23.406242,33.026375,34.793743,27.205362,-19.408796,23.832699,22.574327,20.815039,-25.504036,18.842941,-6.7840557,14.85274,-8.01958,11.58147,1.0522491,13.901221,-18.479776,12.277636,-12.865248,9.288359,-0.5081611,7.317969,0.40863487,0.30822465,2494.291903736829,741.127714290442,4901.539974318025,1253.4992919227539,2077.3388143861553,324.44791821041633,22.7349772467583,15.535721308724842,0.1763180896063536,0.08938663567087905,0.043417558,0.0646452,4.2
COVID-19,8a21e96c-f9a1-4d2b-97da-1f862b2fa47d.webm,-551.5959,150.79337,75.74378,70.76711,-28.645243,47.986103,9.804795,20.951532,-8.473156,23.630287,-18.730116,22.557127,-10.185106,13.289836,-3.6239169,12.73251,-10.763176,13.8527775,-20.856667,21.549223,-6.7411504,10.037491,-4.523922,10.231944,-6.640864,13.364696,0.41246217,0.3290068,1854.183065600085,1221.5599281376385,3369.9909637577803,2275.911703241199,1520.0597708907487,856.8882724482831,19.399297053989784,11.129544252041079,0.13229382780082988,0.10586088064209717,0.0087671215,0.013560074,5.58
COVID-19,0b0d7e10-8353-4124-a16b-bf96e405f63c.webm,-416.81552,190.29288,55.14072,65.75816,-23.925117,45.6234,19.478445,25.430489,-3.5591207,28.173576,-0.96527404,17.205862,-13.853355,19.948633,-9.024295,16.643885,-8.827428,15.559838,-7.7968554,13.521858,0.5852683,8.090435,-5.891078,14.851889,-0.07934203,7.352768,0.3108223,0.34762585,1488.348870658434,1319.0972768135448,2907.0975726938505,2360.2852027434046,1302.0814431422423,979.3551007636543,18.487611078040416,11.432056456672703,0.08393476353609626,0.07584867354060798,0.046709273,0.07062046,4.32
COVID-19,76779311-1f9c-40b5-845d-bde19b0d9c0e.webm,-507.44254,158.93248,23.190212,41.804504,-10.424631,29.615147,9.125942,25.096785,-6.844193,17.415327,2.2165604,9.318474,-9.826026,20.063637,-3.9879396,9.859557,-2.5134594,7.731503,-2.9489822,9.1936245,-2.1967077,7.39371,-3.2727385,9.203447,-0.74036235,6.762447,0.12314449,0.25288263,786.3384798637934,1317.813167007983,1487.8575908064277,2357.784936540531,622.4669308210698,941.4720173614801,15.370379490339934,9.468266276789306,0.0450711363299763,0.07813316254248232,0.021515086,0.054630835,9.78
COVID-19,5d1fff93-65cd-49dd-b9d4-3303e350b546.webm,-520.5788,164.08836,31.665274,53.98799,-9.128494,31.236757,5.381396,20.801218,-8.616499,18.903658,1.2378248,10.996026,-5.7926364,10.350473,-3.8202584,7.4507422,-3.2398152,6.100921,-4.506859,9.215596,-1.7461244,6.643667,-0.8555784,6.004453,1.5588974,4.4184504,0.55657524,0.27410695,2654.87968532982,751.9178911602341,4968.747134779951,1404.0614168157908,2159.2629231232277,442.44488761532267,18.033105881343573,10.733791729067786,0.1689942600091687,0.06047841612321382,0.018644175,0.05807951,9.48
COVID-19,ab46097a-7d5b-47f3-aab8-222bf0043beb.webm,-488.19196,151.69395,37.626595,35.311176,-16.72839,29.547333,3.3297808,40.376026,-24.535925,24.601524,-1.2711728,27.876312,-21.446981,20.054192,-8.779596,13.732197,-3.3096333,12.12424,-0.7543918,12.231699,5.3974485,10.406419,-2.291518,11.709763,4.4032707,7.951124,0.3355649,0.32255465,2660.2886083454964,1330.9070685437036,4235.157450691599,1880.6952183092617,1757.4811872480627,498.4225358236806,21.28597485501431,12.869405796115856,0.2111936475409836,0.1460699513367397,0.017630342,0.050799802,9.9
COVID-19,5629bbda-bc78-4664-bdfb-26bc3e20dd50.webm,-488.4313,181.29738,24.18642,44.38918,-19.108828,39.63323,11.263771,24.716675,-13.986594,27.229506,3.3187873,10.578634,-5.0320935,12.27257,-9.253471,16.592052,-7.2551336,13.297543,-5.6067657,11.155052,-0.9457219,5.127186,-3.8825638,9.542746,0.25804374,4.6319947,0.18106803,0.2987013,1113.0451846240985,1597.4386482077261,1924.1194385593221,2625.485171894068,745.9694577105182,978.4017252512717,16.194169339831408,8.841059562732564,0.07029429290254237,0.11298619396600099,0.027905645,0.06378634,6.84
COVID-19,a7ddfa23-7296-40b5-8ab0-c44be913f5dd.webm,-350.431,189.65591,45.869606,61.325577,-31.261763,51.61594,20.471756,29.579702,-4.4420757,20.813532,2.427096,22.031569,-12.561403,21.674978,-0.9777618,16.021513,-13.1453285,16.919828,-3.300527,9.506927,-5.3899364,8.946829,-10.902223,15.574715,3.3300974,13.100547,0.46341076,0.31305084,2451.4800539035473,950.8734629784608,4355.642794879923,1777.9855836823135,1821.251913946187,676.1803394130212,20.79386671972635,12.910825536311782,0.24273987544749404,0.13621874537806525,0.074314214,0.11434017,9.72
COVID-19,ac3929fc-e9e9-40ad-8776-28449a228857.webm,-438.61298,164.7756,39.016106,59.466404,-9.486549,26.012234,11.076777,20.960331,-6.975403,17.456957,9.908314,18.198505,-5.8447413,13.536006,-5.189955,12.833914,0.68253976,7.603255,0.25653732,7.8623753,-1.8629893,6.728217,-2.705496,5.4294806,0.051176574,4.4736705,0.5597065,0.27828202,2715.8728236837146,959.5075999300632,5291.886239681604,1763.018093199046,2315.624710202245,562.2958712743759,18.89181284670352,11.261878987833045,0.2096465488649764,0.12439245729563295,0.036987714,0.09055247,9.84
COVID-19,76a03d41-09de-4d00-b1e6-0cedf0b3dbda.webm,-604.593,108.915375,11.343929,33.427475,-5.213771,18.050335,2.2224543,13.027331,-2.7590086,12.989437,2.431001,8.849212,-3.2226017,10.606556,-1.7188519,7.9692054,-2.6506112,9.967587,-0.9491226,6.772409,-0.4236093,5.7862754,-1.6045263,6.5380383,1.336699,5.1529284,0.60491043,0.25258964,3179.9138599771254,517.2373677736447,5922.265682580336,939.9075281193623,2501.523384791213,347.7874875239588,17.8999745484085,11.163536155384515,0.3527233195754717,0.10441021805385642,0.004951559,0.021555316,9.84
COVID-19,a7758e1f-e7b5-42cc-a66d-99966ea8a44e.webm,-441.3265,154.60599,65.604485,70.27481,-11.146307,36.17256,5.028384,23.906294,0.29424304,17.852297,-0.5025094,15.640766,-12.39316,19.703465,-5.6363196,13.728127,-3.6278796,12.969499,-4.6468415,11.537314,-7.2657967,12.850753,-5.238242,12.056683,0.72654164,12.157353,0.30792204,0.32097483,1767.7395132892505,725.3254782122078,3397.3452586048056,1610.1356946936842,1696.5206419237816,578.1474958634125,22.286386871718655,11.516081582074671,0.09015468381485849,0.04423387941494164,0.037450466,0.06825128,9.84
COVID-19,6ea6af0c-0f77-46d6-a65b-8df3a925d231.webm,-447.44604,171.21107,93.16871,59.834793,3.5850408,39.99381,17.848803,34.194424,-18.030256,27.451906,3.5520337,24.064188,-17.084143,18.21147,-10.808121,15.439063,-9.077469,12.770263,-8.066214,11.584879,2.927193,12.919456,-5.51439,14.340758,-0.40102145,10.047574,0.33489403,0.3319945,1692.1411575489833,943.8667919896513,3230.627827704707,1899.2138842823038,1634.337902408517,529.0451259732438,22.097750440545017,12.341596083070014,0.09774278085443038,0.07707618089195199,0.034115646,0.061226815,7.32
COVID-19,4d230bec-1056-49ca-b274-c0825b924824.webm,-397.19418,187.25047,38.8396,56.517433,-28.070574,42.472946,17.32894,28.26986,-16.235897,25.54595,10.905663,21.408846,-16.01267,18.751076,-11.882475,13.324694,-11.334772,13.9266405,-6.902015,10.641818,-3.0098188,8.579729,-5.733865,9.26884,1.8554363,8.852251,0.4327327,0.30424926,2711.7933230599538,924.3772161132467,4925.080614750928,1345.0004527011379,2017.5418400191209,468.4084066294551,20.568316211896587,13.293069917501935,0.1923852297339109,0.09622586710289771,0.043154914,0.07735483,9.36
COVID-19,dc20821e-aa31-417c-8e1e-bb042fc6737e.webm,-413.25085,188.57333,48.237396,49.01291,-36.642277,44.934425,13.060675,24.648825,-33.98504,36.614918,-6.013133,26.012283,-9.4058695,15.397175,-9.19276,20.90404,-16.038649,21.349672,-2.5184467,11.303405,-5.717999,10.506121,-10.200966,11.393759,4.794832,9.540913,0.50799954,0.30701342,2849.030103460873,1080.9251703254379,5087.348956372364,1598.1736901229583,2068.7781795425226,566.2947148781388,20.913863302477928,14.328693711092091,0.2840414391942771,0.20637959330071906,0.035505652,0.06386203,3.84
COVID-19,8ac2ef46-05fb-4f68-bb2d-ca5b1e51ed7f.webm,-425.65738,196.5625,40.491505,58.403366,-19.921831,34.064747,14.748661,24.192247,-11.209151,23.145937,5.424689,16.145216,-10.7502365,16.257734,-4.040395,11.5026455,-7.8157377,13.363048,-1.191726,7.897716,-2.7829113,7.487738,-7.9696913,11.958584,1.7646813,6.8856287,0.47287408,0.32870913,2410.2671016404893,1415.802038698663,4575.654376921107,2518.8501349060443,1894.9541633232275,967.3229793818848,17.62706129219835,12.787173559209757,0.14426595433255268,0.09998175085017807,0.04196111,0.0811669,9.9
COVID-19,274d9aed-4044-4d36-9099-7209797b8964.webm,-498.35062,133.30305,29.059994,44.143063,-10.6863785,28.40774,1.5317658,18.077032,-11.673417,27.383266,4.9783916,14.227186,0.69534934,14.7344,-4.4642954,12.457998,-6.9123397,11.288437,-2.9700065,7.9791546,-1.9741317,8.806766,-5.217168,9.989687,2.0155187,10.918359,0.23616762,0.31777123,1425.9054195066344,1490.7785496423267,2645.308296635466,2644.4314499518287,1154.1551368691266,1040.9928037857253,16.764007534592107,10.519923758791991,0.08731367003242925,0.0978641844693677,0.014271367,0.043331858,9.84
COVID-19,6f72703b-d44b-441b-a859-9007263ddd37.webm,-382.79556,206.78627,67.01233,71.50168,-37.235798,45.77276,3.7210467,25.139654,-14.385854,29.093075,12.972608,27.791153,-15.946499,23.781916,5.296537,16.66213,-1.1794254,10.8351,-1.5884378,12.2896805,0.1497625,12.257308,-6.6587152,9.878713,0.45444247,8.401562,0.45973307,0.33198,2243.499648510101,1303.78316685117,4028.0708695368435,2420.031533247693,1793.3951757349655,768.3159798233177,18.72865147302222,13.451558307086405,0.13186040982995226,0.10468730461767402,0.06301061,0.09532092,9.72
COVID-19,c34d6285-a7d7-4357-9036-cb4a5caec6f6.webm,-423.6422,165.99294,67.6181,73.167786,-4.2486134,27.870987,9.121243,23.18741,-12.769279,25.773623,3.165401,22.615637,-12.124164,21.078014,-9.986719,14.581925,-7.0854197,12.102299,-5.9399896,10.99958,0.289917,9.640505,-7.2088,10.751848,-2.8722715,8.121611,0.3946878,0.35273278,1860.8975394231968,1369.015758109588,3581.143138447746,2515.4084552146705,1634.2324329870921,926.4901229623567,19.4456983911697,11.955556186393014,0.13989658043032788,0.1660143279811501,0.043699518,0.0737253,9.9
COVID-19,c0e44dab-99ec-40a9-867c-a77cc129ecfe.webm,-672.37,107.01811,45.181168,61.51375,10.255153,32.781765,16.334501,30.216244,-3.0916786,23.981188,5.420911,16.586618,-1.3123851,16.155104,-2.3367462,11.198007,-6.7616434,14.980985,-4.5537295,10.288023,1.553809,10.129323,-3.5073676,9.067913,-3.7661552,7.971804,0.25751477,0.32876626,1122.6942875272118,1493.737038838306,1984.35779008709,2657.933693822026,1032.7342334684147,1029.910316097235,19.329439269125988,9.923689888331953,0.07105807230679156,0.0980068926567434,0.0022262072,0.0042656665,9.9
COVID-19,8395f784-e828-4c74-a856-e49cdb1074ef.webm,-439.24118,170.5772,51.826107,62.374073,-6.787565,39.801155,15.471208,30.99449,-21.399483,35.030357,-6.3055167,25.017836,-16.250097,26.275192,-2.1161172,11.109454,-1.4368285,10.38514,-5.713443,12.85465,-5.347484,11.162373,-9.693997,13.701716,-0.821185,10.783872,0.3069691,0.33588278,1476.8712058111257,1364.3039899792648,2799.138655752506,2580.3328779902495,1278.5856734161925,1015.5545174980009,18.26252950651216,12.232702201371884,0.11559367629716981,0.13540625329985276,0.040421523,0.065086685,9.84
COVID-19,88bad32c-a9b8-427d-abb9-a9b14202805a.webm,-363.15353,183.97726,54.576077,58.946987,-26.668924,30.930574,10.513666,38.217083,-30.920713,25.177248,14.496852,27.129986,-20.919935,21.888748,-3.0570717,18.244339,-8.633365,12.905542,0.7534571,15.000604,9.612579,13.255717,-6.3875766,13.065458,-1.2879947,10.531045,0.32956707,0.3257377,2747.021560294669,1213.5186161399247,4849.433673796107,1764.624532078996,1928.3468956753406,482.80982010625854,22.972339707269164,15.065964720397965,0.2094909525029274,0.13896682074150968,0.059085794,0.09785572,9.9
COVID-19,8b59b5d8-78bc-4654-b0ed-895480d38449.webm,-477.88586,179.686,41.419502,46.140762,-35.682922,53.813457,17.21268,27.192554,-6.63631,25.674257,1.0610148,15.9356,-7.794738,17.950657,0.121082194,14.188243,-6.6572714,15.578865,1.7571381,11.518138,-4.808227,14.324415,-8.484794,12.242298,5.494116,12.675475,0.5675876,0.32472277,3009.113117337524,1204.428284039369,5351.131007982337,2250.5431604950513,2118.5497822864404,736.5023257705797,19.246743844536272,13.312189504152757,0.3873686122433575,0.2685477992195432,0.02175175,0.04378769,9.6
COVID-19,5c4d833f-64ac-4ec0-82d9-3327020c870f.webm,-491.41562,184.86227,35.998547,49.569927,-19.6634,29.95853,15.4406395,23.608122,-7.561835,20.889685,2.923356,16.916212,-15.385997,25.132078,-0.4114079,8.053484,-6.1978784,10.362406,-1.5889024,7.28849,-4.3462443,8.3661995,-7.7172585,11.138034,1.5813658,5.6900654,0.23186325,0.31834346,1213.8080269792094,1486.8815999283804,2273.2511124520934,2688.4983384740726,920.1732371698687,1034.0668940629855,17.012215781691086,11.998679026704302,0.0767776201356132,0.09908745165720968,0.016109323,0.032449964,9.84
COVID-19,a6645b1d-dadc-4258-b03b-c5b3f05d519d.webm,-366.3638,195.1483,69.65744,82.44731,-18.922651,38.08509,11.189805,20.689657,-9.410038,21.109413,4.1535244,15.545367,-9.592533,14.898598,-4.5004425,8.995647,-10.132469,15.738055,-7.665439,11.997362,0.4445215,10.741947,-3.70246,9.344438,1.977837,7.053825,0.3809567,0.34592536,1737.0618647982446,1577.1865341357168,3126.0209880891393,2760.458616610151,1405.0440428149368,984.0492823365503,17.968211358672193,12.307435921269061,0.10380150395199063,0.12022200502501357,0.08025759,0.11800337,9.9
COVID-19,8e381f25-6bc9-4b5e-b221-f92e340e71b9.webm,-495.0038,164.67862,42.286892,56.05646,-23.322512,43.06706,13.126019,21.903667,-16.716772,31.022257,4.3271356,19.393126,-14.296755,19.67757,-3.7817185,9.944416,-5.6714272,11.237102,-8.676322,12.119566,-0.5269781,10.183707,-8.83266,11.636017,-2.5134695,7.5245004,0.3751205,0.34131497,1998.0891488613793,1616.1302842433236,3512.514463307168,2624.927372724578,1385.4475871155405,940.1052486518896,17.140642388123005,13.120845946764355,0.15712474081753555,0.15347953559649652,0.01089469,0.024527453,9.78
COVID-19,c31b14d1-9cb1-4269-9de5-23408a4d0c42.webm,-418.61395,154.40855,36.90808,65.81987,-22.631775,41.68386,8.367652,33.91471,-26.993185,32.731804,8.7282715,19.338179,-12.457053,16.409351,-2.6022646,14.34048,-5.0564303,12.824057,-7.072866,11.574236,-2.5123703,11.120662,-8.120094,11.110505,-1.7397815,9.1456,0.4874773,0.2951532,2818.3411394442687,1197.5846930899236,4782.53954277664,1561.442879168631,1890.770906960395,522.070283053945,20.683747127104347,14.60186873700479,0.22464711102166277,0.1119570288176218,0.026340004,0.052318286,9.9
COVID-19,5b8a46e1-945b-4c87-847a-9bbf90a965a9.webm,-557.05206,112.22457,26.096869,52.934746,-7.845134,24.049168,-4.1344385,15.955779,-2.2373466,9.344441,0.44880828,11.70639,-4.9197216,14.284889,-1.5392308,10.3929405,-2.605011,11.172378,1.6859195,8.447074,0.55206656,9.246648,0.43734798,11.983705,1.9784718,8.071247,0.5039288,0.31833652,2801.431733081659,948.6803394160978,5385.027500368514,2069.8041652237343,2346.1789102674493,682.9016578182722,19.559452741590285,11.726214358197822,0.33908484117040094,0.20143707950764272,0.013007517,0.040097628,9.84
COVID-19,c941e62c-e260-4ee9-959e-af91663ac58c.webm,-392.22272,196.96341,50.383553,61.8818,-20.609571,37.082115,-0.2811541,11.315028,2.5229406,12.224173,2.493363,11.356483,-4.2944546,10.67706,-12.287198,18.195765,-1.7478259,9.494455,-0.43016848,8.289353,-3.153926,8.141986,-5.3173614,8.787746,-6.6179357,10.067546,0.4116036,0.31130722,2014.0756968913702,665.1551535002002,3990.354923238778,1771.2567551473037,2078.5416526920494,655.5619823486163,20.4030896811264,9.944799814143641,0.17328748441396508,0.10445272103671896,0.054084346,0.086459555,9.3
COVID-19,285e7f6f-503a-41f0-ac3b-173433a8cf40.webm,-360.04843,193.76857,53.876904,47.764484,-26.570324,46.38118,24.683739,25.553104,-20.602297,29.523571,16.67819,23.736265,-12.003875,18.474892,-4.683711,15.019667,-9.246706,12.946763,-2.1673582,15.102745,-0.626128,9.1742115,-6.17366,10.687209,1.262301,11.771854,0.49214083,0.31932127,2708.6127807714665,790.9539413979496,5106.049622341805,1038.6003290260744,2063.5644415532634,354.4656026617038,21.38268892028247,15.197290046368146,0.20074640171161826,0.07653039135697122,0.05907796,0.08425914,5.58
COVID-19,3eb99a71-eda9-4678-a328-713893887d04.webm,-523.5249,189.88724,45.09967,61.247543,-11.479677,28.909937,13.678931,27.951847,-11.843362,25.115011,2.9040475,17.796247,-14.865375,23.230688,0.6757761,13.04594,-4.7672606,10.684015,-0.21646297,10.08717,-0.11352397,10.514151,-4.331919,9.990338,-0.17954019,7.6791024,0.4803731,0.2971963,2459.303272022842,840.5519463587041,5013.50390625,1878.6415911342976,2281.0793441417522,636.8574139202063,19.631214509404167,12.994993187336744,0.23504557291666667,0.1217187795991308,0.018534938,0.037147257,8.7
COVID-19,61924ecf-e529-41de-b3a8-626bc58e044d.webm,-428.44635,200.71205,37.14192,49.868454,-22.691504,33.198288,13.64363,23.387096,-20.930183,28.816942,11.090905,17.653135,-15.60904,21.01534,-4.068449,10.238103,-12.283267,16.220594,-4.8356814,9.028905,1.8119012,5.8271,-11.69537,15.760214,1.9541554,5.079626,0.30715975,0.3394615,1634.561599671323,1571.444906439036,3213.799268145894,2891.424269849856,1290.8894616354587,1135.9221633129337,15.229708365060393,13.120991882335275,0.10626220703125,0.11538916436310757,0.034762982,0.06943366,7.98
COVID-19,0d1cb244-e3cb-404d-97f5-99592b92da44.webm,-439.4274,169.7855,38.539066,59.989174,-21.38819,41.750977,8.36427,19.251188,-15.895313,24.042313,6.5414505,18.74889,-17.002743,21.532282,0.8016922,16.055967,-14.946398,18.71715,-2.980855,11.981573,-5.82987,10.025745,-9.555094,11.899127,0.5667589,8.647678,0.37532148,0.3315752,2678.857269157847,1519.5000195313867,4734.505875384221,2176.4662817476096,1878.0781693344763,731.3565098439781,20.97786040192272,14.890366050127536,0.1947293069379391,0.14603838215725015,0.027944837,0.05256057,9.9
COVID-19,3e831e76-b1de-4c66-aab4-1386b2b8c8a4.webm,-462.5145,140.18237,31.765087,44.446976,-1.1813136,24.312151,4.77069,13.866241,11.009582,13.963918,5.9062805,8.029061,0.35228744,10.646254,1.0591749,7.8057866,-0.043163735,6.9786625,-0.19207308,6.5389905,1.456067,5.8182006,-0.8238467,5.216715,-2.1562483,8.154368,0.5104316,0.26343256,3140.643274909527,941.538437340748,6996.458936571241,2444.616252705853,3005.151522140132,642.0721052941473,19.98716392173766,11.79947525257858,0.18339229130244755,0.06958874664702136,0.020879386,0.05699826,9.96
COVID-19,10aed3ae-9ec1-4041-bac6-90b1d4634aee.webm,-410.28653,192.8058,51.471745,64.27634,-24.911032,35.113415,20.863483,25.139639,-14.707555,24.308163,6.536621,19.206898,-11.724449,15.798683,-13.887231,15.971333,-10.443876,14.2302685,-2.5217774,10.292728,-3.7540019,8.147806,-5.825588,8.382667,0.06794436,8.0082035,0.44018328,0.30119953,2531.5519940593235,842.5717481371353,4618.27392578125,1309.8217048179959,1980.751009275272,499.33234999965674,20.11133366800127,12.475110169433467,0.18227161647041062,0.09230721206045553,0.043895252,0.08499498,9.6
COVID-19,3e051a0d-5f5e-4ec6-b0e9-6a97c809cc92.webm,-704.4174,122.14871,24.359211,54.847347,-5.9183016,29.825422,0.61653775,12.506403,-5.6101093,20.370892,4.467259,9.823281,0.13544255,8.417215,-1.0452905,7.3611712,0.5132123,4.8844223,-2.9188457,10.289047,0.62131447,4.858844,-1.3501794,5.150521,0.42316937,3.5796278,0.29474255,0.36691302,1586.2257209818383,1937.7677989794709,3044.7899024803323,3642.373317662092,1254.6056467696203,1401.8183849713423,17.756601690795044,8.689103831303756,0.13204650167540793,0.21604735520518423,0.002176439,0.007504573,9.96
COVID-19,e7bf285b-8d9a-456e-a432-2744217405ff.webm,-460.87137,178.14177,29.742132,47.38939,-5.901031,20.415314,-3.7726762,17.792091,-3.3109293,14.490234,0.9256767,10.909828,-5.7441506,10.528875,-10.1868105,12.613193,-1.4774483,9.737811,0.08181855,9.918247,0.863621,8.990237,-3.7600963,6.8908806,-4.845754,7.1282773,0.44232923,0.3104946,3448.1372126376664,1429.3392057693989,6607.506043760926,2414.2367348831563,2767.4033542090606,512.0669850720191,19.510137186234623,11.210898724652242,0.2452196241258741,0.1530203377591332,0.020483388,0.044894606,9.96
COVID-19,68be5313-193c-42ca-acdc-f6f93c9c1126.webm,-557.65784,100.41151,9.323332,33.840363,-3.0907505,14.325787,2.865473,14.801292,-4.124243,15.829915,0.48818025,5.716551,-2.9110987,10.359012,-0.6659926,5.487101,-0.97138983,6.2583513,-0.3751198,2.985334,-0.93924713,4.958051,-2.214201,6.684799,0.37498003,4.6161695,0.29899132,0.36003882,1525.216828489553,1868.2793241405366,2795.9076752533783,3064.6899007460256,1223.9956391757173,1241.194541382073,15.8905905518855,8.006765098698176,0.06700764659749035,0.10391948289283622,0.007820357,0.033942975,6.0
COVID-19,43cfe07c-cf76-4d97-914a-b1a1ec2c9759.webm,-548.6841,106.49386,12.131,44.625977,-2.7706044,16.889286,1.8643721,9.583736,-2.426564,12.55346,2.5671916,9.938917,-2.2191372,9.289799,-1.4764534,6.1325436,-0.15630938,2.7304294,-2.0055099,7.904696,0.6992736,3.997576,-1.0853306,4.8224373,-0.8112511,3.6895406,0.09275201,0.24180983,352.9615755463577,938.8725310844727,711.7383848946049,1851.2183379818166,331.44056085542286,806.5686431077474,12.78253262248587,5.491714602152813,0.01619850014740566,0.04678659731045929,0.0098927785,0.03965515,9.84
COVID-19,f7d1f28a-e3a8-4dd9-b7ec-93e04ee023a0.webm,-381.52182,159.17303,52.0063,54.82368,-5.9631596,24.757902,28.250902,21.996359,-11.542378,22.30652,9.321438,18.052605,-12.440838,17.331945,2.0790575,9.816488,-3.0495129,12.39261,-3.0907886,8.964561,-3.6251507,8.968639,-8.107581,10.25496,2.1085374,9.247119,0.50503874,0.29672134,2378.1373056646435,975.2655119490321,4636.798188650064,1389.1806992590923,2005.7969472226107,381.3154837022623,20.288941898743257,14.418499375402812,0.15791313055203046,0.12277909074731277,0.03842027,0.07895914,4.56
COVID-19,e4739ce1-f3e5-4af2-adb5-98f022c50bf7.webm,-337.98553,225.29486,61.708836,37.162502,-16.077492,20.585487,7.2605996,17.210672,10.330209,12.632685,-18.46163,17.039806,-7.353267,11.219927,-12.520059,13.379668,-4.845422,13.518873,-4.885049,6.3293643,-5.5122204,8.676798,-8.591406,10.086624,-2.1064935,7.735663,0.52136505,0.25683135,2881.682810255708,577.8674602575547,5991.560469523515,1707.9201449777054,2716.830065217004,414.2462469518087,19.28456366233758,10.766869235024043,0.17926206683168316,0.04304376508806821,0.038069643,0.04372114,2.34
COVID-19,a5025365-abca-4ff4-a335-a692389b7553.webm,-430.26172,161.84299,43.424168,53.68108,-27.295578,39.558926,15.30674,24.50966,-19.838144,25.34599,3.8511102,14.033486,-9.249868,12.990364,-10.9465475,15.237295,-6.4780107,8.810048,-7.706264,9.796356,-4.3601565,9.832148,-13.369137,15.0319,-2.238515,6.606705,0.56268203,0.27539814,2908.969859551644,953.9620902103738,5293.562291880123,1703.5383445937537,2064.3797825390097,589.7302955338487,19.67654368724673,13.879160494122047,0.3253039465017564,0.2279066682856908,0.021746218,0.04505845,9.9
COVID-19,0c181c0d-ea12-4b3c-9356-9e41f9d62a8e.webm,-460.0046,172.85306,71.142105,91.07548,-34.496056,48.109077,-2.0227294,16.237665,-0.8568043,15.406277,-15.042297,22.77218,-4.519708,12.706955,-9.984079,11.88606,-17.154911,24.383097,-5.557685,12.877426,-7.009936,9.817771,-9.058709,13.927329,2.1816924,7.5186186,0.3513498,0.30318913,2249.6484872524957,821.907387940308,4082.1923471715327,1593.2679250898511,1738.5990361806773,654.5641206213238,20.952784956845516,11.506794229278823,0.15008767677919707,0.07007568603929326,0.040572446,0.0687144,3.18
COVID-19,166155be-255e-4969-aca3-87bc856d6921.webm,-394.6617,175.1517,22.20551,31.474932,-2.8938692,18.551052,20.236681,20.936155,-5.513306,11.290176,9.848934,13.056379,8.860906,11.149325,-4.1203623,7.1887193,4.14003,7.5120163,-5.353393,6.654278,-3.7074602,7.4274325,-0.53531253,6.8512154,-4.599271,6.138357,0.45645574,0.31066206,3912.30572596861,1009.112383439693,6886.901969553154,1610.1022705601995,2673.644746322515,465.346913739446,19.034827654947673,11.02401921094754,0.2844747858255452,0.11998352850402554,0.030426763,0.07149663,7.44
COVID-19,b0ead9f4-6fe2-49fc-b4d7-6b98ec4809dd.webm,-446.44345,172.64764,73.39178,50.212936,-36.03443,41.66422,-21.740047,58.318165,-25.749928,33.557148,-4.7034144,21.24407,-17.111982,26.967163,-4.7215343,17.497501,-6.1129446,20.390848,1.6775563,13.337462,-2.9320002,15.837736,-5.399506,12.603529,-0.1101711,11.551324,0.34030294,0.32425302,1755.0134943212327,704.8591675308487,2934.026090366634,1563.1425767542787,1424.063652051197,644.3902966942262,21.602352308221025,12.35213060311649,0.13856614480807086,0.0758614523317054,0.032895874,0.06250119,5.88
COVID-19,26c85178-d112-4398-b77c-e2be741ca1d1.webm,-583.9276,190.08592,29.644043,35.946423,7.2960324,17.906515,8.636232,17.776476,-1.0972306,11.884691,4.460846,11.05613,4.4311414,9.209199,-11.108446,12.698428,-2.6658947,12.107517,-3.7471142,9.662821,-7.774091,9.6148615,-2.0284152,5.62058,-10.5412035,14.341454,0.4876596,0.31461677,3655.107652020184,993.3841184760452,6703.933536305147,1777.456118027146,2769.8827250062764,388.1470886243324,19.509653870140646,12.262514799168605,0.2655356413398693,0.10319202861031812,0.005124308,0.009784398,3.54
COVID-19,dd87bf69-1802-47aa-9586-b840d685797a.webm,-495.86533,134.75044,43.617477,46.50442,1.3357161,20.265364,11.501561,14.718558,-6.008854,16.853027,3.183913,15.347812,-1.5490131,10.937621,-1.3505446,11.807686,-4.4882894,16.327673,0.45973444,11.068608,0.10967491,10.9009695,-2.5157385,9.564096,-1.6926998,6.2466197,0.4119465,0.2962433,2296.6348734259927,606.9552129880476,4426.980612161276,940.349564479546,1954.939198669076,257.50337442044616,20.527537971324577,12.44415499175778,0.1590715599504662,0.07809226308373035,0.016111605,0.047912233,9.96
COVID-19,ed4ba184-bc38-4372-84c0-62485a79ec1b.webm,-303.7361,169.9533,80.474014,61.430134,-8.274791,29.485773,18.788454,20.919361,-12.411447,20.021984,8.504902,18.809267,-15.052112,12.31122,-9.630873,12.923314,-10.219562,13.385196,2.1879056,9.021042,3.3253825,8.409062,-9.485927,11.718692,5.1518574,11.008604,0.42636722,0.29571116,1957.048619700159,732.9009169161523,3936.7614319274476,1425.6084678140712,1797.098836196101,341.53277646566295,22.4237136393945,14.07721716967228,0.13189853766025642,0.07037535640828273,0.07398873,0.101601824,9.96
COVID-19,154161ff-1243-49c0-a377-72992b6954e3.webm,-458.3535,148.38943,16.020163,33.111633,-2.9786556,14.001411,5.5136,12.477574,0.8667698,13.44302,-2.0801332,8.471861,-4.3002257,10.099567,-2.5585573,7.0849867,-0.86249435,8.746863,-7.7480454,15.324024,-1.7954015,6.153451,-2.3271503,7.1036577,-2.385762,7.396696,0.40270644,0.29566067,3003.9740441045346,665.0403482756781,6668.875966821228,1661.8965854724154,2953.675540177648,519.130587882102,19.088055169047987,9.592412281537424,0.15319976426122195,0.06330303632573354,0.022283027,0.06195725,9.3
COVID-19,6ac1cde9-7727-49d2-848c-983e2e541845.webm,-793.02344,150.65218,67.911415,57.307537,3.5788574,33.292038,9.522613,16.664717,0.07330721,16.4188,13.326254,22.445343,-6.475032,10.554911,-10.455041,10.647399,-8.985351,10.206933,-4.377264,12.638103,-9.261855,8.33349,-13.624149,16.807384,7.297996,11.66184,0.4240523,0.34933284,2600.7965455764006,1321.6415211185686,5406.94213013549,2468.6133618622184,2487.619386701186,702.4630071868946,20.129850487717842,12.139036341283234,0.3104114310168998,0.26176632858230625,0.00072131853,0.0013781529,9.96
COVID-19,620ded24-220f-4ada-b032-2b5c170b279a.webm,-401.71198,199.59813,37.46191,44.87303,-39.274323,50.535706,21.60589,28.055431,-35.510117,38.880608,8.85549,16.845211,-12.302522,17.209675,-13.117637,17.585566,3.4818015,11.339489,-8.770126,12.609421,0.93696547,7.1229086,-6.88587,10.877281,-1.9157953,7.0981946,0.4582127,0.30200547,3205.8259280731763,764.6578319331119,5441.522072163803,1115.3641133611056,2055.9328043765227,537.869445123018,19.90150101893663,12.793473560623612,0.317153713714455,0.12646580669998106,0.045459602,0.077511035,9.78
COVID-19,105d18a9-f281-4e4c-bb7d-1ad9885696c9.webm,-388.7856,187.7881,74.01064,44.55294,-21.011494,30.148815,9.340703,27.293085,-20.712992,18.532059,3.6919265,11.099059,-12.931045,16.594854,-2.4116173,8.301025,-16.391369,14.818207,-10.076027,11.18786,-9.199871,8.617547,-8.9027195,7.9372616,-0.020347541,7.5613112,0.40997806,0.30651253,2100.6274787389107,1021.8355701167849,4285.451036818484,1935.6871036930079,1835.100125489856,730.2329659643848,20.460118441951202,14.10222374578652,0.11852421320921985,0.059025727880080946,0.035062365,0.06731155,6.54
COVID-19,893804c7-991c-43b4-af56-bd2284eaeeca.webm,-557.9441,115.102455,31.184256,45.136913,-5.8678613,32.07324,3.8390646,18.708126,-5.9184685,16.468353,-4.8377357,15.882423,-7.850925,14.247067,-6.1059375,11.510628,-6.0124936,10.483584,-2.356506,10.566731,-0.4470242,8.883215,-3.9073637,10.209232,-1.7329898,7.399022,0.3931627,0.34238377,2144.8853898301973,1033.4075733184254,4132.978754840598,2418.890656923334,2052.364692944653,732.3024557600493,19.540802731993896,10.016671603970396,0.2856121667867435,0.29636827740481525,0.008645562,0.03303557,8.04
COVID-19,509ff028-b1b2-41dd-ae5c-ccfbfe7b9838.webm,-576.2473,186.41151,31.020718,47.72666,-19.954931,37.377434,37.386333,26.660763,-30.624395,27.041418,26.892271,23.656815,-9.912013,16.49501,-11.288408,12.244235,1.6739341,12.638859,-11.534062,13.0832815,-4.33501,10.893532,2.3134444,10.198533,5.632309,8.144559,0.4540332,0.3078477,3583.4017546328955,735.1750076046536,5676.2397882296955,864.7829275898964,2036.5404626628192,462.7653396189718,20.275012807976797,14.114932656971437,0.3478000079314721,0.11678542882598009,0.006344845,0.0142209185,4.56
COVID-19,ff8363d2-016d-4738-9499-4c62480886fb.webm,-438.16638,167.12679,37.944065,56.522476,-0.9428478,21.67979,12.289653,17.48767,-2.0102654,17.826427,13.268828,19.544344,-6.1086226,19.717693,2.6919193,9.3828,-4.9381433,13.534451,4.173474,6.0653615,1.5702548,4.8952394,-2.7512984,8.006963,3.1882133,6.247308,0.53961563,0.27530047,2248.292879557796,863.1903184060387,4741.13901966023,1487.9720312483055,2237.7504988230066,420.40654971186586,19.427425997583846,12.58602880286111,0.13113576061320756,0.0901212721436909,0.03885197,0.09667913,9.84
COVID-19,3be5af36-9e52-465a-81a6-da1c60d350f5.webm,-340.622,185.82013,53.38146,60.934036,-43.326687,48.867786,15.178472,21.931053,-21.994118,28.102608,-6.643079,14.435384,-15.807343,19.75711,-24.729351,24.451626,-10.255869,13.568105,-0.17977016,8.752183,-3.2404854,9.319147,-8.836132,14.216809,1.8310978,8.713407,0.33315653,0.33370256,1848.6525391719238,1198.0146434827095,3357.6416015625,2111.2946675958797,1373.2286379202233,839.8009063772868,19.933287972790662,12.36665835330494,0.1244842743706089,0.09263887042447855,0.070951454,0.095451996,9.9
COVID-19,7cd1efb7-e973-492d-8a2c-e00a42ef0d78.webm,-417.98303,191.08865,46.36279,46.605,-14.259696,42.494083,11.588499,16.804167,-20.81404,31.236448,8.826544,16.31052,-16.68989,22.953728,0.44973218,10.759462,-11.759864,19.638197,5.082797,10.509743,-1.1898472,9.662732,-9.909081,11.019691,4.3949366,14.960547,0.4522319,0.29035595,2539.357524260405,773.7616053062588,5214.56518954918,1277.466401768181,2146.667620801443,360.00023834075347,21.331741975129976,14.52879189491101,0.16820317074063232,0.08624732994764807,0.03503427,0.060302623,9.9
COVID-19,7d2e208f-4b40-43c8-8f85-e05f9671db2c.webm,-510.36432,123.54159,21.473469,54.22753,-10.146107,25.71501,0.5789986,9.686286,-2.5680768,7.8887634,-0.25377715,6.302214,-2.71328,8.36578,-0.77742493,4.2907467,-5.5124393,12.875566,-1.3155046,4.9849305,-1.2095108,3.6939805,-3.4277396,7.7564464,-1.3590275,4.6370363,0.10358772,0.24344026,528.1195259041237,1145.9684145404735,933.4668769211065,1945.5303722255376,425.9260327894149,818.8525327209092,15.015241765443333,8.048608415532849,0.029320888831967214,0.06932388914055107,0.012529609,0.039065946,9.9
COVID-19,ea975f7b-e57a-4e47-9133-ec421fb193c5.webm,-365.2812,227.5155,38.979057,44.045914,-4.9691176,29.069563,-2.029788,14.237532,2.0207953,15.610836,3.4135015,10.158134,-6.072401,10.520033,-9.600576,8.989268,-17.319658,16.049002,-1.729158,5.952994,-0.2318813,6.189992,-6.537143,6.802328,-7.9759946,7.9480257,0.45366758,0.31180924,2876.150226874842,1379.6227514457723,5666.752272385817,2629.8529940216135,2533.5115242924276,665.1906720052157,19.264481216209465,10.859223585690465,0.2271446814903846,0.18948525419074772,0.06619799,0.119504854,3.6
COVID-19,2974b8ef-49f1-4390-a974-758104bd9f02.webm,-414.3139,184.09062,16.443571,24.92411,-19.751997,30.739733,14.28207,19.156067,-25.717226,34.953365,7.535235,17.488604,-30.102772,33.649727,8.351848,13.453138,-13.094506,23.149494,-3.90979,9.808864,-0.65585697,7.0013175,-5.654502,9.727665,3.9866052,8.897419,0.46653238,0.29841876,3829.9262580860063,743.9545199071695,6675.851613170696,660.086349256842,2492.8187429879004,441.71174789219947,20.952076098110343,16.10321554846178,0.4564508402122642,0.18686242672296868,0.037905816,0.06797927,9.84
COVID-19,4fa54167-06c6-485a-a7b5-4b3696aa1393.webm,-571.9299,95.21933,14.544527,44.163166,3.991056,18.084095,3.862901,14.060444,-3.6036572,18.9739,1.7777673,10.119361,-1.5260061,7.3113117,-0.65042734,6.35063,-1.9984769,8.615798,-0.36146164,6.1263084,-0.17060557,4.8915725,-1.6174252,5.7334137,-1.2674464,4.9637184,0.07100204,0.21421215,264.44716874109,826.4630933776131,527.9697634139151,1675.4213209447792,273.9623674199021,727.4971922160944,10.335803026615652,6.880992715762252,0.010001704377948114,0.029223443710117345,0.008748882,0.032133855,9.84
COVID-19,70450999-745c-43ec-b117-3eefa1b10476.webm,-498.14896,154.3651,58.36393,44.398815,-0.16481565,30.4101,14.541769,18.068607,-0.15713473,15.515144,7.9840646,12.220436,-2.9753757,11.858744,-5.4918275,7.5233965,-6.345506,11.778771,0.87247056,6.846923,-6.723997,7.275858,-11.341953,7.8793635,-4.548267,6.0136223,0.43108603,0.27660578,1993.5929512632379,446.12746581879327,4053.777845850531,909.137812562466,1901.5053943336545,328.1081082265136,21.74269244274241,12.734042226472994,0.10759807082841981,0.035743462032916104,0.014512069,0.035764314,9.84
COVID-19,17b54f0d-2f96-4f6d-ae52-ac2e31bcc692.webm,-324.99838,172.67572,114.482414,74.64796,-13.907958,36.34365,6.253262,24.651087,-18.077124,16.612064,-10.842772,21.962727,-13.976032,13.912927,-16.60016,14.753411,-9.515179,10.709073,-1.9153823,9.267225,-4.4692616,8.413405,-9.664965,10.70531,-2.315738,8.479937,0.3763893,0.32423338,1337.333335391715,677.2591367040275,2403.8972726317265,1418.9083656550397,1277.420914848199,501.9754059603669,20.793479686201543,10.794612928515782,0.07642805843609865,0.040312146754724325,0.102416016,0.14021173,5.16
COVID-19,4a54513d-cdcf-4ea6-8139-b0f1d33d41d8.webm,-431.039,186.37454,60.009735,70.10506,-33.29503,41.0936,11.035804,17.937246,-5.0557504,12.918022,1.8492905,10.226534,-11.060016,13.031412,-7.883443,9.053353,-4.9971557,8.477138,-3.7358663,7.8896294,-0.8985837,5.5715775,-8.05088,9.589835,-0.27654457,5.125132,0.53717196,0.27016598,2314.7893956985017,615.3233391283096,4153.978340580778,1191.5510886936545,1824.8820533596552,459.6233068237558,19.62857385424777,12.339285202742607,0.17459624668337265,0.05948686514080863,0.035442486,0.06663468,9.84
COVID-19,ab5f091d-dfc6-4477-b584-ad2a8c1e804e.webm,-455.18585,137.87639,54.454754,39.99648,-3.8861148,31.825447,7.6214123,23.76888,-2.9036741,14.555435,5.1586123,14.155392,-8.11608,15.941199,-7.06317,12.683741,-6.7967706,10.558723,0.17597356,8.178667,0.5426156,7.6212587,-7.9026566,10.474378,-4.2242503,6.793867,0.5265367,0.27121264,2248.1595170541755,405.9916645012676,4765.600071957237,887.2915109443652,2009.8627832151337,309.6125788471999,20.047030187667904,12.901698477729482,0.1364514802631579,0.026855680735281447,0.02301537,0.061312392,6.6
COVID-19,61716d56-8676-4234-8cbc-c2ea724c1405.webm,-414.58505,170.89064,51.668884,52.958675,-18.419481,26.439672,11.391275,22.830492,-3.2527115,15.9585,16.05329,23.167873,-13.771996,22.606152,3.475553,7.2378063,0.7070776,10.275953,0.38562685,7.1846814,-0.9955587,5.4812765,-6.5926857,8.138562,2.130972,7.4013124,0.5352376,0.2681059,2373.7520975309462,599.9353915842975,4660.892432334864,1093.2467782589563,2043.3530200969662,285.28241533332357,20.09709737582174,13.236422097403638,0.16528088899585308,0.06503464174859924,0.03299438,0.066401765,9.78
COVID-19,20638b85-0ab9-45cc-b257-9ce9986946de.webm,-318.1161,235.01076,67.578255,74.06927,-55.94421,56.073795,6.97139,31.137526,-7.8050127,28.510633,8.5605545,21.614195,-5.6145043,20.241991,-1.4452792,9.984742,-13.384092,16.603199,-0.9372629,11.699743,-0.26574033,7.473927,-9.379501,10.999572,-0.568009,8.390834,0.40775892,0.328512,1747.2332124716004,733.9703444034683,2955.176996167802,1401.6224521381382,1314.2407567446005,691.228834068985,19.277490395365714,12.018131008781934,0.12696006738744076,0.07128209565879934,0.14871156,0.19206437,9.78
COVID-19,56ff4794-4d52-4b89-8e9c-68ab3d8d1a48.webm,-658.84576,105.45704,15.592009,37.294678,1.2675315,17.752266,6.45822,11.590211,-0.52844816,13.301518,5.04934,9.931443,0.6700838,8.310715,-0.9977537,8.786723,-0.51013905,8.088812,2.2188582,3.8053606,2.507536,4.834538,0.5316447,5.2470446,0.7920884,4.292785,0.5755695,0.24935469,3195.5160201163235,645.6637195599185,5822.180117928021,901.6449872222516,2432.7402478974773,317.9503556591781,18.561494240229912,12.690135337077436,0.20456323126481044,0.07754309924765834,0.0032130745,0.014152107,9.78
COVID-19,059eb180-bd06-4f60-aa98-8f24a2a79a0a.webm,-451.18713,130.22145,86.28664,49.811512,-16.000996,26.046192,14.969966,23.42907,-19.013515,16.093443,-0.24677186,18.523977,-20.148533,14.29568,-16.982824,17.72157,-16.596287,12.296172,-10.586615,7.8151336,5.5604005,10.436778,-5.3562884,9.940305,-6.2440023,9.081407,0.50848305,0.27435818,1936.422699640578,576.1461876683138,3934.0960393186474,1287.4456069058149,1809.6179674993052,382.21769445840266,21.000526895108973,13.575813179322754,0.13465356045081966,0.05426735680370415,0.011327373,0.023883447,9.9
COVID-19,3ed41414-f0e9-4abb-8dc4-5490c2266a5f.webm,-196.88956,152.26529,94.07861,24.703896,17.943964,17.99737,4.7935925,15.702992,-5.951992,15.849285,2.8177896,17.409235,-1.9681967,11.974444,-7.7622848,10.213388,-4.4747324,12.343582,3.7706513,14.4850855,2.2866178,14.81142,-2.756859,12.226313,5.775517,9.62219,0.4536777,0.2941793,2506.9451678230266,816.272247890343,5653.993513777449,1853.1393140559123,2705.351127062521,488.47465356936135,20.37742124010771,11.598933329150938,0.12224022117820946,0.06577605532419442,0.10495737,0.11248308,6.868027210884354
COVID-19,2c286332-3de9-47f4-93f1-b9386a7aed9d.webm,-469.2295,107.51973,5.461334,24.53875,-4.5841737,20.202524,7.2052636,19.931484,-5.0480356,17.412815,2.0460057,9.761133,-4.149406,12.536066,-2.0094187,9.702092,-2.8680947,8.937748,-0.77775884,5.801021,0.42504632,3.6928935,-2.873371,8.733503,0.46255517,5.840766,0.08214724,0.22152936,645.0880453478911,1481.9524613072165,1056.070944257257,2336.9302055010153,355.3138047219184,770.8779083163971,16.31205150851645,6.957355486930789,0.03956698015402844,0.10122839749488964,0.017379325,0.06786338,9.78
COVID-19,edd0f863-340f-4e5b-b4ce-a0ef86db8d9a.webm,-476.49966,197.4708,50.43255,54.478954,-48.57983,50.116177,-14.748092,41.070446,-19.075445,29.733004,8.530509,19.206997,-12.494477,30.999119,-6.595735,20.26581,-15.231248,21.216682,0.7047369,12.937824,-1.5455755,8.220207,-11.395901,17.319567,7.419359,16.144049,0.35999113,0.31855023,2437.2470855117263,844.8476464932857,4221.163170855978,1769.564304349801,1758.1572256821153,666.6156010874739,21.274858486330118,13.250417276466854,0.16865658967391303,0.06612388566546779,0.03439753,0.06533281,5.34
COVID-19,95c41fec-38ea-4144-a071-22baf4981bdb.webm,-475.8481,152.21735,23.945845,46.957844,-8.1732855,25.239628,8.100818,19.20952,-5.4807944,21.99136,6.2038436,14.757562,-11.87435,22.305891,-1.5368178,7.39538,-4.5183444,10.445873,-8.198962,15.079057,1.8236847,8.496102,-4.324843,8.9845705,0.07483657,4.51863,0.38106498,0.35998687,1920.912773816779,1674.9335724194802,3559.294485538564,2859.336960264928,1517.9515139399239,1123.9991739991979,16.611477087562573,10.832747070168267,0.11373539608662614,0.12226795061695082,0.023959914,0.06406981,7.62
COVID-19,aa4877b2-4820-422b-affe-c3d31c1fc70a.webm,-344.85056,186.0116,45.843548,52.2349,-20.357056,38.681965,10.413732,19.930897,-18.02989,27.468586,2.6266036,19.223934,-14.657556,22.145603,-5.3048897,13.442341,-8.762463,13.205405,-3.9052763,12.421343,-2.626363,8.499474,-5.091477,8.974293,0.61817956,7.946821,0.23976512,0.32576934,1309.059683088523,1165.4452135263678,2571.178644353693,2255.561419996204,1168.8034583662848,956.4233132067517,20.89141541336016,11.781312659838731,0.07273910984848485,0.07840160622583618,0.08961991,0.15135285,6.12
COVID-19,91898356-685e-4529-88a4-76f00c159fde.webm,-428.99255,141.51286,36.82952,47.232475,-13.959411,27.939962,-0.16602749,20.295212,-17.634602,31.88376,0.18403721,15.060751,-28.382278,36.23057,-14.0645895,18.045586,-0.33697712,15.824798,2.9857132,12.015436,1.355617,14.143633,-9.831085,19.013557,-1.5122421,9.920944,0.25504708,0.32859957,1878.2814275554922,1706.648390683452,3378.211107689315,2844.1556240036625,1353.1922245225066,1003.3290542377712,19.698992975453333,12.843538963859146,0.09783656963174274,0.09021858333164508,0.043981068,0.08796812,5.58
COVID-19,2e4ca5b9-2e1f-4e81-b830-c75ae040dfb4.webm,-454.5799,196.96135,58.913284,76.429985,-7.7177906,39.244915,13.303405,24.516438,-7.586058,20.661215,4.390157,17.396894,-10.944339,17.873613,-5.072483,13.046455,-8.302967,14.249752,-3.72533,11.883957,1.5171959,10.1599,-6.2761106,10.730414,-1.821829,8.1002,0.3099613,0.35207334,1125.143272162147,1140.391278573111,2294.5639870383525,2342.2450774612353,1161.0068870279788,1014.8493860018349,16.161102799881018,11.765627227364059,0.06519047900883838,0.0725617750044821,0.046019565,0.079247124,9.18
COVID-19,f8d8b216-d17d-40ce-8de6-6a889adcf016.webm,-522.3502,123.43178,40.444828,57.92451,-5.079716,34.910442,-0.6509664,25.298298,2.5280619,12.456061,4.0468526,13.6148405,-5.3351636,15.331642,-5.9009724,12.064859,-4.646561,12.227981,1.0565047,8.162381,-2.2471662,7.789219,-6.3570247,10.484597,-2.578528,8.180668,0.4166569,0.30262852,1907.8295924014292,882.8616138862926,3653.1154392482517,1859.0702336158047,1828.3458508799408,744.1048005552275,19.51444564996717,10.350532749399617,0.12419530339452214,0.06150463583878381,0.014046268,0.036651723,9.96
COVID-19,6868da77-a36a-4fb4-afa5-aba26bd2bbd5.webm,-383.88174,212.78378,38.041824,40.82954,-19.57872,30.219456,4.5909433,13.337173,-1.3891069,13.931686,-1.4719496,12.59256,-9.595577,11.9751425,-8.900817,12.003967,-8.788434,11.246962,-3.5755367,10.523381,-2.9168756,9.561861,-7.0190344,9.661041,-0.008793565,8.660355,0.45557097,0.28759333,2459.1890776563323,587.8123096454709,5103.217853483607,1395.1279598247086,2423.924147877647,456.94643444712204,20.452510496164397,11.344928309301348,0.1356838681937939,0.05723918285275442,0.05370233,0.09707789,9.9
COVID-19,abbff660-5d13-4c31-b842-bbf2189ff14e.webm,-427.44824,164.93912,29.21153,45.782207,-17.510843,32.95408,5.530943,16.152699,-9.973735,23.165352,13.052926,19.323559,-5.040641,12.840009,-0.18253851,9.441233,-8.128176,14.167683,-5.0535827,9.658237,-0.32095313,5.67478,-7.605582,12.652656,-2.3425283,7.1151114,0.37913898,0.36039805,2124.5540572539885,1685.604508081694,4003.6704980931577,3015.7014393161544,1622.6229067622332,1143.6887694661395,16.65652211368604,12.18603625207805,0.15672323941054503,0.17045106401525426,0.027905894,0.06292958,9.78
COVID-19,b2d806e7-37d8-4e92-8780-c7b8ed7d7b26.webm,-471.58865,186.82214,45.635803,53.66123,-3.8827481,30.148539,18.533262,24.722595,-8.597523,23.574007,2.8126318,15.098429,-13.42551,15.635227,-5.1051064,11.746467,-13.912848,12.971025,-6.338726,10.711341,-4.365131,7.876709,-8.189516,8.962016,-3.536641,6.757631,0.38914394,0.32177418,2454.947726666991,1021.5660162167933,4793.427828794026,1595.8047806614761,2136.341862164776,475.953992791115,21.083468416775965,12.186853030134431,0.1659913458218232,0.11954417743704158,0.03639882,0.092358276,8.4
COVID-19,be48c56b-4a96-43f7-b45c-46d9c0dfd909.webm,-473.07425,149.23547,42.84879,63.95504,-5.656962,28.137175,8.725726,19.718887,-2.1800582,10.506374,2.2751827,12.561124,-3.2052336,10.992687,-0.062817596,7.211433,-7.141141,12.946793,-6.231921,12.450874,-2.129387,7.6548734,-3.0882828,7.516636,0.3108713,6.647041,0.24909428,0.3256148,881.8538925263108,1052.8508390122415,1765.871161099138,2112.404610017042,874.2202645912246,951.3465127332383,17.669048824463403,10.068576554535944,0.05571120689655172,0.0709188648193776,0.029104492,0.066229366,3.36
COVID-19,6fb34168-0bd5-41b7-b07a-2a2ccf95f63b.webm,-450.38547,201.74919,52.94144,53.411762,-29.850914,55.79037,18.429777,29.034538,-26.65235,35.354176,-0.7799497,19.80131,-9.954696,21.816536,-6.6758804,24.194345,-8.845366,16.174774,-0.9263697,15.967118,-4.1607127,10.631193,-10.138391,11.210588,1.8330175,8.706283,0.569833,0.27243552,2748.256634267467,1078.2087871666126,5082.325328480114,1831.0748439568442,2110.9595461331596,616.6383709566168,20.108446002819733,13.667548564117624,0.3035222833806818,0.22471368870998956,0.032344088,0.060999308,4.08
COVID-19,a4e8f9b8-2d40-46c7-92a2-25c5f9d9fb28.webm,-517.02515,136.82358,15.035783,37.72009,-6.1960316,22.341413,10.550915,21.226017,-4.053063,20.423822,4.8726997,17.999718,-6.407311,15.2305155,0.66633904,7.2882056,-6.2473917,14.146281,-1.3471034,7.4321985,-3.1411204,8.437693,-5.27392,9.975518,-0.13837077,6.207933,0.25716147,0.33795747,1579.5365301453403,1667.7284063505567,3004.7643442622953,2937.597687576298,1250.5546190745824,1149.430733054137,17.59272741735013,11.683668874170278,0.09765167593676816,0.12232535646746127,0.012656348,0.040703174,9.9
COVID-19,111ccb19-92b9-43e2-b44a-38cde5bf0ca5.webm,-374.03943,199.83554,66.51517,67.03446,-44.95854,65.729225,9.995083,22.627342,-15.8382845,24.16015,-3.9567785,20.198591,-9.353065,18.245321,-5.517763,16.105486,-4.60141,13.835363,-8.422086,13.715323,-4.242901,10.746796,-8.726454,12.323079,-2.7738504,9.050737,0.31928948,0.3341271,1836.0472089222865,1299.4937481044708,3226.5270305129716,2364.4286413428204,1410.9362884432321,857.3496239459124,20.05795481898271,11.589455970142486,0.11341253316627359,0.08332014809575157,0.06471694,0.08518926,9.84
COVID-19,a8ca7736-9a4f-4718-954b-eae6047128a3.webm,-377.18503,158.01959,85.530754,60.83094,-29.42551,49.98199,20.29665,38.6931,-30.44581,31.177872,-2.3966455,20.208961,-3.051944,21.010887,-22.758514,21.899727,0.993632,16.978218,-8.8466015,18.019526,-4.149379,13.939414,-8.619144,12.13591,-5.8844137,10.397368,0.36748677,0.3113797,2169.6052349136476,817.5844910277667,4057.6121780107605,1241.9468540421053,1631.2399169767614,337.50812111424665,22.423000060246544,11.416706873563784,0.16300647663620282,0.08939147523064389,0.038892835,0.059452284,9.84
COVID-19,f87d25cd-c9b0-409c-be18-39a7f80f2ff0.webm,-385.1328,199.37843,95.89654,83.74066,-29.567863,34.391933,-3.7614548,28.274303,-5.4553103,21.592972,11.676961,18.94826,-10.411263,13.92948,-13.598995,14.2816,-7.107239,11.16417,-4.180532,10.530709,-5.2445235,7.402013,-8.382681,9.63795,-0.8809692,7.8749886,0.4731861,0.2974784,1734.49189357443,822.7014147485596,2867.0798853824012,1604.9488028339604,1396.1072106062284,598.1099804018835,20.210665062825232,10.981610130827615,0.13728626987390352,0.07914635781450215,0.07690953,0.12537512,5.28
COVID-19,4613beb0-6e70-4cab-8eb8-470cd2d36bea.webm,-281.50574,185.70674,81.0392,48.49686,1.4592949,41.465736,43.981216,23.00837,-32.69164,44.29995,15.887584,20.115927,-31.080917,20.004766,0.28472567,20.240576,-22.457718,21.678894,3.1741626,12.791056,-7.7517376,14.222319,-7.305774,11.184332,5.782004,9.398934,0.39386436,0.3116636,2343.8669092257705,1237.825777646664,4616.610179227941,1934.2686124965855,2030.5951152893285,392.823899630904,23.207582283494233,16.78944360066366,0.15563862263655462,0.1369805360949607,0.088488564,0.10341425,2.76
COVID-19,4c2840ed-fd4b-4a86-b976-5cc040d6ea4e.webm,-402.77405,171.13046,49.27606,47.949474,-30.674467,38.93058,27.580982,27.194838,-49.618275,36.086258,11.589791,20.726326,-20.265694,17.284227,-19.75171,19.428652,9.5483265,12.011913,-11.649458,12.796209,-1.5325336,9.833124,-5.8707943,10.656322,-1.2632889,12.518864,0.42712176,0.31908798,3121.1479057740985,944.4275074681469,5034.628530649038,1182.154380509993,1903.581713024765,372.1112013029001,20.678625384904148,13.75710882720469,0.26852395651223776,0.12072807762913673,0.033487808,0.049511734,3.3
COVID-19,7b423206-e57c-463b-a43b-c82cdb055f26.webm,-474.58633,109.26452,26.034697,47.62437,0.75996995,15.632633,4.079577,12.0282955,-2.463428,11.16519,-1.5145566,7.945311,-2.590529,9.97723,-1.9581451,8.032541,-2.9031072,6.239214,-3.3233776,5.9172893,-4.6673565,7.479444,-4.2849445,7.0410547,-2.1624699,5.5890636,0.44072637,0.30324426,2254.9834433685405,881.7400407488453,4572.994803048514,1651.5792982165235,2056.463748616932,521.2611366338592,19.229067994615153,10.46749256672375,0.13197934877622378,0.059085934779593736,0.01587378,0.061742425,9.96
COVID-19,d3994a00-b7c8-4c14-a7f6-9324d367cef4.webm,-354.04657,184.79625,32.981064,40.423885,-37.68234,44.603554,7.1926317,28.909128,-28.348309,34.069828,-1.8466095,13.764191,-12.991682,19.678429,-4.7822247,11.811229,-5.515528,12.632145,-1.3136027,10.654809,-1.6548424,11.160251,-4.425888,8.719423,1.7525758,9.210597,0.49697635,0.30366918,3051.7099915219655,905.1122290472504,5096.662498601581,1531.7289091762063,1906.1909854726664,517.3045188047214,19.93546725226068,13.934239232899055,0.3454852047285203,0.18913753241850575,0.0656991,0.13397668,9.72
COVID-19,1d3f954c-8d15-4279-832b-e2487b96750f.webm,-443.80713,114.00483,54.980255,65.77352,2.4890573,26.824228,8.319309,13.136385,1.521663,10.94271,-6.355399,12.926656,-8.241487,11.513982,-13.86778,18.211357,-10.106911,10.634795,-3.426112,10.322562,-8.150218,8.159075,-10.815256,10.972526,-3.1027656,8.059314,0.3437574,0.30815265,1618.268391262382,822.1022251993994,3406.6343768513034,2028.1825792319755,1832.676268821705,764.5116493176824,19.854539414969167,9.885990190942858,0.06502124370556872,0.04596337008842392,0.025909081,0.06203214,9.78
COVID-19,18c36541-7566-4f46-8264-3716e2e71f30.webm,-438.81808,197.21529,50.31369,55.638626,-19.648872,41.091595,3.9979672,20.255106,-1.0029676,14.113923,-0.25579375,10.170595,-7.589309,10.014402,-7.454942,10.639636,-5.987055,7.424728,-3.0374951,9.20003,-2.6951282,6.286686,-5.9121923,7.0357533,-3.912919,5.267962,0.39447555,0.3287642,1751.4976600166005,899.6240888773514,3419.8743118523316,1879.283141487075,1681.5197823228334,837.2568524016438,18.976380828120593,9.35460599620074,0.12743128643134716,0.08198971296675399,0.044578306,0.10191388,8.94
COVID-19,b138e68b-b8a7-4144-af49-57cb00f9eb6d.webm,-393.511,166.78983,97.70878,44.10213,3.6631122,62.38882,26.259018,19.666647,-10.352033,27.359661,9.47727,19.956007,-18.069475,19.90876,2.766493,14.631236,-14.831916,13.561693,-7.9128165,12.555221,-5.9413304,11.297387,-11.364081,10.674893,-5.2886405,9.18571,0.40939546,0.32108346,1707.7037591363082,907.8858026611621,3286.658935546875,2023.9810292907662,1725.8918249180704,512.6111345247882,22.437733328892037,14.437430883959532,0.10066964285714286,0.07129801876552769,0.043665532,0.07297282,3.24
COVID-19,263a8d6a-9774-4293-90bd-d68c108f1e3e.webm,-334.56384,174.01581,69.45853,53.988316,-55.655636,41.382458,48.693825,47.767326,-13.515245,18.136145,-20.227758,24.53403,-38.706703,31.358133,-20.945295,17.179352,-3.1052244,13.545932,-11.912527,12.638707,-4.428802,11.2046385,-4.275486,13.784901,11.779526,14.9259205,0.28748515,0.31599286,2234.910676504,796.8537329000034,3699.5535368966584,1286.8473500828022,1478.135579898865,405.34069017353,23.115240676111345,13.099017690516632,0.17810662902227722,0.11309267692545673,0.08987828,0.102456085,2.34
COVID-19,61ca0d5f-b27e-43fa-85d9-1fb58d2d1746.webm,-550.3619,123.04585,12.410216,36.38403,-6.7370462,20.973223,3.3212152,13.735647,-5.2387667,16.83361,1.4869404,10.896755,-6.2983513,15.98036,-1.3563479,5.8527617,-4.4318924,12.523517,-2.0850482,6.9118333,-0.36442783,4.7219243,-0.43384525,4.802305,-0.043401033,2.7170064,0.10145885,0.24131471,649.3377981588229,1332.3670895188113,1217.5736480936737,2408.238554239355,485.8044981403,941.5547082724557,16.656046054274928,7.72016319583571,0.03811936506723716,0.09087448162057589,0.00803115,0.027736088,9.48
COVID-19,6462d540-48bc-410b-b08e-cdf0b45ee118.webm,-485.0153,139.3418,36.162064,39.07553,-5.2180557,36.75533,1.768061,17.102077,-9.680668,23.211065,-0.45689023,15.113921,-8.576251,15.793704,-3.0419564,9.507709,-4.758796,13.833139,2.8348792,8.835832,1.3313804,8.156611,-4.725735,10.61556,-3.3777127,8.846761,0.2981785,0.3164187,1945.2985053458383,943.1435120029796,3469.601136700237,1854.0779699466248,1888.2490017917714,441.1806580902597,22.611957906053572,12.305478283194454,0.1310086363299763,0.10022933831011202,0.019918295,0.061750352,9.78
COVID-19,cd65f53b-5d48-4b6d-8f13-5ac619d81108.webm,-370.6761,177.72668,76.40563,59.559593,-49.571568,64.27836,21.732016,41.50575,-17.367924,37.260414,-5.3821006,23.332785,-28.713182,30.37507,-11.3902445,19.855907,-1.1794304,16.042631,-6.4547787,20.017239,-7.774896,18.641317,-10.474991,16.778673,-0.6193767,14.857819,0.34491894,0.32548645,2272.9288989275065,1199.0343373428377,3788.699615229053,1863.572124245721,1459.3680202711942,589.7511798485315,24.053496829040395,13.361396885996061,0.21547039977861035,0.1541431811955626,0.055706076,0.077948935,8.52
COVID-19,bae0c88f-852c-4f3f-8141-d037c777459e.webm,-479.2172,161.4463,13.672285,26.452644,-11.560883,24.867771,9.7483015,18.713078,1.1719712,11.977605,10.218062,17.67541,-10.816773,16.761307,-9.064246,14.9936905,-10.8775625,18.860697,1.4061668,7.9695635,-5.4383883,10.736757,-0.9154531,8.165822,-0.64401084,8.46081,0.36117676,0.33240923,3382.0623519317664,1125.7012130694413,6112.794505299388,1906.3108579036575,2457.2263679545076,614.0888667717484,21.644461006330918,14.04513230661523,0.26002626930361306,0.1299211986541778,0.025836734,0.07269519,9.96
COVID-19,0c4da14c-7035-41b7-ade2-38aa1481c046.webm,-501.11118,122.781845,24.119938,55.61581,-0.6287396,20.905964,4.7728467,16.6212,-6.636397,15.532882,2.2677433,14.703746,-5.0082426,11.369644,-1.9832817,6.963458,-2.6941254,7.7592554,-1.8795502,6.809283,1.8660128,5.3136687,-0.81408757,9.351266,2.0634117,5.5433316,0.4365435,0.35230675,2275.549235328109,1579.6856167263247,4372.826617697011,2712.161623260082,1981.7452920120656,974.6343721895397,16.528306127995766,10.328415984975676,0.12662170705012077,0.10986982888010104,0.021003852,0.06867285,9.6
COVID-19,b35c9f6c-4e1d-4c3f-a733-5905c3ee387d.webm,-476.7208,128.9557,19.383183,41.65661,-1.0371336,18.414478,8.131247,18.771452,-6.956811,20.18489,3.0757277,13.187037,-9.073998,18.232727,-1.2328833,7.7062354,-3.034633,8.285657,-4.332004,10.140429,-0.6056334,5.9702992,-1.5688944,5.567915,-0.8935605,5.4247265,0.35576475,0.3580595,1896.2675673311303,1702.0079597349293,3715.4025931346955,2907.7194645776367,1586.0734066344187,1165.53560532938,17.093953373384235,10.786218026001501,0.10675179929892602,0.11569957049422863,0.021775443,0.06517829,9.72
COVID-19,e1259ecf-0b60-4106-9852-61c945065ab1.webm,-438.51978,173.69095,39.57026,60.73691,-23.666512,46.976517,23.278076,32.757328,-1.507461,24.649498,7.609129,13.97276,-2.976271,14.156533,-7.3391457,15.539441,-8.489647,13.905582,-1.4568729,9.085671,-0.52978015,7.827394,-7.2486362,11.9080105,0.23252249,6.884652,0.34140462,0.3451804,1763.189340914231,1683.70791144301,3097.493968290441,2693.4357708056746,1239.7015471598766,990.4896788926646,16.01558422958023,12.132100493778477,0.1125960149684874,0.13402103662583137,0.03519724,0.068033576,8.28
COVID-19,68faa0a0-e7e4-4304-a9b1-03799b261649.webm,-409.09576,150.65291,57.279232,43.73536,-16.00983,27.162771,9.638624,28.41412,-2.2137153,16.119823,8.855214,21.529213,-8.787001,13.657916,2.2934675,10.228071,-3.6138651,10.781403,-2.4921017,6.8188543,0.3247899,7.5623198,-2.8074338,8.990321,1.7178574,6.646123,0.44771016,0.29663655,2130.9248791342447,458.3465696130949,4252.07122226931,926.0205935039731,1902.6316893161318,270.84344161120407,20.71401523432332,13.675476130590518,0.12408101783608491,0.05545098171348746,0.029024627,0.064004324,9.84
COVID-19,3481b694-34fe-4b03-a529-88ef085815fd.webm,-355.44806,189.85088,40.175125,45.098083,-2.88777,19.9482,10.658955,16.566435,5.766202,12.072087,-0.8268023,10.875668,-7.870626,12.187132,-9.101541,11.954672,-9.901743,13.223168,-3.1120737,9.688147,-2.9668622,7.9736805,-3.422025,9.353728,-1.5639406,7.422734,0.480052,0.3223191,2853.567100686576,1460.213552637588,5365.105475579108,2470.6625591615475,2399.8430992593694,644.749472368271,19.648914451064005,11.136632387769884,0.2416400331439394,0.21386432343509917,0.049627203,0.08124816,9.96
COVID-19,277e0c54-4822-4035-abd5-978d6232c2ef.webm,-345.64136,171.96411,90.49377,77.72887,-49.580173,44.46131,-19.217075,30.128092,-16.180323,21.119322,13.962844,14.78297,-16.556452,17.090645,-15.19037,14.259541,1.8877125,11.622912,-21.93923,18.18579,-0.77498984,12.358445,-7.518876,13.170213,-2.6781023,7.7720833,0.4732642,0.3004617,2164.8958904577125,890.0843818636966,4063.2587633634867,1926.263611000783,1721.7659507168,651.6366898016612,20.420846369579582,11.147785710537883,0.22639973958333334,0.16265445512564908,0.063779324,0.08615832,5.28
COVID-19,fa83cec4-0867-48a2-b221-5dd379388074.webm,-411.46393,150.5508,40.110268,46.749043,-13.915721,23.449095,2.3984144,13.402923,1.5242025,10.670252,-6.320671,10.968173,-9.921671,15.108754,-6.225403,12.903126,-4.600117,13.932543,8.712258,11.277773,3.3311667,7.7952795,-7.440845,10.00752,2.7902908,7.2436957,0.39678004,0.32076237,2705.8441610701852,930.976676517131,5293.453616695804,2137.8210428731904,2430.659890670194,612.2232871806191,20.790248636920186,11.654201674153196,0.1575020032051282,0.06491799858789167,0.026042152,0.049686186,9.96
COVID-19,47ceafde-45d9-4bb6-881a-5ef866fa908d.webm,-439.85104,171.57497,26.748316,42.729313,-8.033671,27.102386,9.888571,20.66704,-13.840309,24.709557,11.202344,22.921799,-13.107954,20.29144,-3.2835162,10.419848,-6.494365,10.775289,-1.0188828,8.41086,1.8038133,8.62958,-4.2496634,8.657391,-1.2897278,5.6168246,0.4314263,0.29543343,2741.8437984678885,932.7327372554495,5086.8875657212675,1350.2017799181845,2202.104403924716,396.03073959283677,20.660695585340967,12.689912800644674,0.21494788581161137,0.1172955749699214,0.038319863,0.0926418,9.78
COVID-19,25a6fb1b-a42c-4728-a2bf-d0613e17d1d7.webm,-474.41187,137.39304,31.1598,59.01117,-11.386199,37.505135,7.0268917,15.038605,5.488323,13.353885,-2.8328426,15.279478,-3.5403593,12.961014,0.1541995,7.02631,-1.5013981,9.311214,1.3577287,5.6263967,-0.10356054,5.2430134,-2.4124432,8.613122,1.7865108,4.431498,0.44526765,0.36199668,1463.4396056409028,1317.780483118423,2897.6124313642395,2475.86410808755,1401.4878772639802,1093.058115180785,15.490709045745882,8.524485565523882,0.09873760871167453,0.1135471315451746,0.026973154,0.081357434,9.84
COVID-19,f6fd67d0-eb9d-47b4-9fc7-1e4af068d05b.webm,-387.9673,166.96957,45.01328,53.159008,-21.44019,31.413218,11.321995,19.534592,-15.870596,24.16925,11.831195,23.108469,-17.601019,21.522747,-7.384755,11.352422,-3.1636376,13.899429,-2.236365,14.297351,-2.311162,11.269626,-7.638727,11.831091,-0.6864862,10.8489895,0.26748314,0.32367304,1753.1317544266483,1585.4631984804641,3300.9256114130435,2712.522323687104,1324.2788824100573,1006.1907657311572,18.547946724491343,13.611191607545768,0.1010022739281401,0.09571707250587289,0.035164762,0.061657824,9.6
COVID-19,ef101918-6c9e-493e-bad0-a6a83923b926.webm,-374.81384,207.5464,59.19405,67.40941,-31.546618,42.27772,7.9926476,23.392797,-29.04574,34.208096,17.084087,21.612608,-12.086024,16.243193,-4.901008,12.953496,-9.898403,12.389163,-7.983688,13.806386,1.9712892,10.034531,-7.567656,12.256772,2.2926898,10.537528,0.28971332,0.33205923,1729.3650021423362,1506.764746762955,3142.061727080865,2568.0985181821643,1355.689516786919,953.2738133937871,18.85188041133586,13.876906940525975,0.11138713529324644,0.11219211620111162,0.058656964,0.08061165,9.78
COVID-19,f541583c-6622-49d1-b225-7e081da34d2f.webm,-477.38342,154.34496,37.681396,48.86977,-12.695101,31.26905,5.18825,22.133848,-8.932046,19.119825,5.384437,15.510909,-7.041974,15.120172,-4.438441,12.247711,-3.0852318,7.165317,-5.0509863,9.323522,-2.8575294,12.378076,-7.6938896,9.30942,-2.438682,8.423152,0.33550957,0.3181337,2401.9058177227707,1086.242498865005,4613.752287751311,2008.590630661774,2035.8339139798234,703.2709187085709,20.543056811604846,12.02397926150335,0.23417581767191142,0.20382889623792155,0.020256601,0.054842275,9.96
COVID-19,ccd3279c-e351-4e6b-a142-fd3f48c3b052.webm,-410.67993,194.6592,51.920326,70.28487,-33.99562,49.19187,-3.582934,20.134832,0.1045306,16.473974,4.556219,13.41818,-18.863941,25.44412,-4.4011707,8.643813,-9.632417,14.986888,-2.7436297,11.898233,5.462208,10.0449505,-5.472985,16.124327,-0.00071383745,7.725376,0.495826,0.3235396,3370.7481005796667,1583.4893547029826,5914.026476453234,2859.3599796302724,2222.8678535695763,871.2788425259453,19.95569893066438,12.130068170938317,0.4081428012092075,0.29969555432698697,0.06514552,0.1039944,9.96
COVID-19,aaf75b38-2656-4888-a1fd-969ad3a81bdc.webm,-424.98688,195.75168,64.39437,76.95087,-21.737427,34.59054,9.705297,28.959469,-14.945723,24.01028,1.1646245,19.559122,-0.670252,12.733672,-4.331054,14.270371,-8.028431,14.957505,-8.80597,14.590288,1.2731735,11.109547,-3.4081063,9.150308,-5.7067237,8.346335,0.28652748,0.3321731,1453.2513018353218,1318.9380651732463,2811.3604012182204,2357.172014336117,1222.5426523960057,909.7312330654877,17.062674136646155,11.942548893624807,0.07664360434322035,0.0678337801452522,0.057864197,0.09693855,5.46
COVID-19,9dc66677-d2a0-4c56-8a4d-74177f49ba1e.webm,-294.77438,219.6687,56.67135,47.122105,-36.936516,38.29929,33.47159,31.66768,-47.4062,39.24533,7.0379915,16.187544,-40.541847,30.846779,-4.139224,11.331616,-6.663158,11.000876,-3.1962578,10.566924,0.7513793,12.148211,-11.570809,11.281489,5.517804,9.589608,0.43476403,0.3172773,2929.619827912975,1027.065435924844,5394.754612699468,1413.5440329777089,2111.2246245362176,517.3120299724502,21.00728652436952,15.833682854807291,0.18902544603280141,0.10348609006201026,0.08793477,0.09652352,6.54
COVID-19,d57d4c31-4f34-41cd-9fdf-84e4df3f2dcc.webm,-515.27673,189.24335,45.52257,50.925117,-8.773468,19.58093,9.05233,18.341389,-29.68616,34.13646,10.248927,17.682268,-27.869028,27.93401,-14.320163,14.82827,-8.201809,12.278986,7.9153814,10.807471,-8.002476,12.162394,-12.409377,13.599506,3.6664267,8.58897,0.52450067,0.32277927,3214.1566746250696,977.8422670521433,6214.95141201332,1555.7184283918718,2493.507979043515,400.3005015816765,20.177814532897347,15.187634736936317,0.32089340603044497,0.19793760599034402,0.013523439,0.021531168,9.9
COVID-19,20602da6-a92f-40ad-81d2-1688f5f1fcde.webm,-449.13394,170.40923,34.70228,65.47382,-6.592542,23.662632,8.823963,17.753904,-13.500506,26.419256,2.1529906,14.567225,-2.8711584,15.411356,-0.5764936,8.389172,-8.559757,15.08632,-2.7310555,7.738948,-2.684342,8.380212,-5.3688345,10.859479,2.1548312,6.543731,0.5578465,0.30224976,3005.7896964001243,1204.333117468308,5662.9222728587965,1956.5812371215784,2279.7836014069444,742.3701075905946,18.422042715420105,11.780758782298522,0.40118835198045266,0.2151061628555218,0.04789009,0.10702901,5.64
COVID-19,a40dc9a5-b433-451e-9adc-ca98a84cc1ef.webm,-416.38885,150.37904,50.896835,12.421039,4.263724,20.906351,5.497931,13.346073,5.7873807,9.53211,7.904142,10.158825,4.5352883,8.9536,4.7219586,7.28891,0.91217864,10.583907,3.7659075,8.084734,0.064354956,10.012932,1.8643216,6.2254086,1.9790426,6.780498,0.584277,0.23695807,3765.5801828175254,507.6471330712627,7967.0090895432695,915.8995300774635,3173.2211630979764,274.92981224749474,19.18318455384018,11.556970181206344,0.23012274184149184,0.059836336312607374,0.024338054,0.06302536,9.96
COVID-19,fd8d6e46-75de-42b3-a7ef-30d5294b915d.webm,-410.29614,171.42677,60.661037,70.57118,-10.279851,31.039196,6.116388,24.79341,-11.984424,21.563395,0.74683905,14.739713,-8.059894,14.233885,-4.6856856,10.372776,-7.284344,12.0731945,-5.117964,12.414017,-0.3551494,9.934753,-9.548879,12.428602,-4.236047,8.305943,0.34508926,0.35286105,1408.5976073274367,1169.1264374681348,2701.0392753998817,2284.5183846313257,1331.5362132763291,914.7147631549187,18.964615074599855,11.73091300148011,0.07630609449052132,0.0739297207960757,0.047856733,0.083197825,9.78
COVID-19,d994f7f6-43cc-445b-8634-ff3c038ffd53.webm,-574.8896,132.52817,31.840776,36.042618,-1.0217488,24.290247,7.8992515,21.851873,-5.625973,20.621824,6.869778,13.608516,-3.6800454,17.816961,2.0912035,9.79448,2.0659468,6.6735144,1.3113179,7.9147444,-0.15587837,7.266447,-4.2438774,7.9366317,1.704528,6.0495195,0.5964431,0.26521063,2779.595389593456,596.4442306337129,5332.841121185542,958.4674655616753,2242.3590617761706,288.3659052096384,18.69894843183148,12.537153110318908,0.21259740127284596,0.058252210719190865,0.0076556895,0.028414618,8.88
COVID-19,ecc957af-3001-4a29-935a-32db98540746.webm,-427.20377,185.42804,45.176704,49.232048,-27.285957,44.586903,13.065221,24.608223,-10.648743,26.709948,12.630701,19.284742,-8.670437,20.245323,-3.9977143,14.36102,-10.008284,17.180471,1.1520804,10.899287,1.1369233,9.19711,-7.8414927,11.687876,0.7329574,7.5305505,0.45204034,0.31661138,2521.6624143298022,882.1988042698051,4849.1848383427805,1779.6499137654419,2089.6239416422322,592.983445129256,21.231659782169967,13.725563945858001,0.25371513275656327,0.2067192150086895,0.02979252,0.057951014,9.72
COVID-19,a051a29f-4cf2-49b4-b057-f61b6b34b4fe.webm,-560.3948,161.21896,14.990304,30.161787,2.4496515,8.16473,0.2177514,8.347421,-2.6325345,10.544288,2.3542688,8.3678055,0.6245106,5.001066,-1.5883244,7.8580346,-3.9152493,10.344528,-1.795603,5.5457563,-1.249657,5.1992764,-1.4738194,6.076302,0.6683144,4.455474,0.5578188,0.2608767,3743.5470810612974,783.5814118116001,7907.955911276224,1522.695468338757,3193.7535538527745,333.8829934004339,19.027650054448888,11.833905548479699,0.25685756300990675,0.07870574912186507,0.011530193,0.03742955,9.96
COVID-19,c7d88ab3-d4bb-4799-9b86-94d933c496bf.webm,-495.70807,195.60767,37.00081,52.984512,-25.669401,46.808987,14.060759,29.906805,-18.363379,28.38394,-1.1841338,17.010908,-11.003558,17.941414,-2.7055552,17.563305,-9.01168,14.129645,-3.5334415,11.50042,-5.464616,9.748427,-7.2882814,10.472201,3.9967136,10.01412,0.49269888,0.33212107,3156.3919292915994,1237.5713914980242,5501.556896772541,2071.2066806968855,2167.2612296072193,675.8087241372816,19.238328377317902,12.746223286089114,0.38892802254098363,0.23481171454656447,0.024442919,0.054759707,9.9
COVID-19,dd235b59-b0df-4eb7-9024-3b11e1515888.webm,-595.42145,145.29805,11.587677,28.634584,-8.568648,28.868782,7.56643,18.633423,-7.7025657,27.006672,4.6912575,13.671903,-2.384111,11.491527,-2.5123932,8.421097,-1.4995743,6.453254,-0.8572585,3.749223,0.3813003,3.808158,-1.7405552,6.2726245,-0.2178602,3.5096262,0.6595405,0.26869783,3437.6465830420234,1007.7392839618192,6325.567526895492,1528.0086481457108,2501.1704832007485,556.4263113749586,16.122473835202033,11.493939382589673,0.33273794276932084,0.19254625069260212,0.011016393,0.041340366,9.9
COVID-19,356ca0b2-925f-42b4-90ea-0174c8da8945.webm,-438.19427,165.72418,70.55097,59.829594,-5.606471,31.456253,3.6148098,37.011005,-21.248922,23.4258,-6.293521,23.668568,-14.816923,15.145258,6.983517,15.4302635,-14.154883,20.010796,2.978138,13.059259,3.2789552,12.854205,-5.564695,11.609564,-6.0632796,9.851533,0.341257,0.31982556,2490.326961075885,1512.6087978779638,4349.283149298721,2223.649907076929,1928.7394132559984,583.5477661496241,22.82195179985948,14.235714360829082,0.1789185531496063,0.16009470507482793,0.035388555,0.068893254,2.94
COVID-19,ea15c9f5-e77d-4b3f-803d-443a69d63eed.webm,-484.89438,190.70146,46.720146,47.237125,-12.226879,41.940865,9.113288,22.344465,-12.179047,24.195608,5.8042164,23.174944,-22.169292,24.841667,-8.8045435,19.198822,-11.655638,11.579286,-9.063959,12.2353735,-2.3044574,12.087055,-7.998484,11.92396,1.9929136,8.180712,0.37470698,0.31213906,2351.402964900965,826.0250102673363,4639.843981412915,1636.843065206918,2105.8074003580455,426.09797698346085,20.571395510734398,13.277072894807171,0.14726655065165878,0.0809876166354323,0.030174093,0.065292045,9.78
COVID-19,b7b6a650-3276-43fb-90b1-73134b483fb6.webm,-451.11914,157.55232,47.15285,63.124565,-0.07904844,19.418943,9.521756,23.691463,-0.28051025,11.792886,9.147117,19.535297,-19.079737,28.062365,-9.826154,14.642034,-12.944137,17.100056,-3.9581785,8.49697,-2.056432,7.1983213,-11.363545,17.121935,-0.2314654,6.0801554,0.26853308,0.33238688,1171.4566129210998,1245.998293946433,2317.741127439591,2482.4895184317043,1135.070266604809,1023.6148206995787,16.85411508281195,12.186491070636718,0.06519008480483271,0.07861652947684462,0.03837083,0.07470684,6.24
COVID-19,caf43590-1d63-48bf-bc62-aeba05892137.webm,-421.55838,167.09831,52.687843,53.531326,-16.760273,35.63424,8.069634,21.006403,-17.130693,24.205551,5.622635,18.428955,-10.68349,12.459969,-13.352573,14.602636,-6.9831347,11.025729,-1.9087394,10.973336,1.2489235,9.815116,2.0441427,8.661002,-1.375285,8.838737,0.2917681,0.31847262,1975.025568679874,654.4092363753483,3835.9207225636846,1277.742148274774,1836.455693609564,367.27828213498805,21.543505486706955,12.971534437932208,0.11153523955864929,0.07119890135412238,0.029249502,0.057217572,9.78
COVID-19,c973b713-9e20-42ac-8726-07be0df5ba86.webm,-403.76978,128.60399,56.08294,61.279408,-4.7122393,32.5411,5.9885387,25.67378,-4.6881595,16.465912,3.3516006,16.581161,-7.4669952,13.878624,-11.372488,20.969683,-11.532107,15.751086,-3.7495189,11.036393,-5.5804534,11.158761,-7.8074613,13.269199,-0.18675008,8.048241,0.43398082,0.31444743,2390.8429785613407,1140.6737106399544,4511.8723047841895,2281.0457283896762,2098.2827781839064,706.003891161603,21.389966869532792,12.540916817171723,0.18221230081992573,0.1163029723157536,0.0366885,0.07097164,9.36
COVID-19,91678983-1d96-4390-8f09-55df6a75bb36.webm,-431.019,180.02316,42.489433,43.53026,-16.490553,32.47272,14.609165,24.579435,-17.044966,27.303886,0.80774605,22.8648,-25.43129,28.023558,-6.0613127,12.144972,-10.863319,14.006237,-5.23659,11.705551,-3.0754294,8.132328,-6.1974072,10.664958,-5.407107,12.36356,0.3703318,0.33215627,2341.601123538388,1392.1024868518082,4282.71484375,2475.559173593717,1805.4382804930767,829.1782908397325,20.182649116525738,13.987858646286435,0.14268663194444445,0.10493821921772896,0.03522673,0.07426783,9.6
COVID-19,e92ed6f0-70a8-425f-8dee-1b0443381224.webm,-475.15524,172.22066,34.70315,52.46582,-15.615977,38.91545,13.451363,29.404406,-6.8650723,17.973581,5.820698,14.801529,-6.027746,10.670323,-4.743888,10.7513685,-3.12398,11.446,-6.5804214,9.742286,-1.2721481,8.642032,-5.5201263,8.443567,-1.9081807,5.3774605,0.48473257,0.3074906,2760.681833998546,1136.9274958692827,4803.555405101837,1778.8375786690772,2042.8041780752394,571.6067280481068,19.015989581714145,11.263804677402092,0.21761431709265175,0.12808459011969814,0.028712623,0.08055224,7.26
COVID-19,22cb791b-2eba-480f-9eb3-69018bd25a04.webm,-503.5452,164.39336,26.075035,43.979362,-15.253587,32.233543,6.0099583,20.496655,-7.9826517,19.117918,2.9924517,20.625322,-6.8793,15.235205,-2.5291948,10.660888,-7.915963,15.81549,-3.1548011,9.273132,-2.2965765,6.863343,-4.477223,10.112281,-0.33319744,4.8665714,0.21954201,0.32627413,1013.2900184948081,1492.3583414972254,1813.2431030273438,2583.995156066974,727.6675392307023,976.3953944966792,11.380064611931944,10.841430971681907,0.06617954799107142,0.10094673807409492,0.018343555,0.05524289,7.8
COVID-19,1a0d7c38-e644-4c5d-9ba0-bf9bdc0bffd6.webm,-641.15137,110.81019,18.826113,37.652405,0.22692265,20.427084,2.3972335,15.294547,-5.521328,18.904749,3.06615,10.89447,-4.413277,12.336411,-1.172118,6.4154673,-2.9227495,8.147141,-1.169223,5.180948,-0.5531031,5.700487,-2.2228148,5.4238825,-1.7411053,4.749158,0.30472627,0.3496376,1660.4706290550084,1809.4290808112678,3212.8231650904604,3262.5129204990294,1371.2095131678316,1284.9096705178729,14.622809582107095,10.208308870703453,0.14548925210160818,0.18849388025354927,0.0039020004,0.023421627,7.92
COVID-19,9c9d5f33-e8e4-4483-a9ba-992fe633e486.webm,-334.50912,193.11433,71.15125,49.17194,-27.435606,42.338528,17.204962,37.80679,-17.616297,27.130682,17.226704,20.176035,-16.253357,19.494074,-1.7614404,16.371841,-5.732476,9.614961,-8.902362,14.805974,-2.2572243,9.33868,-14.841869,11.028693,-8.339676,9.9838705,0.3979885,0.32165766,2176.0591365493547,1019.4717065297442,4079.0109616900804,1933.550701645114,1819.8206389230838,521.8834734331858,21.762527016803975,14.11746757355444,0.16216985020068808,0.1121901920201766,0.07019299,0.10334867,5.04
COVID-19,195f9381-cf35-45da-b0ae-cc4ed04e9283.webm,-422.9739,208.59344,78.52848,82.16019,-31.081795,53.639397,11.393943,26.113247,-13.2126875,22.789066,-0.16416761,11.411813,-4.2108426,11.72756,-9.798821,13.265175,-6.084576,9.485403,-2.4674268,7.1637335,-3.3023486,9.9312315,-6.75278,9.635191,-0.37694162,7.3269815,0.5458163,0.27322513,2086.4557499919947,815.2325572357399,3903.045423975531,1719.3484953782202,1805.551085559461,682.1079922092138,19.451511557059927,11.536382305176769,0.1906139445754717,0.14957208705302652,0.043607242,0.07089888,9.84
COVID-19,f9328b47-1943-4dea-a54a-18cc3c5d06e4.webm,-449.4425,140.66801,22.768654,50.485046,-5.66397,24.8777,7.3097076,16.149893,-2.6785471,21.897835,2.4168236,15.933755,-7.384478,14.966237,-0.50350505,11.263717,-6.041087,13.455859,-2.4456031,6.268285,1.3748121,6.2841525,-3.9604156,8.364775,-0.06794597,6.2316985,0.2932753,0.34765682,1734.157440138503,1872.4964990202586,2854.578157397808,2980.836913735128,1157.7421909168957,1097.110414801589,14.245373133732116,10.6865568353962,0.13325796986078198,0.169763725362641,0.03128255,0.09973203,9.78
COVID-19,4afa3822-6de3-4877-b5ee-2e4e7ffb9081.webm,-423.6216,179.7103,34.799603,56.335682,-9.744717,24.043686,7.759521,18.495104,-12.682298,23.215948,5.9457397,15.556474,-6.006753,12.930887,1.6559933,9.223874,-10.692699,17.238419,-0.12082699,6.849176,2.9182897,7.9478908,-5.7954035,11.203456,3.290572,7.9601603,0.37757206,0.36583564,1856.294218737403,1726.0175407561549,3439.9417477054194,3060.4879174798807,1473.9395369688932,1131.1654657846705,16.612807833707667,11.723101655395098,0.10644758886946387,0.13948389274624248,0.043430325,0.09562498,9.96
COVID-19,5a5dccc2-ce4e-4c4e-ab49-a0dcf6f4a2d0.webm,-434.30255,171.23346,56.561813,55.0627,-21.786955,33.952595,8.730671,17.885902,-12.136518,20.970156,10.521922,22.265018,-8.435017,12.811412,-1.1828086,11.7787285,-5.321655,9.962735,-15.819741,22.403069,-4.0543165,8.263965,-9.920012,12.239396,-3.7801156,7.326465,0.4615842,0.3061984,2334.10596468164,965.2680789084637,4725.670634626777,1752.0706248261386,2010.3958523432884,655.3248718155369,19.390701275592477,12.557875592307141,0.2199336770586493,0.18680556465990844,0.032934505,0.06685899,9.78
COVID-19,1853c64d-a058-471d-8409-84fd2afb5edd.webm,-445.19537,161.06589,31.593105,50.45844,-16.174868,32.107086,11.428983,22.307005,-9.765867,20.40335,4.3437905,14.345643,-0.9919116,12.596203,1.7478716,13.070181,-7.230691,13.626609,0.8272413,8.511391,-1.0748011,10.3008585,-3.331243,10.8925085,0.43600047,8.800791,0.3019533,0.34527564,1850.827989457524,1608.1167138493167,3412.327086250737,2692.6743069221707,1438.7658454367793,1074.9234388214081,19.092916696729745,12.853358344964233,0.11825734264445754,0.11904231445312043,0.024520352,0.05347935,9.84
COVID-19,0eba0c0a-5609-4777-903d-b15292798250.webm,-282.2102,178.33147,48.953465,35.999516,5.015153,22.271105,8.321534,14.79806,8.457462,16.62368,-0.8191566,16.652111,-18.692646,21.034334,-8.2273855,11.96565,-0.8283672,10.497867,5.610633,11.944651,-4.862044,8.543809,-6.5868773,9.953004,2.598533,9.039074,0.47943515,0.29660943,2515.1657085190923,1253.5828057706678,5022.518057193396,2634.180783293415,2455.435826638386,651.0360766672673,20.378391239975386,11.162893782320356,0.14520954635908018,0.1025585688353286,0.06529367,0.08982975,9.84
COVID-19,ce2634a4-1ad5-4e79-bb90-905c03e52afb.webm,-437.06177,146.34955,37.25527,43.988243,-42.568417,44.872623,5.889079,22.949907,-15.437328,24.363916,11.942741,17.513443,-10.149143,15.324328,-7.589988,12.353136,-5.695154,11.635526,-11.2457075,15.949683,6.683437,14.280738,-2.9483304,11.563567,0.21059342,11.13913,0.37045136,0.3524355,2479.8488555089425,702.7860159258603,4515.033045764218,1367.0388105954494,1847.7011024371038,518.9173419712896,22.30144901732046,13.301504354637641,0.1658409082494076,0.06216262303266848,0.029168637,0.060266446,9.78
COVID-19,dd489c88-affc-4142-ac56-752c3a433991.webm,-414.22366,185.00874,56.135292,58.063824,-19.022757,45.638397,12.886396,23.07838,-21.117584,30.476555,-0.49338403,21.074408,-22.073011,21.919193,-7.986536,15.191547,-6.626884,16.586943,-4.983369,11.048815,2.5139768,12.519769,-6.2003956,15.185922,0.9762137,12.085841,0.3246228,0.32476023,2229.9957422761595,912.7518072206562,4175.689294203273,1577.8552584259762,1876.9758282941305,374.3864207787532,21.978044034384734,13.664125955963918,0.14273359190742924,0.09917263040032169,0.046480894,0.0746221,9.84
COVID-19,f67d8450-f76e-4c47-bbbe-85418e320acb.webm,-403.62866,145.38385,38.04516,63.53489,-16.249086,33.56191,7.474302,16.761713,-6.582353,16.901974,-6.4326267,14.1598015,-1.6495494,7.566568,-2.07232,8.862046,-8.827206,17.728941,-3.068492,7.4691777,2.9608364,7.477235,-3.219353,8.410891,-0.17625356,4.699819,0.5145797,0.2813486,2622.933368626784,790.9654023646513,5084.5727714703235,1573.8097130253043,2176.795569116186,622.8180273729603,19.411283936930044,11.996452893438782,0.14905575539568344,0.06006254650390866,0.043599125,0.09364907,9.66
COVID-19,21ad6bc4-ecc4-4a22-b940-618bdd7ad20b.webm,-393.6718,169.28244,52.838757,58.219643,-17.763645,31.72452,-0.39773154,23.891975,-26.719551,29.02292,9.640398,16.11851,-8.681913,18.52209,-6.422482,12.346458,-11.04315,13.902977,-1.2114162,12.659859,-2.7100434,8.346539,-11.854413,15.080514,-0.16212296,7.5125375,0.4075923,0.31078303,2580.6951310203185,932.28458229048,4756.541695978969,1583.9875003200195,2021.7707983116957,449.02210931853057,21.442139864831105,14.294316614983277,0.2063647808056872,0.10030395936259796,0.044183422,0.083725296,9.78
COVID-19,8e40d48d-8f5d-4892-8103-451b2679283f.webm,-397.26776,150.21318,42.9505,51.038784,-23.270008,36.128616,23.007895,26.727468,-7.6114116,22.148998,-2.0206017,13.157736,-21.774813,23.114183,-7.999751,13.855658,-6.90718,10.53933,-11.496345,13.714889,-3.0421255,8.426282,-10.419206,10.801976,1.9146432,7.1757326,0.5171545,0.29843304,2601.761795952323,813.6245605930538,4768.334845776828,1359.7390963981625,1914.9079204892057,443.8821382328756,20.86488250657095,14.155194359611533,0.19111719671285377,0.08891287433525819,0.03470369,0.069545634,9.84
COVID-19,4ce78dd6-47b6-4228-b38c-2efc28908286.webm,-783.15314,187.27875,35.452168,56.391033,-15.111618,33.99426,16.17482,27.041216,-10.143844,20.07535,5.119514,13.600646,-8.797543,16.490137,-1.1974015,6.421824,0.40820074,7.6005173,0.07196895,5.4101467,-1.3232222,6.8561544,-6.0312057,11.048577,1.139831,6.721391,0.17010602,0.29353634,829.3513797804001,1217.250798224226,1660.6165319055945,2361.783709953552,700.2653776349301,985.8315185741852,14.980665630378377,10.292828590378148,0.06340827141608392,0.10120339607196185,0.0017065381,0.0038931284,3.3
COVID-19,7d1428e9-7241-482b-8dbd-95f43a57c694.webm,-393.15353,159.71248,60.054657,68.48994,-22.823708,46.86201,15.77032,28.207897,-3.1083663,27.187166,-2.6072712,20.836145,-13.660791,16.924746,-13.056577,22.986948,-11.652655,16.746416,-5.4823837,15.135816,0.8706223,15.514288,-10.063488,16.1516,-3.3215406,10.858538,0.3329,0.34325454,1639.098682221258,1237.2840261216888,2793.7355531465023,2159.5052419452963,1196.5464726194334,834.5970578104625,19.44042948338241,11.743623325465107,0.11906671086582568,0.0879969522696395,0.058372743,0.09005149,5.04
COVID-19,63f4e572-e693-4265-8b77-07f552fc63e9.webm,-418.42178,185.84007,75.992386,58.127247,-9.375179,39.354446,20.728363,21.385973,-14.206436,28.984863,12.603247,14.392225,-24.815863,26.030052,-0.114852294,11.4599,-3.5555122,9.434882,-1.2603388,9.097093,-1.3421377,13.853005,-6.8747926,11.138384,5.1853776,9.265625,0.30809537,0.32981476,1512.9638677564024,1116.9011952312098,3156.841830549569,2343.7530227392167,1490.9415870698128,874.0505140711903,19.441312596835083,14.278763734783961,0.08015389278017242,0.07820445271858162,0.029407827,0.04913296,4.02
COVID-19,bed70f24-2c60-43d7-bb35-5e1bbfbfcda3.webm,-529.4367,122.15201,10.830867,34.62916,-6.3299265,29.90318,3.4438841,12.88939,-3.0781116,13.400278,0.3459071,5.79435,-3.5087528,10.654122,-1.8625224,5.599947,-2.2153199,6.976867,-1.0352293,4.110755,0.054798447,3.6819057,-1.9130174,7.4135914,0.3384738,4.0022626,0.16054292,0.295014,1094.6146674031722,1580.2888219293272,2089.990349535672,2978.8307881558544,923.006474390629,1232.6017985269164,16.91083610941893,6.811876864760523,0.05846361844044811,0.1063206411492613,0.017162105,0.06912024,9.84
COVID-19,c30815f6-6822-4301-94e7-e0a486141137.webm,-686.2802,162.32188,35.49352,67.32897,-11.754743,35.36202,11.592368,19.697962,-0.4034262,16.398382,10.135314,16.305334,1.4422104,7.649335,-0.6503063,9.217374,-6.5201507,14.102153,-0.38429546,5.951231,2.6349237,5.1918225,-4.5805535,9.985733,-2.8059676,8.559195,0.3539991,0.3661278,1584.687683273678,1554.178144206237,2956.6818237304688,2783.582695181283,1304.2544824582296,1140.5595958608535,16.07199864643054,11.431645998071872,0.08452497209821429,0.09558508256977999,0.0039720703,0.009963809,2.58
COVID-19,733b0db4-aec3-4afa-a7fc-7e29e0c9403c.webm,-396.63013,189.77267,65.35119,48.762142,0.7395162,28.640211,27.995079,28.158709,-8.736395,32.401485,18.300497,17.56187,-7.6769013,18.143202,-2.2822082,12.253502,-12.383712,15.255531,-7.9286127,10.551558,0.4558323,11.676619,-8.729464,10.228355,-4.8132887,11.337039,0.3809206,0.3184679,1911.3438568754227,874.0924693695146,4054.943079381556,1461.615524450252,1943.2442653926073,343.61516338139603,20.837884045075327,12.954376393817478,0.10728643101689976,0.08387053890292047,0.047025744,0.08689038,9.96
COVID-19,4f6c6fa4-e708-4c9a-ac8a-7137a4a60093.webm,-430.84866,150.71236,53.284615,53.120796,-19.504208,38.462208,8.832348,20.063473,-12.565782,22.425747,5.9934554,20.888084,-11.437563,19.495205,-15.264485,17.315134,0.9525483,10.842227,-0.4119672,12.207594,-3.8506494,11.293407,-4.175895,9.241097,3.624312,9.291771,0.34087148,0.31841177,1883.9668986431277,907.3839193226994,3579.5738202006264,1647.887435145797,1605.537516194059,647.6798234114817,20.558474825200985,11.496044366929306,0.131775339349642,0.08360189815136236,0.031998355,0.062307965,9.72
COVID-19,d57e15cf-e837-4e9e-a777-c3ee24fcb72b.webm,-559.178,159.26686,29.838139,44.33744,-9.194909,27.494165,7.3040257,21.310713,-4.950624,19.628633,8.15005,16.224018,-12.0252695,21.836813,0.7477272,7.445842,-4.6938953,10.37663,-3.3798077,7.7257524,1.5918295,6.395494,-2.2993464,5.6694665,-1.1386861,6.8113227,0.31776577,0.34296203,1968.6602073683682,1864.267445933445,3625.389692720764,3173.29909188388,1456.8287014835603,1167.2175690878669,15.426058884135072,12.037557362178717,0.11639389730011933,0.141567361748226,0.010144013,0.028166048,9.72
COVID-19,a664172f-6df4-44db-bfd4-c735f1edc3e6.webm,-383.3195,217.77774,34.344666,44.839085,-38.18131,48.630196,18.587255,26.484789,-27.369438,33.93118,8.377284,19.007883,-18.565298,20.595499,-10.562513,13.960942,-5.4099483,9.922076,3.9553404,10.017424,-1.1701432,7.642782,-9.713108,12.938893,6.999844,10.91223,0.45468667,0.30182907,3082.0163947039714,746.8682040560471,5612.382930158133,1256.3127543913868,2224.4191786068286,526.6727413439485,20.952716488844935,14.174964556078542,0.2493234657379518,0.10111466150562343,0.070211194,0.13417952,3.84
COVID-19,6d941efe-43f9-4a64-8172-58cbb20400ab.webm,-533.48816,127.15087,27.232582,53.389812,-10.747326,35.81087,0.41205466,13.540939,-2.152127,13.452345,0.2392335,8.248311,-4.345413,10.184515,-2.376473,10.704387,-1.8185335,7.27966,-0.9009162,9.765407,-1.4369804,7.6400604,-3.9202979,9.311862,-1.4025526,5.3790054,0.25557083,0.34343398,1213.4863704472614,1306.5511854969195,2384.4195469860783,2614.3478648684727,1141.4636211941536,1152.4211655670608,18.272904438915358,9.536352151782724,0.06662377813981042,0.07848865877305776,0.01285055,0.036480717,9.78
COVID-19,ee899936-5701-4a8f-a3ab-f3292554a148.webm,-385.261,157.67668,73.950516,69.09287,-7.994051,39.469128,2.7862186,18.023926,-18.76946,26.253736,9.164564,23.164623,-15.247856,23.49546,-15.4188385,20.011469,-7.947452,13.906219,-5.3331094,12.09115,-3.9098516,11.857185,-7.1329436,11.349207,-2.7574797,9.482304,0.36598474,0.3157608,1876.7078282951459,936.0429041289511,3415.9582749852593,1827.3026665585535,1639.9464152516873,559.5175636047389,22.05364949482941,12.792529623332868,0.13692719081662735,0.09327258221077664,0.04657188,0.0708264,9.84
COVID-19,4b910657-348b-4a87-bf93-257fd2081cfa.webm,-402.98056,201.19803,3.724902,37.023064,-17.400192,32.130722,-2.4832618,26.345016,-6.247727,20.640678,10.469485,15.693408,-4.779181,16.843185,-7.94498,18.829151,2.3348923,14.360712,-6.6480083,15.176961,-7.4667673,14.451732,-3.546131,10.552832,-2.004298,10.841246,0.40831587,0.3061715,4253.3798147773,1070.0833241909484,7575.847663079108,1510.3135696242598,2768.5709120013767,394.80311331411065,20.829989700227188,11.541935232725782,0.30682273455710957,0.11279816517366548,0.041044686,0.08212971,9.96
COVID-19,099f9c59-3206-438d-8fd5-be59c5337afa.webm,-282.56396,202.75093,58.80004,39.72381,-55.03428,45.011814,11.225342,31.084198,-44.04936,33.358067,8.193022,17.985456,-31.317726,19.628004,-6.6712275,18.42786,-11.977665,20.068445,-6.1684284,13.830218,-4.1324644,10.618247,-8.87114,14.889203,1.7603837,8.07458,0.39598942,0.3183964,2537.8244946670147,991.976978602501,4524.3487338362065,1713.521008986072,1737.617325846942,538.2179477982329,22.126687476339676,15.966952932306839,0.1775188577586207,0.08341520361802048,0.09191092,0.13558753,3.36
COVID-19,b0965b9a-b850-4a1b-81eb-a23ee06f9a63.webm,-374.3899,123.712296,37.930546,30.796402,-32.348763,22.938839,20.786188,15.6729965,-40.545097,25.263144,29.401667,13.388338,-20.765293,14.650587,-3.825994,7.8961477,4.9332695,8.417708,-14.0994215,8.663802,-6.124586,6.4230757,-18.326508,7.6761165,0.32177043,5.368439,0.39199874,0.2797821,3587.98596302422,394.52163732482927,5856.015532871463,322.82203710567967,2047.0212372474653,91.95386568756268,22.796212636988876,16.496841991703846,0.33938771373820753,0.04681787759630097,0.024887607,0.051699493,9.84
COVID-19,51a2865a-4a0c-4592-9e39-1256f1cbe401.webm,-400.55835,116.17423,39.526596,42.211594,-6.5355496,29.36732,1.6110712,16.235416,-17.468197,22.413143,-6.271588,17.490149,-20.401028,21.19561,-12.390083,14.053759,-10.809982,12.467257,-6.9403443,10.034888,-1.1938562,8.957949,-1.40258,10.154973,1.5295931,10.075472,0.31715506,0.328429,2088.5938926457634,1330.399760001418,3797.0738765967153,2391.0456545198585,1678.2463769475348,737.7484792736975,21.69400564936429,12.994483213336768,0.11667545810523114,0.08660723896310697,0.033939008,0.080844745,9.54
COVID-19,2e4d87d7-b9de-43c0-ae02-8bc985788b59.webm,-507.80518,178.66383,72.47188,60.14634,-67.91222,59.05042,20.669764,27.44895,-22.866192,29.036118,-27.550062,28.900265,-19.914053,20.20488,-21.333326,21.686232,-6.09536,15.4756365,-4.3284187,14.745353,-0.2071217,9.055794,2.084633,14.912035,5.1464877,9.788304,0.28329322,0.322578,1751.9137477177442,1207.5401182961066,3135.724119331002,2033.6818260778718,1223.8964837672208,768.8062093615505,19.811670696089067,12.369193553535188,0.12850963165613719,0.11191881135312078,0.014266403,0.015704533,6.42
COVID-19,dac0608a-4e84-4a7c-a35d-6ce79180e513.webm,-323.62054,163.35945,97.603065,28.947111,-11.075563,32.92563,-4.28972,28.305483,-37.177086,20.873285,-13.016009,27.206266,-24.809698,17.182365,-9.447843,16.819447,-13.333591,21.887642,-9.176923,12.85216,-10.738878,7.7875996,-6.834436,12.780779,-2.0596986,16.308796,0.20010076,0.30760413,1396.1019427290744,462.9178952795661,2507.7451963682433,1416.2002855572684,1359.1483867593174,452.63263737736173,23.541530120586813,13.046140300361527,0.08060929581925676,0.033322067770695726,0.104825884,0.1199143,3.42
COVID-19,0238baa4-fba3-4d4e-a049-b97d2ec223ac.webm,-345.77222,150.05347,73.83956,63.194485,-25.944328,42.469204,20.24227,29.866116,0.4298974,25.162792,1.1835923,16.80136,-8.452708,18.376888,-17.825748,19.208532,-11.197026,15.5739355,-5.7181253,12.771098,-5.341443,11.9901495,-10.89305,11.263167,-0.89429003,13.588566,0.34114465,0.31927904,1655.4908864407857,771.289085675055,2989.9289370152146,1476.0639180031721,1421.35790102836,514.7296943950529,22.733172110576824,11.009343990933141,0.1171443820853222,0.06781627812911571,0.06488627,0.09549247,9.72
COVID-19,7dc5b3de-2746-46b1-80c4-a73288f37773.webm,-429.4228,158.21152,70.59038,47.15008,0.004826811,31.502363,6.225075,43.708084,-22.736338,23.148148,-6.2407036,22.948517,-17.748632,16.78804,7.2782235,13.930003,-7.5892215,20.58562,2.5579057,13.188381,3.4824848,9.832474,-1.8349414,9.366593,-4.4352455,10.047138,0.34752673,0.321318,2148.228374193255,1143.1481626712034,4159.626565520296,2198.9519817849605,1914.4592631024257,635.0084041987035,23.03913071004607,14.262463358416696,0.14117872100515463,0.10274836705513153,0.031961318,0.06599977,4.5
COVID-19,b57e5d14-8c3a-415b-89a6-79befe87330c.webm,-509.36182,97.89729,29.470373,35.761642,8.733315,20.682241,8.70008,17.359081,-7.157305,14.81756,-3.726947,16.759289,-13.812688,13.75381,-7.7871323,12.35842,-8.838056,9.858624,-3.2141747,8.70089,-3.0047598,7.6567993,-3.411618,7.391014,-0.008689005,6.310978,0.3711998,0.32766795,2425.532188950072,1162.1393936878671,4610.324346823771,1985.221791747935,2124.3611209164483,445.2710842639812,20.96847074016897,13.257219016142665,0.16225117096018735,0.12710358407502637,0.011084808,0.042237915,9.9
COVID-19,0c35e382-31cd-42cb-bc87-8a84b9c52a41.webm,-347.41138,225.67311,54.678307,52.6592,-33.815372,40.924873,16.7235,23.661346,-21.217646,28.04644,11.545654,17.0987,-18.637987,21.459429,-4.9999332,13.103884,-20.463785,23.319365,-1.3574771,8.693443,-5.575582,8.604455,-14.049377,15.021195,2.9107714,9.7294035,0.43765205,0.336604,2390.2069970951075,1288.7711947079888,4519.517115542763,1878.666314370333,1920.2897861846968,696.1348260336366,20.246826346434606,14.683095301414404,0.14929841694078946,0.090901088061649,0.07334752,0.09771474,2.64
COVID-19,450dbdc0-e479-43a2-b3d2-8e51b8253649.webm,-412.0759,213.84673,74.158905,82.09027,-30.522747,49.666878,9.443171,19.955029,-12.689602,22.135368,1.0337973,14.66175,-9.606845,14.505727,-8.153484,12.481744,-8.233613,14.056692,-3.540867,9.652714,1.0843748,8.845038,-4.2564764,13.773462,2.4877188,9.486915,0.36177117,0.31787696,1898.413162978592,784.7994183573787,3516.7120682565787,1502.9547561829115,1690.0434687809593,575.4150733397923,20.48398454803794,11.382634140298384,0.11852813185307018,0.053116642888236386,0.06861791,0.09707917,2.64
COVID-19,fee168b1-58b4-45ba-b2aa-f30d13e4af2f.webm,-845.3963,94.13262,9.80991,35.907185,1.7918873,7.4100666,0.4164402,11.387349,-3.660706,17.497826,2.7328913,14.005768,-1.6966498,8.347929,1.2471313,8.357265,-1.959288,8.839531,-1.1794951,5.363807,-0.90938205,5.811039,1.1619256,5.7411156,-0.07914332,1.8038826,0.0642586,0.2108312,290.696544797278,922.3327031476989,616.8054985829356,1904.9382872571393,281.6365880056079,810.4153845432697,13.023378505326571,5.790705028372253,0.01693951372315036,0.05805650485045299,0.00051637524,0.0022147805,9.72
COVID-19,e4729edf-12e5-4ba9-883e-1114c32b90f0.webm,-374.75095,196.09883,58.182537,61.295437,-11.117445,29.735321,9.288926,18.719513,-13.14226,21.883549,19.527784,22.589956,-13.758289,19.686834,-6.080534,15.922,-19.767212,21.880232,-3.9733613,12.165542,-0.113734,11.856273,-7.1689334,10.904696,-0.038690835,9.758512,0.3410094,0.3486582,1790.091733647677,1448.9830087476519,3484.0098505434785,2733.7484455777117,1593.721185315564,964.9013850015103,19.370038865633404,14.214333349246052,0.1101463428442029,0.11348219616071697,0.06360277,0.1038379,4.8
COVID-19,306ec0c0-fb62-4471-a2d7-d05b752a7268.webm,-429.18042,143.20067,59.606544,64.31436,5.427919,32.732803,7.708923,14.422363,0.27499837,15.312091,4.561278,11.663597,-6.089294,10.69002,-5.5592,12.479074,-10.807934,12.069762,-1.3813688,7.662836,-1.6159075,6.8736434,-6.1611714,10.059394,-1.5464752,6.480644,0.45534846,0.2988441,1175.2327859162574,610.1369255269003,2075.169635641164,1422.0563342912067,1479.8489815443918,530.2076404980982,20.43229011077564,11.513250927568354,0.06929384428879311,0.039269605673929904,0.03459936,0.076214634,4.02
COVID-19,5d9a4162-3ef3-465b-adf7-88320b85343c.webm,-439.16263,162.39366,53.394432,73.40512,-26.632938,46.008007,-8.164659,20.239485,-7.9798512,21.52826,11.010794,20.323513,-10.811926,17.563398,-12.885428,17.763483,0.9350033,9.300408,-12.922158,19.9003,-0.87971985,8.05785,-2.8479285,10.062167,-3.2074115,7.347518,0.45186856,0.30965805,2395.827234225557,888.8456939974353,4309.817654969263,1666.3301703793513,1873.4144960166507,571.1841540535894,19.796104306142777,10.609619395625733,0.2046390149297424,0.09728069674201652,0.03531157,0.069284685,9.9
COVID-19,9e0490ff-2444-488a-8c01-400b958c9875.webm,-403.8932,202.42177,33.785652,52.143616,-13.800569,34.684177,16.368204,31.233585,-10.265201,29.840557,18.668161,28.534143,-6.949423,19.55389,3.0832844,14.566001,-1.6897894,11.688094,1.956287,10.855801,0.67686117,11.31749,-5.9256935,12.006231,0.5101067,10.750243,0.25175244,0.34190434,1342.4410002511513,1579.5051900370242,2508.3060886548915,2778.823544536525,1055.128164831234,1035.5352209692537,15.204501373292418,12.700312625105944,0.08202181461352658,0.11395820362923331,0.06810674,0.12186365,9.6
COVID-19,e73d5a4e-b7cc-416b-8103-8aabacf3b8fe.webm,-587.7755,126.42914,47.472073,58.130745,8.375429,16.251627,13.437847,16.957167,-7.0975304,16.062738,2.5816019,13.83136,-9.075796,12.361052,-10.252561,14.20461,-10.343169,12.878408,-5.6461706,7.6664734,-4.61604,7.4153037,-8.494937,11.357574,-2.1345205,6.021917,0.5184829,0.2907652,2582.352144675039,1024.1520513221055,5003.116624372719,1733.1676351642834,2190.770532530259,504.26018940281324,19.59269200642826,13.326668514314672,0.17796841735097324,0.08522724216804384,0.0069766236,0.015490924,9.54
COVID-19,6c7893ac-4ca9-47af-8a91-fd0926dd7f39.webm,-548.899,148.62216,19.19387,39.536777,-8.449961,21.152246,6.62544,19.797,-10.86382,25.843325,0.72553,7.354269,-7.114004,16.7327,-3.1730978,9.951177,-3.7383025,8.696506,-1.8424562,7.278087,-2.3767812,5.455747,-1.0268085,5.4342046,1.2241762,7.7407036,0.12774457,0.2561513,832.1245852779327,1430.5301691124516,1468.7032112358293,2405.5326371900433,580.019005190734,917.2724932553981,14.045567136911204,9.307735729759457,0.0530606727326969,0.09202823032577545,0.011649634,0.037025973,9.72
COVID-19,937c5f4d-2d0e-41c5-af52-9dfbdb4014f2.webm,-342.80954,181.06796,42.010406,51.438313,-39.77602,71.517624,10.169879,29.295973,-26.186462,32.51436,1.8326162,16.998024,-18.36054,24.42831,-5.212687,14.39134,-16.844112,17.56265,-8.526495,11.325075,-7.6596413,12.371356,-8.271824,11.401968,-0.5086963,11.395549,0.36490506,0.32834703,2224.532359026258,1187.2751424708194,3922.5365562776547,2089.9146569564077,1714.4734547168164,704.256277140245,21.998785183423283,13.680330310477002,0.1992086674963127,0.18173572731664484,0.06786393,0.09156371,7.86
COVID-19,b5314535-17c1-407c-9028-f6c63f83e362.webm,-377.1829,172.02559,70.876495,64.120926,-19.725002,43.274353,19.163818,23.211096,-19.143824,30.233229,-0.28566942,14.022414,-10.030037,15.731102,-11.813847,14.424291,-8.27275,11.188937,-13.205602,11.344452,-5.4527683,11.425741,-11.677057,12.9071245,-11.174603,11.207234,0.33509326,0.3006254,1968.2777200556127,830.6417940117793,3769.0669825819673,1346.258300272531,1675.7153676657833,420.8623493655493,22.176483270932078,12.083480290243969,0.11851969591627634,0.07765423445504127,0.053786423,0.090225324,9.9
COVID-19,7117304a-e59b-42c9-bea9-3c6f17b0d30e.webm,-479.9335,167.71411,50.92856,64.865486,-24.825031,51.279644,3.5442128,26.599102,-1.5560417,14.283825,0.17293935,13.216881,-0.20841046,12.3655,-4.6115766,11.726787,-6.9862905,10.971959,-3.167343,10.731102,-2.2562249,8.94266,-8.068507,12.181496,-1.4979805,10.757009,0.3676616,0.31851658,2142.956149242621,705.9273622631035,4010.804364321043,1545.1751653375761,1853.0322375323908,653.1010585330145,20.01400381110155,10.712288823334024,0.12734538931354916,0.04809345407033804,0.030327482,0.06498915,9.66
COVID-19,7a985f89-ed5d-41e2-9f5d-8d8982508665.webm,-592.8484,187.86827,41.83783,47.164806,-19.47011,34.76617,16.102846,22.896832,-20.502214,29.04112,6.7796993,15.477629,-17.15891,22.349438,8.431149,13.391841,-13.271491,18.528788,9.193682,10.74538,-0.036399126,12.448866,-7.124607,11.162605,6.931104,12.079911,0.511784,0.2979765,3452.282473675726,890.9399558374105,6495.79077548668,1226.1608829421837,2513.3911233900817,416.7001774806938,21.065818871510555,15.980325057722723,0.3932779566744731,0.20020046780419573,0.0051522413,0.010560618,9.9
COVID-19,ab228702-1c84-4514-8ea9-7a207b1919c9.webm,-425.66342,175.50966,48.52391,63.033363,-28.238735,40.27999,12.087037,22.734268,-13.586416,23.57663,5.0371857,16.58631,-3.0620456,13.109446,-3.0490189,11.659284,-7.728106,12.55901,-6.0604925,12.102941,-2.9169912,10.304689,-6.752441,11.730658,-0.2197108,11.250561,0.31212527,0.33069548,1969.5598243671668,1498.9796061479099,3432.7854825422096,2558.8477139044826,1422.9486398090075,926.4412638266508,18.565530017839453,12.730053877651159,0.13375550762736968,0.11369177528340173,0.0354756,0.06091285,9.78
COVID-19,ee42cab8-6560-49b4-bb5e-bdeaa8f99751.webm,-470.7223,149.36137,26.574577,42.53121,-10.158403,29.197834,17.588146,34.951317,-4.064733,21.639868,1.553737,14.186809,-13.241264,22.06016,-4.681414,14.447539,-1.9393984,12.864446,-1.417972,10.140581,-2.2776325,8.48721,-6.838775,11.859742,-6.0514007,13.012254,0.20230271,0.29598436,1359.4548543612884,1525.052125411801,2490.7161496720223,2735.5892532535795,989.0169483904307,1041.4612343665008,18.10399564004545,11.570554537220481,0.10210836158608491,0.12572621893065136,0.02099893,0.04548923,9.84
COVID-19,af89b4c6-a942-4dbd-9efb-cc0ae79a9acf.webm,-541.9109,131.48102,14.341355,41.258846,-6.4588656,22.328194,2.9120574,11.944963,-4.903068,16.801828,2.6753297,10.722125,-1.6149257,7.637622,-0.06564389,5.40642,-1.8941432,7.397077,0.14722633,4.0941367,0.38477525,4.878783,-1.0659379,7.7396245,0.5449496,4.4843807,0.108792156,0.2525914,497.510921313146,1133.2067149313634,991.726467620705,2142.86265347426,458.17765808737187,934.2676898255597,15.26172821765027,6.717413451932039,0.020130609449052133,0.04768611235904042,0.01313475,0.046182264,9.78
COVID-19,774bafb8-5d1c-42c5-a0a8-91ba0a85a04b.webm,-552.8967,111.88167,24.80729,41.60295,3.994544,13.101724,2.9288096,11.0866375,-2.4788446,14.526305,4.3454084,13.546975,-2.0021987,7.379653,-4.8416853,8.019479,-7.4642963,10.733072,-4.214344,8.398334,-3.949869,7.5967946,-4.2331223,6.6687617,-1.9314021,6.1323724,0.29761392,0.3032885,2227.254255856711,708.109636443604,4663.446841032609,1427.8215191838312,2263.779531182441,375.8837007301961,20.687624496006233,10.478411206158233,0.1099965560839372,0.05677855206486738,0.010796921,0.0443072,9.6
COVID-19,9050e7a5-bff7-4bb5-ad53-2a6208dfaede.webm,-563.82263,176.41478,66.946556,53.053555,3.6381059,42.031445,23.690205,25.44047,0.17105107,23.918245,20.711035,20.989876,-14.124889,17.696262,-3.5978363,15.631137,-14.079804,17.24982,-6.430824,13.6824465,-8.039186,11.9977665,-15.885899,10.174065,-10.517817,11.369392,0.32807672,0.32767215,2132.6437059933833,1363.2022688508532,3975.2617575905538,2141.7457496094735,1924.6567910604224,542.056843396563,23.413043420621023,14.093291207709484,0.13535378196022727,0.12234235177216944,0.00973832,0.018370112,4.08
COVID-19,637d6498-1d52-4860-9976-5a7a94f2a0c3.webm,-462.31924,197.835,82.5278,75.17461,-15.473651,37.421272,4.18415,17.38143,-21.715462,34.926754,5.0177107,15.663117,-1.3948169,11.672723,2.9789028,10.531682,-6.858076,16.929184,-2.9864209,9.8309355,2.5083845,6.742894,-1.843689,7.8075147,3.7881262,8.465069,0.5508333,0.2761069,1990.5273359508008,946.605459428567,3863.1785266804245,2004.3116088641282,1888.927609497614,654.6116610455053,19.489204128038736,12.857848230979085,0.2099620891067217,0.22116800552999152,0.030323902,0.06052494,9.84
COVID-19,707d9dbf-1621-4eac-a157-1393de750d7b.webm,-384.85437,182.56169,78.887184,85.875114,-14.335842,28.31173,-3.7314322,21.201881,-15.585678,20.466286,6.64451,19.376602,-5.4354477,15.859364,-2.6119697,10.869927,-7.9796276,13.631847,-10.167517,15.960949,-4.8366456,12.768075,-4.1527514,11.732898,2.5198221,10.0056305,0.31059018,0.3217807,1936.2389031737039,1008.6626933162072,3471.5890310861014,1865.5376187508543,1692.7511178997486,597.4273110284099,22.28000615338776,12.06123256717254,0.14791393502331002,0.0966620749585456,0.086128615,0.12361583,9.96
COVID-19,ffe0658f-bade-4654-ad79-40a468aabb03.webm,-363.73416,231.4354,50.749153,70.55919,-32.001793,48.893604,21.4073,28.971647,-20.107056,31.040989,12.319988,16.757698,-10.473678,19.831736,-0.4778856,9.332109,-7.1215196,11.902255,-2.5928898,8.169708,-1.3034608,6.179413,-5.7659492,7.320931,-2.6097264,8.578434,0.57973665,0.25080252,2842.864454545527,1000.8766658355208,5186.410812043796,1690.4578163543015,2075.5065656457423,613.8956576767563,19.640262527233237,13.14070993521457,0.25171670658454987,0.12729759516373018,0.092643805,0.17496131,9.54
COVID-19,2475fcc6-74d7-46b8-b35b-4f134d7d57bc.webm,-465.20724,147.21924,64.82091,69.37064,-4.0782485,32.39928,7.2570925,25.885138,-6.466211,22.241627,2.3544538,17.863586,-4.423971,13.2314625,-2.9835033,10.9052725,-1.8371594,9.291134,-2.8073912,8.852579,-1.2872548,8.966159,-3.291497,7.812481,-0.7394119,7.792527,0.4714863,0.29571858,2082.2454928356383,967.8441354737048,3910.284125054633,1823.321516711151,1789.1068282795297,626.6747262088722,20.351459994661415,11.9963516165181,0.14530976835664336,0.0876256400427374,0.020678157,0.056502752,9.96
COVID-19,94acf0cb-bd68-46e6-9055-95a8be6a43fa.webm,-484.16406,166.07718,16.319176,35.7147,-10.838409,36.908726,15.389489,26.627972,-11.189473,34.115223,12.011613,23.303677,-9.237216,20.423872,-10.72561,20.185135,-5.186381,13.540804,3.238665,10.281672,-0.85518396,6.388592,-4.9394655,11.299052,0.7758258,5.630683,0.23198861,0.34029305,1246.109609878022,1579.1680161512572,2179.615666316106,2623.1397271844226,931.1292881190677,1007.9126736850449,18.42209798738804,10.487612843673839,0.07812969501201923,0.11745876305056158,0.04190898,0.08776291,2.4
COVID-19,563a6cd6-55b0-4895-af02-87de034ae948.webm,-477.79044,159.8524,26.256054,52.32569,-7.2051973,20.62495,6.477016,18.982792,-6.947544,17.457739,8.026917,20.345446,-8.484735,18.000303,-4.832809,11.424404,-3.3744438,8.095721,-3.7301414,8.952357,0.29240787,4.6252503,-2.7707016,7.2973485,-0.08325145,5.586603,0.14879894,0.27927098,744.4791997660869,1326.1003688063968,1417.4409549948164,2385.6777316970565,620.9033842312084,964.9839630678078,12.424212180936479,9.754365759872043,0.042935195127369666,0.08114479437787216,0.02603156,0.063559264,9.78
COVID-19,d0a4cbf7-263d-49f1-978d-8cf767546e3c.webm,-455.20676,198.65948,53.512146,71.10769,-10.008907,26.436752,13.193835,23.84402,-15.228752,21.107748,14.222816,21.114101,-10.101903,18.13267,-1.4744886,11.2718725,-11.019519,16.003027,2.2264934,7.911174,3.665727,8.099705,-8.259356,11.518752,0.5862387,6.9890094,0.5848421,0.30477184,2954.453274461421,1253.1291596707088,5577.679543417008,1923.0957987324646,2295.3905924218398,552.3450693159028,18.30747792660652,13.289949201510442,0.30152453527517564,0.21159698516728476,0.030437965,0.052423935,9.9
COVID-19,d083e174-8f63-4f8a-9d37-68d64d972592.webm,-334.4722,157.06732,83.605865,61.915703,-19.17171,41.739025,23.64368,27.373055,-1.2592838,25.524265,5.1836677,26.71614,-10.501116,20.208054,-14.390126,17.381695,-10.257976,18.998363,-10.342134,23.411043,-1.4827334,12.552499,-9.698273,15.132638,-3.7027774,11.528725,0.32216012,0.31878746,1598.1167545098222,675.0129946283977,3000.423000169837,1330.5536123340796,1471.9427411948113,447.78275621670775,23.457805886660935,10.96950585391025,0.11585475166062802,0.07023303117139228,0.08610417,0.10068249,9.6
COVID-19,d4e4b900-939e-48e9-ad9f-bf9eee425303.webm,-432.84796,213.53824,47.860054,36.11102,-3.374465,36.941463,35.24411,24.563713,-23.446186,39.45548,22.700874,28.722708,-21.703321,24.631725,3.456348,17.298038,-15.509288,19.575321,3.6908174,10.0181675,-2.1599636,9.6316395,-6.580226,10.886978,-1.4384604,8.076458,0.4618373,0.29400676,3007.8814854192,999.980995865875,5568.140539461679,1215.2489064241333,2266.1962542518504,331.6013808468007,21.171517372886573,15.697029217901727,0.21695013115875914,0.13537710422096866,0.041621786,0.07773357,3.18
COVID-19,4c86e76d-0476-4016-b26d-00e3b8a0dc01.webm,-553.38007,107.860016,12.39636,38.326195,1.1198632,23.245758,4.531522,16.073307,0.49396923,12.249706,4.5239997,14.792811,-0.59632576,8.366257,2.2436402,8.129609,-1.2412888,6.555898,0.12959215,2.8915606,-0.07230808,2.835943,-0.4486659,2.9581983,0.3150458,4.047493,0.09884438,0.2537258,273.2584248256049,820.9907231940642,586.7542718824052,1725.853245742444,276.61620919115853,736.9959082513166,11.702407163328978,6.499274121977576,0.013802623296800948,0.0425887406842529,0.009655137,0.042510886,9.78
COVID-19,abe342aa-1acc-40d4-8b39-b2a81ed69512.webm,-383.63953,182.1102,36.615707,43.819817,-25.412064,33.787716,22.695917,31.462177,-18.834702,30.293886,1.2975374,16.571655,-19.04946,24.224022,-0.27051264,13.461905,-11.07539,15.116529,-6.6679535,13.530581,-2.058034,10.755729,-5.648948,10.31033,-3.8377485,11.525779,0.40871865,0.3417342,2674.966119673205,1319.4713996987537,4826.218446849081,2038.0261646335132,1916.6051805437048,726.9772614637018,20.02109830964314,14.647399979677864,0.18094291506220378,0.11851957694102477,0.043865494,0.06753025,9.78
COVID-19,95e40d65-5398-4dd8-bda8-5da98d06ed80.webm,-385.7644,189.92574,86.94598,62.387222,-23.517311,51.49901,13.144748,28.250874,-4.471411,26.243114,1.9304764,21.2178,-24.452702,26.853813,-5.7247844,13.522705,-3.8855815,12.011427,0.97731036,13.381591,-5.5856543,10.884686,-12.422753,12.660966,2.436248,11.447773,0.37537852,0.3249548,1694.316924982911,772.6785423959868,3002.3368527536436,1502.901666727481,1565.7855602479274,459.44659232298136,22.89345278081042,13.236512984572508,0.1009275154147982,0.05447266191394779,0.064224005,0.09075756,5.16
COVID-19,17aa763f-badc-46f6-a5bd-db9cbdd385ab.webm,-350.7832,130.99474,84.83778,66.494965,-19.842833,32.244385,5.052348,14.695284,-17.961983,21.313845,-2.381544,11.249636,-3.3448684,10.537076,-9.595573,11.791986,-9.1018715,9.408433,3.2555473,13.8145685,6.650121,12.358583,-13.6225815,13.832924,-3.0668602,7.3437347,0.44450927,0.29892564,1986.8526839164458,769.3333380644531,3561.282003150796,1425.4854432735638,1620.1604236526468,371.455602375778,21.38981627581877,13.372403499828337,0.1450702019457547,0.07670711361054627,0.036408633,0.053547353,9.84
COVID-19,58a3d924-98cd-426f-9b58-cb6240b7d044.webm,-500.93173,157.61253,22.766422,43.351524,-6.3308277,27.809992,9.648804,16.942614,-6.217587,22.096367,7.362082,13.6018915,-4.810962,13.773622,2.2923143,8.315925,-2.5735247,8.905568,-1.4259337,5.485537,-0.87446386,4.8482757,-2.7467015,6.9494934,-0.3380725,5.1211596,0.573645,0.2674652,3001.150106536739,848.4200854292449,5667.072258795892,1154.4284149654752,2348.926677441066,369.327053459338,18.61299838444493,12.783623226577067,0.2364100743006993,0.1050570827552179,0.019560425,0.06374249,9.96
COVID-19,4ff82172-fda0-453c-80f2-1cf5aaffa8f1.webm,-488.58585,132.03267,26.875885,48.145977,-7.138455,34.674202,3.848188,14.404657,-2.5727801,11.861956,-1.9235741,11.295019,-4.160553,9.065671,-3.2038393,8.970332,-4.877467,8.5088825,-4.445489,8.209986,-3.1208029,6.2252536,-1.6983995,5.4244223,-0.19496958,5.7490096,0.42531502,0.3275855,2474.6895177865727,1158.3934977398262,4866.658081928699,2444.849225396338,2262.3229778565,753.0120896889558,17.909996098869627,9.377948581572639,0.30050156622911695,0.22920957320324636,0.021196434,0.07405976,9.72
COVID-19,4eab6d7e-32c1-4a7f-be8c-b1cbcffe2420.webm,-157.59268,171.97842,103.10428,49.72184,-47.260048,39.13222,18.763527,26.524343,-31.40639,28.714207,29.992617,20.2754,-25.687222,23.393555,-4.31228,13.879088,-14.198839,14.580845,-7.204053,12.836856,0.91097957,12.567972,-10.480952,12.119149,-5.5084615,9.809687,0.4162882,0.30590895,1981.5933948926472,703.9062438069799,3875.5208333333335,1389.3919880222593,1737.9837737708272,320.5029700579596,22.788794650627707,15.914732284116518,0.13062427662037038,0.06982073351594231,0.1981085,0.18553908,4.38
COVID-19,f6dc7637-6214-4f47-9063-3cbfb8b3b519.webm,-478.70364,124.870636,19.040445,47.40656,-11.872039,24.435291,0.46910506,13.432009,-8.457228,18.56111,2.428107,12.563719,-5.590565,17.49006,-4.4431868,10.003096,-2.4858537,9.426417,-3.5534139,8.688314,-1.0082319,6.3416376,-0.10097329,5.622539,-0.20598951,5.105355,0.52563274,0.30890587,3254.060908551116,869.9143034327386,5931.376929983709,1721.429598170802,2340.519242710092,627.5969332965152,18.764954559950414,11.111626573058425,0.4314369816350711,0.25583491935666186,0.0186855,0.059844144,9.78
COVID-19,d5e56f55-97a1-417d-a724-04d6ef10830e.webm,-350.84497,172.2687,94.28874,49.269638,-19.902594,35.15146,13.375269,20.369133,-11.818241,17.835028,5.5779247,16.444098,-12.467616,13.770546,-5.471237,10.100577,-5.444939,8.625216,3.3348594,8.138056,1.1606523,7.2224774,-12.457902,16.503239,0.39409962,6.297069,0.4028455,0.32566562,1868.037167715422,1240.779307776031,3465.4045044906497,2155.6116005767017,1635.7432110815214,636.1882322049411,20.966200528167374,14.154947022884295,0.08584138164370078,0.053588782082009234,0.044990208,0.07275448,2.94
COVID-19,fd849b72-f4bf-4852-9bc2-fd9becc9571e.webm,-485.27286,180.4645,33.718918,49.88523,-15.703602,31.361492,8.884877,18.218142,-16.264217,20.233171,10.420316,15.554892,-18.956764,20.642391,2.5771017,10.889504,-16.52417,25.815521,-1.4785167,7.6418643,-2.8054745,8.10179,-7.904076,11.239942,-0.6580933,6.72944,0.45501027,0.32397524,3509.5635058497255,1153.3389404225677,6489.910671795686,1210.9250076494054,2424.502910364615,439.62409901862776,19.870384994473596,14.607693965299537,0.3363712523794416,0.2287988754992701,0.02346113,0.054553274,4.56
COVID-19,13b55d58-ad6d-4cb4-933e-80622a4ff240.webm,-473.7428,196.87549,40.10668,66.80789,-33.78865,44.530678,10.705322,18.151793,-14.708653,25.364702,5.9721622,11.795702,-7.254203,16.00531,-5.205304,8.723337,-8.559108,12.429549,-6.0092683,9.381545,-4.873849,9.281029,-9.970035,13.966545,3.004485,6.3837547,0.5185898,0.28437892,2809.096514961692,1093.8643292371726,4855.89111328125,1825.5343591111891,1878.5964554559655,641.0151121999965,18.86639272777971,12.487165263753331,0.2499058314732143,0.13184989923317725,0.03421703,0.075204074,3.24
COVID-19,b7dc909a-c1e6-4c75-b312-060b1ff136e0.webm,-405.68774,182.83742,73.482605,44.50422,-21.263758,46.18772,15.881112,22.67675,-3.3637679,21.59242,7.9999614,15.115188,-16.176474,18.298471,-2.5728269,15.691506,-12.094085,17.69544,3.3445299,11.195027,-14.0167265,17.025393,-12.544187,12.0164795,-9.47292,11.330727,0.37016177,0.3229113,1963.0765128566645,845.1235777737697,3629.1980236560316,1734.3245730481915,1853.8196714739843,401.78666403076403,23.524987274185023,14.546746277830511,0.1251024366258741,0.083776521892746,0.027308667,0.035063483,9.96
COVID-19,84f7f9eb-ce07-4ace-8c02-d83360a25db4.webm,-373.19702,178.3139,63.142216,50.178635,-11.5106,43.449646,20.481192,26.399092,-25.977367,27.929907,7.020928,25.071686,-29.138653,23.202837,-7.343161,16.864931,-14.924935,13.20258,-10.805568,13.50569,0.1524215,13.519821,-2.2602189,10.244173,-1.778883,10.233359,0.33962873,0.3267484,2296.519870247082,1215.690710459487,4272.550589139344,2060.7851255409055,1883.2817788128668,543.7844829987639,23.434074785728082,14.949627098015165,0.18612091993559718,0.15150938113637444,0.044281438,0.06765517,9.9
COVID-19,314e4ee9-ee77-4abc-a5fb-4e52142c57a5.webm,-437.8506,122.70189,41.556465,55.08126,2.5980833,25.79223,16.014511,25.97355,-5.723728,21.832493,0.97728324,12.890233,-8.339485,18.168245,-8.668458,15.57838,-2.4014373,14.361564,-4.447011,12.509054,-5.711348,11.827543,-4.968308,11.361387,1.0678982,11.9659,0.34358242,0.32135072,2036.315462831052,1124.7056859226025,3836.6617644316825,2137.00550808346,1845.1015602361986,679.04206608339,22.09956940430042,10.421919008014923,0.17731368399463007,0.1457129335411735,0.029369827,0.07384616,9.72
COVID-19,a781fcbe-5f83-4a2d-89de-fbbbfa9c5e27.webm,-746.10693,197.51721,59.36537,54.424294,-38.372116,50.501034,20.815035,23.330166,-31.42828,33.667,4.4953938,11.179046,-12.438194,12.308269,-14.294076,16.349865,-5.3489475,10.424246,-8.525751,8.5124235,-0.52293533,5.254023,-3.6624086,8.730949,-6.693229,10.161835,0.26076078,0.3058056,1413.1308202436633,1283.5738678838927,2452.1407277960525,2155.7020793057295,1048.5842207645967,880.439818593045,19.48861401841694,10.404322360677341,0.10224780701754387,0.10949650030668001,0.001232435,0.002330943,1.32
COVID-19,36e4f76f-ebb6-45e4-b246-64c8fbb9e7db.webm,-363.58972,163.51944,45.589928,63.913754,-36.45041,53.424694,22.768269,38.80879,-32.267265,44.986393,11.210413,30.487719,-29.174692,27.565351,-15.464423,21.059544,-15.052508,24.009995,-7.5159416,20.475666,-16.137665,19.802504,-10.449872,14.880117,3.7189298,15.545755,0.38318875,0.32537124,2845.7640019471337,1340.3735874018262,4682.437884221312,1801.7024360501473,1713.9779008667415,541.2415281821105,24.24582540293213,15.124829829083787,0.2338375475702576,0.1258250944801148,0.046397023,0.06778466,9.9
COVID-19,7c9e1c0e-0141-4ffd-8874-9cb93c95c746.webm,-384.1141,177.83694,73.32932,58.314423,-22.057047,50.721054,16.618374,23.843016,-13.304013,32.615005,1.0696251,15.652467,-16.25875,15.106341,-13.3714,9.645538,-12.211792,9.692438,-12.515229,9.918641,-5.485358,9.494462,-14.773405,12.536936,-10.598195,9.6619425,0.37814143,0.303883,1777.8905302479882,697.4176937077314,3462.0297291239754,1304.5095598695514,1623.8361273550365,377.4034794226921,21.593371596593702,12.477565324001848,0.10643273382611242,0.06306447715920713,0.05302364,0.091088355,9.9
COVID-19,892ba9c4-bc94-49b2-97ce-01fa057a5386.webm,-301.58167,190.73465,61.252903,49.64579,-14.544025,39.237972,18.673967,21.073105,-19.498411,23.608505,18.981838,17.97047,-17.157011,19.574833,11.347834,18.170794,-11.762443,15.00354,10.718258,13.847491,-16.059818,16.740543,-4.3817153,10.476658,-4.1824927,11.480173,0.37836632,0.31349897,2958.004644867589,1341.2785660140833,5384.279563210227,1772.4359942292806,2222.7889615222844,422.9060150759158,24.26366023877319,16.790161114423828,0.21772221918706294,0.14151358936447714,0.05703618,0.058581512,9.96
COVID-19,0ebb8b25-3a7e-4018-81c6-c93c832fa769.webm,-501.58026,196.82625,34.34557,51.270065,-9.200995,31.218685,14.459959,22.55541,-11.092336,25.462742,9.181731,17.57323,-10.799523,19.621979,-1.134995,7.664493,-4.977603,8.539792,-6.760981,10.217318,-4.7548437,8.25151,-3.578426,6.444325,1.0901239,5.365431,0.5149528,0.28576577,2934.444007236127,938.9367459899165,5464.151864681604,1400.1655753828334,2284.8240005373036,480.74504300791085,19.325184133434014,12.157674413202773,0.28756541126179247,0.17007121735740402,0.026224345,0.061431825,9.84
COVID-19,120e6cbb-dff8-48c1-ae81-6d94106a7997.webm,-569.46356,115.85494,15.246326,36.974262,-9.331027,24.415854,1.1904411,17.03649,-2.0645087,10.898657,5.4294844,12.296995,-4.154108,10.64382,-0.14851889,7.28452,-2.058733,9.561596,-1.8282067,6.302231,0.46187186,5.347886,-0.75806457,7.7747936,1.0569347,4.7264276,0.16590767,0.29456013,893.4785886429288,1424.6861584401627,1728.0140375074052,2613.326931955508,718.6963679501692,1051.2345820011872,15.577295976805482,9.062789983425354,0.04996667654028436,0.08573562319537811,0.005843932,0.021684729,9.78
COVID-19,23180623-c32f-4fa7-85db-2aaf72438824.webm,-423.01172,187.86903,32.07511,52.413322,-24.463099,42.774433,3.9204726,12.369522,-8.511683,21.651775,7.501801,17.407871,-12.343771,21.460405,-3.2009165,8.829687,-8.57559,15.305104,-4.8863897,10.775044,-6.600621,12.58904,-2.5720742,7.644501,3.2380128,8.316067,0.1492292,0.27102396,927.6081974700594,1301.037297536173,1661.2065816097122,2347.3915472758454,686.4337294181222,905.3211133671523,18.313358748167627,10.923271950614668,0.06402339066247002,0.09205486008934687,0.048248466,0.08874296,9.66
COVID-19,5c53c446-4d42-4dcf-9a2a-3c8c4a7682e1.webm,-462.94785,118.19537,37.92516,46.107708,-0.65195423,21.433233,3.2223687,25.074232,-16.763283,21.226076,-2.5489967,20.048775,-11.824418,15.060503,-18.11352,17.20979,-5.2139764,9.943912,-4.147573,9.461753,0.56031096,8.845082,1.2709787,10.938296,2.421947,9.039081,0.35288858,0.32185155,2354.428755447788,1117.9145229625262,4353.161420978484,2116.2612735400353,1926.5120400282499,673.8693699235624,20.218510150466507,10.252618437095006,0.20887574099824355,0.17132937187901298,0.016354369,0.05004935,9.9
COVID-19,d3286759-ac00-4bf6-99ba-5bdc67ad5774.webm,-483.55533,127.767006,29.718765,42.23481,-12.447726,36.629013,10.341741,23.463717,-8.312766,14.489484,0.63364244,12.149395,-5.3429694,10.579768,-4.200086,10.213293,-1.9453399,8.069534,-6.1263857,10.7178545,-2.2669582,7.039285,-5.002489,9.172621,-3.2407615,6.9707894,0.44114324,0.33855695,2653.6884080216055,1311.8436850891774,5074.570455761002,2386.3476538973855,2049.4570351849484,919.4789972496134,18.049110035746814,11.706775016131427,0.27190580111552565,0.2334589413625652,0.01881529,0.051416285,9.48
COVID-19,d2728113-e256-436c-a7be-b3e846ada715.webm,-466.1778,223.44118,25.40946,31.347769,-14.835097,36.387115,20.322186,22.976118,-26.116388,36.74877,13.444782,18.277733,-29.21758,36.926678,9.719563,12.968715,-14.222238,20.07837,-0.36849824,8.964315,-1.1908586,8.272873,-1.5138547,8.035972,1.3434119,7.5703883,0.44418555,0.30219302,3678.9500486708125,996.0872895585298,6569.788278345725,978.838459316502,2543.8338453492165,371.689309930261,20.787776256856617,15.930991319398593,0.359184406947026,0.16656565061016013,0.03992972,0.07856989,6.24
COVID-19,aa78817e-f5e3-470b-b516-6006c59fb1fa.webm,-506.39368,185.66566,22.116058,40.858677,-22.926712,35.719704,11.688838,28.783302,-17.76576,32.046215,16.495207,32.943813,-12.578024,21.42289,1.8613932,12.025027,-6.8316755,12.618172,-3.9724088,11.219693,-5.7553663,13.961617,-7.386889,12.353875,0.5176457,8.494542,0.2879576,0.33206943,2549.3045552080603,1993.5951737341277,4216.221343493852,3077.1031977882662,1509.562035528548,1073.7467760172237,17.340691453069603,14.506107360753889,0.1648652480971897,0.15404606367748566,0.021367352,0.043867383,9.9
COVID-19,ecbf28e8-bb61-4a27-bd9a-1f5fd8c332d1.webm,-420.75827,182.15398,54.62016,50.669056,-11.12997,28.164818,4.6430583,18.482431,-22.47192,27.935707,11.718302,19.540482,-17.947165,21.550875,-7.939508,13.358075,-16.634108,15.766788,-2.0464916,8.703856,0.7395409,7.1537857,-6.8767037,8.893688,-1.0324062,9.443388,0.4196357,0.30291504,2617.4739843466573,896.4952102608538,5235.947105532787,1246.9394217788793,2155.181990772319,342.58963774155194,21.79475831452491,14.620951900522808,0.1866823861973068,0.10202151823758868,0.030101141,0.05464382,9.9
COVID-19,cf5cd8ca-484a-4ddd-ac5c-fed10d6ef23a.webm,-612.9844,96.11792,12.917585,47.977894,-8.580584,24.887062,4.907958,16.03727,0.67448926,14.471864,0.35022232,7.165457,-1.4778795,6.315866,-0.18062794,5.8129163,-1.266874,9.781307,-1.7917235,8.040066,0.043897748,4.713417,-1.68841,6.6123257,-0.55732775,4.552057,0.13833968,0.2792298,800.6064454899918,1533.8067461244493,1325.3380364151362,2473.9083462569697,505.6157809263687,907.8866339164041,14.51771117949837,7.467122492304206,0.03940499111374408,0.08524355718073755,0.0036101213,0.013797864,9.78
COVID-19,8f5531fb-5c2a-450b-b14c-4321085887d8.webm,-424.21777,201.95992,36.04854,53.850464,-31.04535,39.339462,7.6857677,18.162891,-16.36432,29.460272,13.680727,18.997007,-15.708728,21.703167,0.41799566,8.372462,-10.122147,13.051937,-7.6376038,9.750477,-2.9524343,8.477973,-4.8578043,7.265531,-3.9563034,6.942516,0.44075307,0.33845246,2750.2768206168066,1685.2347977286774,4831.014942331902,2766.6350661378747,1809.5364097584184,971.9185499876579,17.917587491720923,14.176218095844014,0.24222915432464456,0.20831563949177614,0.034155075,0.06840683,9.78
COVID-19,b15e97de-b733-4398-885a-5c77f8fe9f5e.webm,-472.6962,139.27173,51.90551,52.26479,2.5201123,33.361805,12.714452,27.616482,-16.686605,24.646175,2.1325884,22.776213,-19.956045,17.88282,-11.61064,21.309404,-11.962286,14.686537,-13.417559,14.361563,-6.770225,10.683115,-7.4219503,11.678883,0.44077262,9.458725,0.2776276,0.32721397,1956.1082054644685,1546.080012285868,3536.8552632851174,2591.9230421364095,1581.5741246329035,867.6371367236869,20.858760395897807,13.174134822281426,0.13282096031868812,0.14547583514377302,0.019734275,0.04019861,9.36
COVID-19,bd153ce6-0622-4039-a745-93cd08dab579.webm,-487.2105,122.77012,20.561668,43.385307,8.5791025,22.211548,22.04189,31.57821,-6.3988013,17.576313,6.996517,14.522213,-11.526197,17.135548,-0.36149332,10.645908,-8.481148,13.230669,-4.2886877,10.061409,-5.1511397,11.829367,-6.344273,12.143725,1.5477936,8.756184,0.4271676,0.34191346,2680.1905208193,1607.0840870317527,4828.82080078125,2391.554061436102,1953.6453241479542,930.5130680964736,18.57849536926745,13.72729294120748,0.18302483514908258,0.15287690002136822,0.020341545,0.05006851,5.04
COVID-19,79b593db-1bf2-4be4-99f0-3a7725a0d712.webm,-559.4363,157.90709,15.827175,38.380337,-6.6674166,19.188667,10.031774,21.467735,-11.29742,24.81045,6.717693,15.430928,-8.344237,18.91796,3.2628312,9.986777,-2.1419494,8.138995,-3.726898,8.842903,0.05926049,3.9902568,-4.2307854,8.926217,-0.11602234,4.102809,0.13739197,0.26817793,1033.730138606784,1689.4969663773136,1809.2177094006147,2837.05958447868,661.7430286903134,1041.7932967388897,14.642327542819855,10.298019966054868,0.06975675131733021,0.13165418558417988,0.010804607,0.0315184,9.9
COVID-19,c85daa1b-6f5b-4bc7-803b-117cb57953e5.webm,-458.39166,140.9145,25.438688,48.249367,-4.2201366,26.236473,4.598029,20.383673,-10.357798,23.14081,8.418621,15.574782,-3.0959003,11.8861,0.59753466,6.489209,-7.5057178,15.245502,-2.85688,6.797917,2.3571467,7.7257667,-3.8535633,8.153851,1.7296032,6.112112,0.36738846,0.35162118,1968.4890813949098,1705.4454255698054,3612.1694312905365,3039.1490919269486,1505.0730322440058,1126.126512633257,15.79843602096967,11.495861883452534,0.14322763119103774,0.15766625089209482,0.027068699,0.0966141,9.84
COVID-19,ca19d2c6-2f15-48c7-b05c-d02914e39cfa.webm,-625.085,122.12398,16.356035,42.40838,-3.7282357,15.152997,5.9883847,17.443056,-1.3793925,7.1050844,5.7384233,15.291239,-1.058587,6.6130495,0.57558733,4.844394,-2.8511124,9.869322,-0.8885315,3.9013479,0.86420244,4.341864,-1.1045486,5.0556493,0.3362527,3.1428316,0.7021229,0.29028428,3129.500149607814,1345.3257436050117,5948.904549115077,2368.9884593463,2404.947173862495,834.8842351962631,13.180233019185554,10.299120754676528,0.31435361744668244,0.17780308702090686,0.0049312026,0.019138072,9.78
COVID-19,ae5dcf74-bf11-47a3-b0d6-c668a0794d8a.webm,-617.2494,92.31998,8.47148,32.839485,-2.310279,14.008014,2.2169771,12.627697,-2.3928075,13.690918,-0.408328,10.729856,-2.6943054,10.426934,-1.7898477,10.620069,-0.59111476,5.473982,-0.58266264,7.1397057,0.31307954,3.1903632,-0.7675882,4.936551,0.018418726,3.2402444,0.065394215,0.20809348,257.88334444707033,756.5834977717323,505.9033087964328,1474.8044746143833,243.0675843214265,673.7364311763151,10.453589311040579,5.3596584546732995,0.014790085126768868,0.04441391918193387,0.004415905,0.024245873,9.84
COVID-19,08d5d346-6219-4e6d-ac06-ef489f2d186c.webm,-400.54358,175.74164,48.809013,63.501434,-16.14509,38.008293,10.712096,19.189482,-14.308603,23.165491,9.103475,22.34882,-13.624533,16.15465,-6.7416387,11.688903,-10.422242,13.328151,-7.408822,11.636126,-5.4445567,10.64304,-7.19785,8.400288,3.3957796,9.700635,0.46243253,0.30127266,2360.716713943467,1082.1709389048192,4485.43302039827,1838.8099110591256,1948.6219285665634,585.690408207915,20.506818512683957,12.925532140125178,0.19799047210620524,0.16355725882295125,0.045309756,0.09381515,9.72
COVID-19,15f12b8d-7ba5-444e-975f-f1b26c6e75ae.webm,-457.1578,173.22055,33.48894,50.95026,-1.13042,20.399624,11.220881,17.383406,-1.678995,15.640254,13.166644,19.607935,-5.97146,17.800613,2.1751587,10.178401,-4.5392756,12.405678,4.427423,5.9821615,2.1375988,5.905224,-1.8394144,7.727436,2.7025893,6.0964537,0.55563617,0.2677498,2297.066755703357,681.481236676607,5103.241574255776,1262.3424242038077,2397.463266582481,367.10215885885094,19.02014833950291,11.819232703404348,0.12870144957049762,0.07163240203489685,0.03991114,0.10829207,9.78
COVID-19,e8537e2a-98b1-4ddd-8237-3835215218b4.webm,-387.32715,221.67908,48.879204,55.17462,-30.090918,37.638023,21.279938,29.167065,-25.253632,33.603355,17.842834,26.009153,-23.12771,25.280594,-7.6964355,13.198526,-1.1731141,7.6809354,-5.625908,9.119754,6.170117,9.720922,-10.195081,12.334446,-0.16202015,7.206909,0.51887393,0.29287392,2869.5313388699465,812.5024386805824,5486.62418192497,1448.9221267262071,2240.9293744569272,561.836266661582,19.687243526280035,13.803134302277028,0.24093708047434367,0.12784834340012816,0.058458395,0.0991961,9.72
COVID-19,2c38b55e-7a52-4b23-a4a5-f0da83cd2cba.webm,-342.79953,207.56583,76.327385,65.418945,-51.8101,48.079357,11.810031,23.92948,0.20318623,22.587118,7.2203946,13.905278,-16.69866,17.433903,-11.267848,10.740954,-14.506247,12.952701,-2.8736215,8.745483,-10.760287,10.662841,-12.648801,11.748255,1.4944293,11.594134,0.4344049,0.28571075,1943.5739508041004,447.56500046931694,3359.1796875,900.9797719031433,1572.608673821969,476.491463157619,21.770573210109244,12.859720123050804,0.14098025106424147,0.042270491765284655,0.08740185,0.12682277,7.5
COVID-19,d05f700c-1ffd-49bf-9fbb-b9c49a467239.webm,-392.3813,135.62033,64.737625,65.09816,-2.8495848,21.76198,3.1989622,14.356964,-9.513572,14.976542,0.58614707,13.928779,-11.041283,13.5520525,-9.705756,12.428093,-11.348793,13.717378,-9.6139145,12.472473,-6.120222,9.25029,-9.759806,10.364974,-7.3854556,8.967629,0.42346758,0.30467334,2003.2598056804325,976.8242829004546,4020.2655450767265,2154.7367120910994,1951.2902571615355,689.2136110011166,20.181761687593227,11.775148523282525,0.17589114450127877,0.15442473363303771,0.05359716,0.09820094,9.06
COVID-19,7336b77f-6873-4e2c-837d-2ef925a3d33e.webm,-386.07355,161.24248,49.023724,51.346992,-14.904116,32.74806,13.936322,21.732388,-22.324726,28.899988,18.647638,26.016378,-22.68784,23.959778,3.2279305,14.519422,-22.835648,18.271936,-12.274269,15.201029,5.4542847,14.99567,-3.8454838,11.2228565,3.7409446,13.288084,0.35798627,0.31390432,3075.604346891821,1424.1641015088092,5231.044783682193,1882.5993874151543,2041.6348786935853,508.3686620879634,22.73727306808885,16.139632376174205,0.2454131504274764,0.15599059258336953,0.034247138,0.057195585,9.84
COVID-19,50751b73-4497-41a7-83b9-13986a94ea4f.webm,-376.12833,164.45346,71.12077,66.67757,-11.671413,35.462505,-6.447858,13.661191,-5.1744337,14.45939,2.3032684,9.759606,-8.071966,14.771387,-1.3211296,11.468151,-15.244392,20.717155,-4.365822,9.979723,-1.3482186,9.368436,-4.0359125,9.026774,-3.9277682,8.234774,0.4281439,0.31193027,1810.6895836692565,1128.5489318666935,3136.9503021240234,2118.965862968742,1646.7649188217238,632.6923873401097,20.436850913260052,12.396633980366916,0.12234878540039062,0.10900928772463056,0.07370007,0.12563841,5.94
COVID-19,8942915b-8c43-42e1-9c7d-eae05f725814.webm,-389.90317,153.74097,82.323395,60.86333,-22.564146,41.419823,15.525491,33.65119,-6.6140213,27.336267,-5.7243123,22.494596,-9.987716,17.9763,-10.649708,15.676978,-12.336459,17.182758,-2.15522,14.903207,1.2716038,13.521748,-5.195409,12.721584,3.114471,15.990548,0.30425975,0.32414725,1675.315196752594,840.3024107859027,2999.6118698677005,1519.0455963848606,1401.5466004620762,533.9439744017249,23.151259666432505,11.507383072126155,0.11220251672749391,0.09136425866174355,0.046626292,0.07488276,9.54
COVID-19,30f761c8-b6fd-4e2a-bf25-0e5cde6102be.webm,-483.47723,122.05861,51.37136,41.21271,1.3767446,28.120771,14.461878,22.751871,-1.8771795,25.3006,-4.448921,15.3577175,-14.575063,15.694044,-13.901756,18.369379,-18.697323,19.416805,-12.897575,18.339512,-10.196498,13.45835,-10.548547,13.453836,0.15574843,10.746532,0.31947407,0.32972854,1873.3072934229817,924.559554699713,3507.7184458247953,1739.0601934522226,1692.2023434600985,554.1994373452027,22.326797370193756,11.05263288094539,0.12328243925644028,0.08907678370631862,0.017755311,0.05405478,9.9
COVID-19,6352a786-97a0-4d0a-9dcd-5c68c8effb9b.webm,-315.80298,168.26405,116.263435,59.26995,-40.839504,40.65688,21.167358,17.451078,-27.731503,29.940834,8.958459,20.651567,-16.231672,13.641054,-16.715647,15.572937,-9.621057,11.175521,-12.78924,9.316781,-1.2697524,12.762474,-8.793601,10.795163,-2.70879,11.482925,0.55613315,0.27462256,2036.2832897923681,1146.8044054830732,3890.4135964133525,1992.664463323145,1698.0634260931547,580.6684747185728,20.470093447755158,14.602936503657233,0.19657389322916666,0.20842871108276192,0.047475547,0.06465146,6.12
COVID-19,1e5944a9-49aa-46aa-8066-dd6cc82c9e28.webm,-515.63525,102.33018,75.630066,61.406517,-2.4440491,46.30924,-6.4985223,38.088573,6.7750063,14.929617,5.609654,10.305971,1.0737545,8.033149,-1.4981393,11.36881,-1.7348815,8.585735,0.65319806,5.4853706,2.2786458,5.301015,1.084766,6.820779,-0.29649502,7.6533566,0.4465892,0.30384606,1525.089539409351,533.5751026984466,2888.1266276041665,1430.9820362062126,1841.3413090759145,688.691207451751,21.120745175431697,11.46595222232769,0.0755983382936508,0.04006544390267894,0.01294047,0.03453805,4.38
COVID-19,ae5570c6-766e-4e22-bcd3-a7ab006d5d82.webm,-459.72964,163.77576,65.69357,72.17541,9.867115,28.061598,19.287619,24.60559,-5.788915,18.554102,3.821532,13.336036,-7.71994,15.233472,6.918132,15.304628,-9.91929,13.542267,-3.4252572,9.489916,-0.16317889,7.721726,-6.8410892,10.109312,3.353652,7.3164763,0.5731028,0.2802071,2165.2546872106673,1124.7223788623282,4235.5356685450815,2071.7947923296997,2067.499842257682,564.3740852660226,19.47972572904558,13.012031149556016,0.14787717725409835,0.09783313950469762,0.03221442,0.061456542,9.9
COVID-19,ed3c3ea6-58a4-46d1-8b7c-1c575fb29893.webm,-454.1305,158.7041,48.965355,69.42435,-22.849173,33.598335,-0.6086115,18.622768,-6.6969986,23.334051,-0.04336861,12.188692,-11.231381,15.508983,-14.768698,18.022879,0.8688828,12.154608,-0.6255222,9.22787,-4.193858,9.724305,-4.5002446,9.086636,-2.2487772,6.072449,0.32642102,0.32827806,2242.211047871808,1021.8809811516822,3881.8866301834723,2222.4264631802835,1748.6597775411458,761.206175066735,20.785410335019264,10.922347995606856,0.20904031175417662,0.1615249317699923,0.037430137,0.08207532,9.72
COVID-19,10a2bc11-50e8-461d-9de0-ef609d14f7d8.webm,-503.33502,150.91875,38.836086,37.17961,-7.9041634,23.803375,6.351666,22.072886,-15.5662775,28.49778,9.917593,21.123915,-6.74623,13.527765,5.9437356,20.689302,-7.3005157,15.091657,-2.521106,10.727792,3.6318197,9.345858,0.427215,11.6387615,2.7436972,8.551264,0.37469253,0.31140023,2400.5003165688595,799.2803456453279,4788.750760060437,1590.5468113921272,2123.150760934381,478.2573271278318,21.082235827496053,13.1900572627509,0.16420184441332547,0.07898384919658932,0.012417188,0.031633034,9.84
COVID-19,c1d86c76-5622-4dbb-9da1-65aebf6a0f0b.webm,-300.85916,179.59418,67.679504,55.783443,-41.136627,45.706303,7.1644707,23.728601,-32.46944,30.820599,-9.056491,19.747229,-19.468407,19.461008,-12.9505205,13.705337,-12.01512,15.489159,-9.603304,13.277771,-4.016025,10.635745,-9.613467,11.194069,-0.7002214,11.402013,0.34857553,0.32343537,2206.483011919262,1024.9987162153934,4027.641921746926,1709.2793660706898,1688.0408940862883,564.0581562726352,22.078014072124045,13.577616425993563,0.16320028908079626,0.1088629217413867,0.10921571,0.15887985,9.9
COVID-19,3915c8f2-a9f7-4841-bd96-ab377e36e22e.webm,-398.76593,157.56035,38.62506,42.401382,-4.2266216,22.992138,4.186172,19.541838,-16.226068,22.120197,-3.8681738,15.00173,-15.405285,17.657585,-2.3664985,14.555014,-6.872674,11.737332,-2.687812,8.645134,3.9087968,9.553207,0.57929295,8.755545,1.5569514,7.117646,0.33910716,0.32781634,2334.6896499592585,974.6407569259401,4405.82540260171,1456.6135289404936,1903.3489616999275,360.3450636742148,22.142334053121782,12.754457469523583,0.15580317659198112,0.09606319123400671,0.043782428,0.10510879,9.84
COVID-19,cf97b7f8-de05-47f8-8a3c-d3ec1672d25f.webm,-464.07394,172.84387,30.042858,52.060898,-6.434261,27.255733,3.7304084,16.298851,-1.7632489,17.109938,-2.0961387,12.305956,-7.6607556,13.171111,-6.074056,10.343359,-4.435035,11.61321,-0.8150438,8.033428,0.3387562,9.671086,0.4149916,7.088365,0.5470211,7.1574583,0.3777518,0.31053713,2051.9908061841397,1121.958392225393,4022.277277166193,2276.9897366878286,2149.195332104117,624.5302479388803,19.670000515636502,9.4699847664129,0.13783094618055555,0.08792210091533424,0.030506512,0.078870185,9.18
COVID-19,7120c3ff-0839-4f6c-a775-ede5863a37b0.webm,-461.4311,121.066376,26.353436,46.15392,-10.525036,36.757385,-2.3594012,15.427236,-15.710559,23.060722,-1.4589163,12.44516,-8.058976,13.989135,-5.205278,15.481421,-9.90058,12.976036,-0.5599125,7.7717953,-3.6069403,7.3871226,-2.9802861,10.963986,-0.19787656,7.5619316,0.37245107,0.3378403,3508.0142056322243,1521.6444829780244,5724.94028214928,2035.460207767325,2224.6282729829877,679.4166032432471,20.57679774248445,15.047402206954573,0.36781512290167867,0.2112416583043632,0.017625138,0.052183926,9.66
COVID-19,bac8326b-2652-443d-8b58-af96cdf5284d.webm,-365.97983,168.77045,67.65916,62.41114,-28.32737,40.139175,6.916424,25.49286,-11.262146,20.177345,-2.5203354,18.318396,-15.905132,19.380781,-5.3549004,13.184831,3.6126127,13.130388,0.7755413,11.971483,-3.8797698,13.419656,-9.747562,13.231705,4.199634,9.808357,0.40865007,0.32977885,2164.408313913408,951.6085247256733,3908.7997436523438,1738.2861687230318,1702.639530819273,601.7044031637026,21.702407975864258,12.283115100078469,0.16536910445601852,0.10678238180717807,0.05211363,0.07932234,10.02
COVID-19,9031d3b2-4019-403f-9c71-f387e6b60a82.webm,-267.1596,222.19237,68.73793,67.87531,-37.11788,40.318882,19.23098,27.80031,-41.289944,32.15877,20.497978,19.339426,-20.6966,19.805103,-6.5824404,15.533691,-13.515206,13.016543,-10.436519,11.502433,0.9926291,9.337578,-10.364847,11.537552,-0.6380395,9.030911,0.4768238,0.2979636,2777.1998667801345,1091.0611666506927,4969.577532582938,1418.110162376685,1916.913422830307,385.51857536059504,20.572754221403603,15.160066961003093,0.24130350266587677,0.14444698416485158,0.13056839,0.17466836,9.78
COVID-19,4cd64634-5414-455d-9458-d497abe62b0f.webm,-486.65317,109.55855,75.14307,21.566618,24.535551,13.24338,10.451817,14.578034,13.897932,13.047048,11.556641,8.893866,-1.8410956,12.383714,-5.081463,7.699141,-4.2600155,7.025597,-0.4809432,7.44731,4.8090796,6.760359,3.4652228,7.658152,1.4875945,7.847444,0.4596531,0.29145753,1805.6962108089563,660.6807039867716,3923.365520608836,1402.6479089950856,2342.297281758217,457.0405459158647,19.76144480149422,10.793594927776725,0.061845751231527094,0.04583724700517952,0.01183117,0.03231651,9.42
COVID-19,015576c8-2b03-4dcb-b251-78a984fe86fe.webm,-578.8826,147.16931,21.963432,52.613327,-6.3457956,23.030228,3.9640691,14.676664,-5.9870677,15.445845,0.9135659,9.882777,-4.27075,10.806204,0.8262956,9.086024,-4.2739067,11.22929,-0.9456563,6.234811,0.8155534,5.121228,-3.9334173,11.595753,2.1241767,6.8802996,0.29336238,0.38830045,1288.0742475946581,1605.7497505504036,2287.6987258404915,2807.2593591260325,997.3153078081255,1126.9871074735552,9.00041898132564,9.891694495485378,0.06442072719194313,0.10263958457007659,0.013275148,0.040779263,9.78
COVID-19,7ffea3f0-64d3-46aa-9e2c-fd403288a325.webm,-464.13358,86.17311,30.904736,49.46367,7.462485,20.014532,1.5936207,11.382702,-6.4551444,17.18824,-1.4467316,10.777028,-7.7244024,11.773253,-11.5973425,17.027794,-7.8667846,11.601426,-8.925639,12.570693,-3.6749918,9.238076,-3.5909884,7.381396,-3.6321006,6.856422,0.3456841,0.32297307,1997.9079039125118,1068.627318586335,3783.0106141137294,2337.5829630938033,1947.9245816336272,702.8099130133527,19.56434455373569,9.663230091782465,0.16099787763466042,0.13458179835040862,0.015030105,0.050477613,9.9
COVID-19,72f67002-96a6-47f7-8c1d-2a4093887929.webm,-409.28363,158.62468,62.506947,52.03258,-29.61926,38.32045,4.7281294,29.402496,-12.830502,28.373205,5.6531644,24.712582,-27.198654,24.409145,-14.952619,17.913925,-13.770613,13.614046,-8.551653,15.147572,-6.545428,13.992963,-11.104184,11.947845,2.622321,10.92602,0.34514245,0.3271261,2236.684010800913,883.6570207072549,4166.55965386865,1755.7825755781103,1846.8882885847768,584.6815195624444,23.004929087329163,13.245649640588,0.16213548629679145,0.08658011659016603,0.03710227,0.078508094,4.32
COVID-19,506b5606-cecb-4fba-8723-c4a2bfb8b038.webm,-436.8509,162.53304,55.65467,70.585526,-3.145756,38.44332,12.486201,28.86991,-14.575605,36.657078,11.348266,34.15133,-19.862497,23.696707,-8.231136,19.644852,-8.091836,16.674871,-7.241486,12.657778,-7.733266,14.887372,-7.725483,14.939036,0.2794126,13.894536,0.29928422,0.3298852,1847.3207885138543,1605.6717195567705,3124.2951015256485,2552.817446159185,1352.174417559068,844.7677816612611,20.737764262719804,13.502015335665497,0.12936343786851415,0.12847681699612457,0.035933062,0.061035696,9.84
COVID-19,5287e036-c41e-4527-93de-c6cdbf1a8461.webm,-515.90625,128.47081,33.346966,49.40379,-7.355804,22.25636,0.17241885,14.837525,-7.7314205,18.504025,2.6184654,16.04427,-16.532322,21.27147,-8.133833,13.887015,-5.789783,10.038337,0.45358124,7.186171,-2.4506042,7.600896,-4.2876563,7.7279453,-0.89605165,8.463084,0.4633056,0.31462398,2923.126119942793,1055.575608776581,5431.394987286262,1778.2203304342263,2262.236301707062,532.5668382211201,20.627359775694437,13.700061685709931,0.2446749705188679,0.1322308041261561,0.011456951,0.035042975,9.84
COVID-19,f028405b-2f4f-4379-ba3e-acc7a69f90be.webm,-236.52441,188.05415,113.41184,71.858406,10.370226,67.22702,31.05641,24.235525,-16.017925,33.993557,25.39925,33.99022,-12.799409,20.250002,-2.8880334,13.381394,-9.467138,13.6508665,-1.6021756,9.243906,-1.2119123,7.980306,-6.1479015,7.6667714,3.5811086,9.056202,0.5400948,0.27228338,1387.0084627654464,1133.1014978248793,2548.7272205270924,2252.8981666790028,1369.4216017069893,670.3533635620132,20.827676504572402,14.483900869437061,0.10102392368562232,0.09453507015626247,0.16770554,0.1533078,5.4
COVID-19,87f52d87-03d1-469b-b8fb-247da4504f90.webm,-389.5,179.0036,42.066273,37.47914,-6.367124,23.202602,8.112118,11.971428,-6.0122495,11.935493,-2.53091,9.999245,-11.643622,16.997541,-6.7661576,7.740141,-2.5376186,6.9818525,-6.7383003,7.7768855,-2.1877167,7.1271625,-10.77148,8.4972925,-5.985484,8.501131,0.5109315,0.29666615,3228.876553222553,981.1202423699092,6216.0205078125,1630.3322832202564,2713.920456499124,377.03061237201496,19.2277841421085,10.664391066246598,0.19775390625,0.08455198318601823,0.03530961,0.07094644,4.86
COVID-19,3050a1e2-d70b-4f86-9e57-f33220b8f990.webm,-466.93967,166.62537,40.64,62.84653,-18.860485,41.826733,13.617862,26.32005,-3.354,17.90792,0.40639848,10.114684,-3.1918688,8.55924,-8.579036,12.955256,-5.840299,10.73904,-2.4785604,6.6658373,-2.8652337,7.770375,-2.755049,6.84109,-1.5709313,5.542232,0.3170845,0.3409739,1666.8773440126513,1529.379176742137,3053.023681640625,2704.3469412096647,1271.239242272622,1054.6821345213193,18.0413759320483,10.260232791728676,0.16132986886160713,0.21549657032964414,0.029920684,0.060052134,6.48
COVID-19,65f8a73e-9cf4-480f-8f4f-c31e67753ea7.webm,-381.54105,153.84897,80.40184,78.96552,-17.875116,45.44844,11.823962,22.301205,1.8816243,20.377413,-1.7643967,15.104556,-11.568257,15.223035,-15.980997,17.778421,-9.542405,15.447666,-5.012872,15.518819,-2.6598327,13.789503,-6.7780724,10.249712,-2.38715,9.9178505,0.36197934,0.31473824,1713.9125595069336,924.301386817357,2861.477172177141,1604.9805202713433,1315.321522529051,579.0964578091464,21.536426113951574,10.887475846353455,0.12014416436464088,0.07084274525722474,0.06398259,0.09523098,4.2
COVID-19,f515534f-1850-4a2a-9400-6269e7baae16.webm,-322.09186,177.79047,104.6906,78.00812,-44.889416,41.933323,29.58752,36.27325,-12.488832,31.823717,2.2467651,16.879683,-1.502889,13.663153,-29.825298,26.833138,-4.2637835,16.058723,-10.533593,17.589052,-6.799891,11.984017,-5.567775,8.500375,-6.0563707,11.018274,0.38202465,0.30465648,2117.044610467348,967.1156914160753,3932.248413760359,1493.6837310882154,1592.3074554173797,423.1501407719755,22.385461433347867,11.524810194807813,0.16238858554903315,0.12770374885560562,0.08081461,0.08315575,8.4
COVID-19,450ae1f5-1fbb-41f7-9a93-8c755cfaf46c.webm,-513.71466,115.87329,59.23832,49.490883,-12.701028,35.66193,-2.4428363,26.42556,0.876494,26.521507,12.712255,23.546192,-9.786865,13.143313,-2.47013,14.878401,-6.9266315,15.025869,-2.369804,8.97706,-3.7572722,7.5766845,-5.214641,9.17063,-2.106767,7.186023,0.47328195,0.28203565,2215.9242215125996,952.0162853668992,3810.051016971983,1552.935975906541,1780.0291359751056,420.06238634688276,21.356972987691766,14.622200789970776,0.16568248729987683,0.10650955839065643,0.009476563,0.027003508,9.42
COVID-19,37dac510-2e8a-47a5-b864-d229a46d72bf.webm,-506.49808,175.07062,28.897749,51.893692,-17.585423,32.897125,10.33359,18.425743,-6.515413,15.578297,2.4387143,10.230481,-7.519569,14.105225,-3.7933605,7.7994475,-7.8025193,14.512863,1.3690019,6.4938993,-5.7075777,10.137964,-4.6534734,8.45685,1.2388762,4.991303,0.19943248,0.3130121,1124.7146669926121,1484.8298175145314,2118.251953125,2722.594367906014,871.6218625786465,1049.3435990540374,16.893179667718915,11.286625091105257,0.06387416294642857,0.09504751110375652,0.019053092,0.044942535,4.86
COVID-19,f0dee970-1fd6-42fe-b565-c50464e5d56c.webm,-404.318,179.12637,45.020504,61.067703,-8.542912,22.311636,9.1966,19.28944,-21.952124,31.645773,6.358139,15.2174015,-10.654897,17.370808,-5.3505893,11.376196,-6.8282347,11.398306,-2.9792185,8.778766,-3.5885527,7.7241254,-8.063231,11.12149,-0.87827617,6.698349,0.38057098,0.33181494,2047.741083064784,1501.5704883468534,3773.8024445019814,2405.547756445257,1578.370154467757,883.2863146127652,18.797061899805158,12.877163181845889,0.12767921469740634,0.10153754941261758,0.04499121,0.08289767,8.04
COVID-19,48aacddd-c0ea-43b3-9e80-5f38c43a348c.webm,-222.75958,209.98608,114.68877,77.71586,-50.388138,53.570324,1.1159607,37.639008,-29.668793,28.116062,-4.5645595,20.904089,-14.575056,21.902617,-17.836668,20.90672,-21.52746,18.887297,-3.5333507,9.234478,-4.823773,11.070726,-8.90606,11.594194,0.83927006,7.5156674,0.43649757,0.32945696,1529.9400161410708,760.610385345974,2836.6686943523046,1625.8774435730631,1315.8971987848984,707.8848699760325,20.913928068947378,13.383523730208392,0.08426806913407821,0.04971466235877811,0.20444812,0.20325865,4.14
COVID-19,afd37003-52a9-44ba-bcf4-7fc7d637ad37.webm,-377.23962,185.24098,92.30985,69.0533,-6.315723,38.05798,14.868566,12.628394,-9.828407,18.419546,7.7482133,17.071907,-9.091366,10.761624,-4.2332563,8.274237,-9.700458,8.553993,-10.297843,10.067049,-3.2608995,8.465459,-7.8802276,7.2437477,0.015947828,7.1917267,0.45509338,0.3491362,1584.8458808973005,770.251419810663,3281.0645570146276,1742.750014830944,1697.154088695192,644.2727841114319,19.08480796055747,13.252210229459527,0.0823221409574468,0.04326178905419597,0.06314752,0.09438995,1.08
COVID-19,6954d463-42a7-4d2a-a1c1-c20376224604.webm,-409.16153,125.699905,66.11137,43.78099,17.010893,31.9797,22.275234,18.703266,-0.2912975,23.986334,16.088732,19.239584,-4.3506584,20.9234,4.657271,10.963804,-3.6871688,12.7890215,-7.6266136,13.935181,1.876783,11.550911,-10.762981,11.219686,-7.1917434,9.1509905,0.3505146,0.31514755,1792.0544185293168,824.9821000402266,3913.2184138063526,1697.1154434110165,1917.2409859030827,421.3701129645272,22.595564145571277,12.974843508059513,0.0985379006879391,0.07709580648104827,0.030042911,0.06603757,9.9
COVID-19,f6ffd0b9-8708-4a79-ba7c-1557df8ac814.webm,-410.51062,151.01009,59.58694,63.736523,-14.337435,48.86467,9.394788,37.29769,-14.39106,32.81303,5.090664,24.254032,-10.063983,20.642565,-14.035593,18.317501,-4.73374,15.258337,-6.200277,12.557429,-2.7979956,12.022269,-7.3888435,12.469417,-3.766527,12.000619,0.25104588,0.32875904,1623.0195011783069,1336.7249304794545,2819.37681953862,2278.88977237923,1271.8370577852038,839.8555382123396,20.371019354914317,11.023114308106692,0.10690595518867925,0.09988927559667045,0.045329984,0.0720863,9.84
COVID-19,ef6d35f9-347a-4aad-9e4d-e37bd0f417f9.webm,-381.31317,191.42256,67.14864,80.93958,-25.676397,38.03562,18.666431,33.285877,-10.874606,21.937504,3.155342,18.770765,-14.310649,20.051916,-6.491629,14.3961935,-12.916744,16.35594,-0.87506366,11.459849,-0.4917498,10.295617,-1.9785833,11.258563,-1.9274848,10.497703,0.37632656,0.31791103,2353.9280328944465,1139.7393046961508,4114.60221277029,1891.55604185302,1776.5955626669177,611.0473203808424,22.233062360400414,13.571669992385301,0.2049485337677725,0.17817192565665363,0.06419335,0.097601786,9.78
COVID-19,44d6d275-b422-4338-bda2-2d0cc203f72b.webm,-542.2178,128.45169,18.54748,36.24642,-15.55406,36.312443,6.2483945,19.22172,-6.445732,17.494322,-0.76266384,10.315525,-1.9454032,9.392649,-3.1299663,8.273741,-3.199654,8.034171,-2.739702,6.667039,-0.77738434,4.9652696,-3.9733615,8.799195,-0.510905,4.308924,0.47759062,0.3009115,3183.870369374404,656.798414629899,6042.458856301229,1456.4482819095026,2437.5551092121123,598.5356305019251,18.763905014998887,11.564517345732162,0.37703202759074944,0.18571951349544677,0.008840543,0.031149313,9.9
COVID-19,0379c586-c500-483c-83a6-95b63afe6931.webm,-490.4076,151.58018,46.11617,79.747574,-10.76288,35.551353,1.8741945,12.410912,2.8175898,12.220225,0.592209,6.086247,-6.708389,12.953651,-6.1295447,11.823276,-3.375264,7.0863924,-3.2024496,7.605445,-2.2412133,6.337492,-3.2996604,7.909659,-0.8951434,4.6778584,0.6629603,0.24173167,2537.404496479142,930.1797499629616,4588.92991560219,1760.054262777354,1964.4549269835425,628.8733369315324,17.970936263472055,10.413695532709916,0.21772948030717762,0.08678988338493995,0.024996817,0.05898499,9.54
COVID-19,e048aa97-7313-48f8-99f7-0f2795bf4a48.webm,-338.63675,203.1359,28.862146,40.408363,-19.010988,31.418585,3.5226283,20.248232,-14.215019,21.129797,4.78391,22.059523,-25.41133,23.50764,-14.3247595,25.165373,-13.985135,18.36506,-9.598098,18.624966,-3.8049092,16.068829,0.8554346,11.418316,0.13032596,13.02359,0.39075372,0.31085372,2921.739730143701,1133.4038947689792,5111.7180921360405,1738.8401496783295,2118.842849786321,517.4260457470059,22.71222222945605,13.242647111850303,0.21905554126122753,0.11142974687282174,0.06623793,0.117635585,7.74
COVID-19,0177b817-0ba3-498a-bc05-48bc66cc91b8.webm,-568.7425,87.14872,21.120813,57.88969,-4.3906574,24.309076,-3.7600164,19.560375,-1.3607475,11.268081,-3.229047,12.614808,-1.0185186,6.894278,-0.73450375,5.272582,0.115664124,6.623817,3.2826588,11.24002,1.2396002,8.212223,-1.259663,7.420899,0.026292715,4.825991,0.22586502,0.35450473,967.7541805754827,1599.3576328253312,1794.7950019211066,2814.9222818539643,780.0116191629204,1125.9353473345739,11.763978021873072,7.266838638579496,0.05546966481264637,0.10533846309601443,0.008313281,0.03357106,9.9
COVID-19,5d61957f-6865-4e0a-b666-03a928f39e92.webm,-459.50278,210.88943,41.364506,62.187927,-6.0440254,23.390144,15.863876,26.959234,-22.752573,31.848608,28.669012,35.278812,-7.971068,14.35857,3.3857512,9.230969,-6.579078,14.99569,2.4898953,9.082077,5.003967,8.660662,-4.9268503,9.248941,2.3477426,7.5769534,0.44235012,0.3585528,2153.1415725679917,1699.4328032480098,4018.541217672414,2779.6271333488016,1675.5230194200603,1053.5857330954655,16.41621040008225,14.525187902297821,0.13229054418103448,0.1200229893761888,0.03293369,0.056935683,4.02
COVID-19,2d79341b-2ce5-4c6b-82d0-599626f629d6.webm,-462.7497,125.55402,37.21102,52.45163,-1.6745775,34.047523,7.018806,26.989042,-4.9891906,22.633856,3.4792678,22.245264,-9.355803,18.048025,-0.2711834,11.844573,-2.450678,12.822299,2.4834273,12.206587,2.42269,9.323568,-5.3045554,9.844425,-1.0360208,8.979674,0.3514758,0.32086733,2282.907989285235,1493.2462029640749,3955.1442512403733,2244.227138182585,1748.3733409010508,684.2561514491888,22.866336642355453,11.981119845693119,0.1899552910248815,0.1726638259542125,0.023617722,0.07332595,9.78
COVID-19,2089c2bd-d408-429e-9f15-138343a5cc9c.webm,-373.48148,191.86916,51.34024,56.55597,-39.669735,48.0829,8.745085,21.0145,-18.114939,27.508577,0.70940614,16.374027,-13.5204,17.713356,-6.6378164,15.54153,-11.490075,13.830399,-3.279648,9.200144,-2.014789,8.5572195,-8.045568,10.12326,-4.9071336,8.581631,0.36194676,0.33574435,1866.8950344958807,1263.3209624784708,3447.2770220860484,2293.81579849443,1462.5921916234224,888.2392138140829,19.827512979338568,13.388403217698478,0.11815712011255924,0.08822891646540876,0.05320342,0.0836538,9.78
COVID-19,17e623e8-7179-4805-889b-83ba37063d21.webm,-437.07047,180.71043,36.21698,48.35541,-15.088817,37.08473,-1.4848906,12.323768,2.4411368,7.1322055,-2.4604564,9.945472,-0.5796773,8.178125,-0.8594978,7.927299,-3.9326272,11.813035,3.1682692,7.7526474,-1.6713,7.515181,-3.0148926,9.207632,-0.5990071,6.0099187,0.46608067,0.2934946,2767.339737580798,774.5198256114105,5922.182992788462,2214.579196064337,2703.882795367089,618.1230418637632,19.327299439471876,11.442398744451692,0.14644681490384615,0.04960530952847857,0.031313933,0.068129994,9.96
COVID-19,28d4e487-0d9d-4911-951d-5de7fcb5c986.webm,-392.31335,173.02576,61.23065,62.29048,-15.31932,36.3685,18.815983,25.825747,-16.14559,28.972544,12.004106,18.661058,-14.191911,18.682688,-7.16569,14.967639,-15.666157,18.547516,-6.49127,12.923033,1.9978551,16.664455,-15.0563965,15.565943,-5.4450574,11.036111,0.3574145,0.33529925,2129.0036544755094,1310.323121043922,3989.803466796875,2327.684873764524,1725.2302454576322,800.0922326204769,20.79174605199081,14.137410172699216,0.15537923177083332,0.14361877417989327,0.04705037,0.066419676,8.34
COVID-19,e8a4c9ee-66e8-473c-9f1b-40918a92a928.webm,-542.2715,166.6643,41.339046,39.463223,-11.666484,27.763689,1.4981453,22.56324,-22.26348,22.984575,3.9130123,17.590424,-10.549888,17.14989,1.1337636,16.89535,-10.051143,16.570892,1.7853413,9.853699,-0.36332065,9.189261,-3.2008162,10.361151,-0.7629182,9.802128,0.4414985,0.29216683,2836.6895618051526,684.4960992770438,5601.63871648953,958.2160694805449,2318.220236104048,324.3435798516136,21.118066401695145,13.661811221388563,0.22204651808375633,0.09596746782705061,0.012319932,0.029255629,4.56
COVID-19,c9d68f80-c9ee-4cb3-885b-f4f46fa1c8bd.webm,-518.965,163.22653,37.205933,47.756283,-21.199495,35.468853,2.5907824,32.616154,-22.054165,27.969507,-6.2281814,27.35282,-16.311573,22.956106,-5.072636,14.41767,-4.768366,15.403176,4.8585353,10.567834,1.300878,12.358006,-3.3080645,10.507206,5.84997,10.859398,0.3230993,0.328364,2164.5305373416236,1560.0999915982227,3812.16650390625,2611.9914733766623,1577.5053631268395,898.4395083223193,17.652165735381008,13.044067362498424,0.1251416015625,0.10344844061086587,0.014921312,0.039558783,6.96
COVID-19,d2c91dbb-f9d3-4d93-ac4d-1b0245631c82.webm,-573.5045,141.24706,40.80441,50.256374,6.001486,30.044903,9.518615,17.487066,-8.678614,27.800169,3.8794556,15.505135,-5.8654656,11.300912,-2.1203306,10.573722,-7.4263215,10.915544,-8.760965,11.487736,-5.334136,12.98948,-7.896745,12.480011,-6.0255156,9.073169,0.26771986,0.33262354,1337.3639693575055,1340.6966556565583,2613.3501531953493,2599.735128309307,1409.7554171696383,1009.293404635877,16.39213103194243,11.684531251292535,0.08035003517476304,0.08045125611529867,0.008730518,0.023133306,9.78
COVID-19,583240d0-4e6f-4456-8894-be5a74010add.webm,-434.45847,166.55508,49.015003,51.99175,-6.482319,35.6761,13.287468,24.620527,-11.695464,21.656788,-4.459231,15.548957,-18.940659,19.32714,-8.787859,17.762705,-9.604518,10.311156,-2.3493888,9.374328,-5.328066,8.676165,-5.3740854,7.32828,2.3847334,8.160866,0.3456926,0.31946993,2166.8049120268774,1117.6710447674395,3891.794792283768,2122.5899065420945,1880.172798417424,575.0035329243563,21.09249942089858,12.437768950817302,0.14148585604265404,0.1005903025249604,0.03334011,0.06503891,9.78
COVID-19,bcb90b43-185a-4420-a4ca-dafe8f914682.webm,-357.3337,149.5148,82.6289,47.557,-32.450497,37.782692,-1.4690554,28.987898,-0.38232708,27.666649,10.981295,14.815179,-18.053698,21.016104,-5.602226,13.282735,-0.8128325,17.008318,-1.719554,13.233533,-2.672315,12.089197,-5.4919415,13.029536,-2.9386377,8.703567,0.4112237,0.30724013,1824.0864241824709,545.996677822316,3398.2621990266393,1322.9705978623304,1599.6765815723688,468.546798663997,22.214739444326806,13.93115659508789,0.12137162434133489,0.05221004299437747,0.040492233,0.08646754,9.9
COVID-19,d746e971-96bb-4de2-be1f-a8a37dfa8c75.webm,-355.9932,148.96938,72.92969,91.48222,2.9771788,44.159866,13.54322,33.469868,-17.914398,30.911856,11.336206,26.885538,-20.69083,22.22964,-11.797487,15.618683,-9.703908,17.541136,-11.604877,14.137093,-3.2737408,16.077103,-7.856607,12.587267,-3.8179572,10.335763,0.31990388,0.32379988,2019.8782752472075,1649.081851790709,3286.353910639045,2361.5613359151835,1358.9454527574132,718.6088730478752,21.903482095903136,12.508095498955589,0.1420459533005618,0.1451610189119379,0.08920498,0.13166824,6.18
COVID-19,d9383097-212e-4ef7-9205-b704819ed1bc.webm,-288.4726,199.93922,49.90975,47.99659,-23.206718,35.18841,20.590366,23.422955,-22.620913,31.353745,8.375045,15.791056,-11.326109,15.898473,5.3088346,11.6984005,-13.92508,15.598638,-4.7712784,7.2648582,3.34761,6.994207,-5.6338134,8.585944,1.1771786,7.633344,0.5026011,0.27384114,2748.9267224812024,767.7148092835765,5382.1526839269845,1108.067901016092,2190.8378862863774,333.23343218935815,21.068975613654306,15.579206351198879,0.20643073348637442,0.09991875729048755,0.097402655,0.17296837,9.78
COVID-19,695c085f-a11f-4180-9c9d-7cec980fced9.webm,-459.98563,121.52806,36.89654,40.776524,-17.829659,33.02313,-2.3525038,17.406227,-8.432844,21.233007,-2.0179052,13.714903,-14.56523,13.443911,-14.313313,12.648388,-4.7975264,10.204769,-7.497841,10.590891,-4.479628,9.458751,-2.4199073,8.545894,-3.884519,8.269924,0.35010716,0.3099591,2215.6743990064238,606.6786353997485,4034.6180992668837,1065.815501168919,1748.7306549827051,333.5724514824118,20.992549086833463,11.993583276583097,0.14563508960308058,0.0594458137374076,0.02002774,0.073837765,9.78
COVID-19,acf267c9-3e4b-4044-8f2f-8cb477a6e1d2.webm,-484.02374,143.91313,27.74513,61.35063,-8.006789,22.237743,3.8313553,15.187318,-3.3903399,10.338422,4.1045675,10.971616,-1.2867419,5.7185907,-3.0740135,8.206071,-3.2858055,8.305702,-0.48538116,4.4026947,0.18600303,4.5142727,-4.0334864,10.228311,2.2993107,6.4017262,0.18239751,0.3029219,719.7974020406059,1223.164076014902,1344.6945736687053,2255.1159555860977,626.8748269017201,969.9281691079876,14.278352377543854,8.165433329589577,0.039247790498210026,0.07606743991432928,0.02748401,0.07984893,9.72
COVID-19,e16268c9-dc19-43d9-b55b-b01258603ae5.webm,-302.7634,164.35178,62.173172,51.948235,-30.805302,35.006752,18.156052,28.162401,-22.145699,27.49402,13.764008,21.039017,-29.590412,24.417807,-17.659557,19.486124,-8.376525,16.314545,-4.0957828,20.349928,-15.329831,13.303586,-7.026612,15.877898,4.809419,13.6140175,0.3574885,0.3272841,2367.7970177789425,992.9302492395102,4449.5923828125,1697.5370468940503,1862.3986155440984,410.3733200857975,23.632407827497637,15.526408731028733,0.17863411458333334,0.10416810418929968,0.06992,0.07865195,8.7
COVID-19,7d3a0c24-3e0b-4df8-88ae-95a0ec1c7b4c.webm,-286.87143,218.0414,63.328262,61.588722,-36.07965,39.282467,26.383545,29.885693,-24.327042,26.263454,17.129246,23.702429,-12.169551,15.988311,-3.528516,14.27223,-14.025668,14.457623,-1.5191417,11.906995,-0.46196797,9.575818,-12.611211,11.535727,1.027277,9.402016,0.4164281,0.3094001,2530.6997701746745,901.1032962641409,4605.00753150796,1433.4100999013453,1884.1404531041533,462.7583528638061,21.072518741881794,14.274607645053312,0.19564992076945756,0.09572360062730484,0.10265469,0.12820585,9.84
COVID-19,d90f21db-93fc-4e29-b023-8c2fd6a02931.webm,-519.71985,212.01598,32.096165,59.431763,-33.860756,49.791393,8.789545,26.119295,-13.323512,23.425463,3.8293414,17.11124,-17.811806,29.256943,0.09636537,11.775788,-10.988914,14.485272,-0.42999858,9.57819,2.4282212,7.442173,-8.140595,15.615847,3.5162594,8.46869,0.47171777,0.2888628,3014.1000830173416,755.9516306249631,5461.931954394178,1282.8207412207546,2188.6012144708957,474.1945419910147,19.568498997374476,13.090825028458603,0.2156440376805054,0.08361957469392041,0.026612427,0.054607127,6.42
COVID-19,1510dd92-a632-48ad-b5e7-1853a9e8e61d.webm,-235.05489,194.94084,86.26608,65.48099,-27.253967,36.50681,22.950502,25.466751,-21.147202,26.66367,15.652877,21.143261,-18.006691,19.306826,-3.0874822,14.277379,-4.1579013,12.591348,-0.19884278,8.806749,0.31198612,9.584595,-5.6126175,9.162599,8.204204,10.163969,0.4607735,0.3056618,2254.3592330738848,1006.7572953470689,4244.937614014912,1701.6371104211878,1810.8792046670026,494.03428691977246,21.007186427792202,14.491098087753516,0.15808415291878172,0.10197374588499035,0.1480714,0.18214737,4.56
COVID-19,1c8853d4-5a0b-425e-b211-d20b2d16e35d.webm,-405.2285,164.68628,23.13429,43.944557,-15.806635,37.572258,14.289075,28.378574,-4.159635,22.269629,7.277107,15.286434,-7.982034,16.989956,3.8038561,11.850828,-2.4153194,13.160027,-4.223015,11.6837845,-1.2519975,9.703035,-4.5859966,9.312634,-1.7213782,7.173377,0.18364517,0.29973286,1172.5793956721798,1651.7425670600069,1982.6656503273068,2649.607938730161,791.2928156846602,982.6607829912225,15.714028150701344,11.463020533590079,0.0891362901340399,0.1514929767573749,0.04621227,0.0969475,9.3
COVID-19,94827cfa-1e1c-47c5-a004-6a265a08060f.webm,-474.13196,161.96255,27.579277,50.135258,-20.115267,37.211452,8.427366,22.97558,-2.9431443,18.470814,2.5409608,13.460179,-6.552349,14.880902,-8.335198,15.770887,-5.6822376,12.356105,-0.34606346,8.795235,-1.2554739,9.510755,-3.3309608,8.577598,0.65699816,5.6911077,0.2291514,0.32359323,1417.298916977398,1657.8115330522683,2475.8140689036886,2829.1582171131777,968.124820284512,1070.4568351562446,13.510517811099625,10.539475149937838,0.08848067915690866,0.12418057688891596,0.029198553,0.06916956,9.9
COVID-19,e58d45f3-7d6e-48e6-801b-eafc15f1ec85.webm,-421.21674,152.55235,40.938683,59.493828,-1.8871617,22.155045,5.011009,17.643696,-7.3686304,15.991146,10.465935,23.216566,-12.938036,22.567818,-2.787355,9.736319,-5.796649,10.050367,-8.206924,12.092062,-0.12187497,8.055788,-4.885145,7.460541,-0.10838023,6.65417,0.40083903,0.34316215,2034.5218134434842,1514.2054775341774,4058.2122147225537,2664.1055834281333,1855.5670865754685,972.7062856332993,18.5141551313107,12.003777734318858,0.10595003915572793,0.10436565939799085,0.041167572,0.085761435,9.72
COVID-19,22dcfcdd-52a8-4b42-9c50-c0a3696382a9.webm,-472.44232,155.10686,16.604567,37.144825,-7.378038,23.757627,2.792224,16.383997,-0.6450843,14.042144,8.316969,17.19941,-12.155725,26.345783,5.291481,13.700812,-6.9320226,16.852907,5.804705,12.68572,0.43737823,4.921073,-4.375111,11.093107,2.1870766,8.206925,0.1970623,0.31864238,1044.7583162635246,1575.280217756231,2089.5522699123476,2927.5261646989916,909.2634891584252,1193.279328025736,18.304567558247925,10.134216044664623,0.06456824822154472,0.12652707378092337,0.025355387,0.059401114,5.7
COVID-19,d954acf1-9620-448c-a856-f617f1eca77a.webm,-454.44086,104.651985,29.709352,39.39576,8.95378,17.866331,6.9308944,14.241791,-4.299245,14.102159,4.493317,17.438297,-7.806224,13.343424,-5.157365,8.717242,-8.749662,14.801693,-5.6799755,10.873892,-1.2772405,6.230224,-4.3078537,7.155537,-2.7203953,5.346358,0.38911897,0.33058548,2395.1917087310176,1176.9317724802127,4510.190337558963,2079.3694546486063,2136.7734417927177,509.720924270981,20.21359934989264,10.927800295346392,0.17074757701945756,0.12494281262703935,0.01797348,0.05903695,9.84
COVID-19,e39dac66-46e0-4d6f-b09c-58026674c71f.webm,-487.46796,138.28177,24.6568,45.08345,-3.9145403,16.913725,2.077511,10.122743,-4.377398,12.345846,2.2015078,8.830609,-2.4705646,8.514562,-0.13735665,5.676169,-3.6233454,9.554127,0.88379824,6.1671987,-1.5248721,5.443212,-2.6132102,6.211772,-1.0106204,4.9112287,0.5947023,0.2570471,3199.7873996409553,900.7801380975137,6539.593633905158,1692.776302116822,2728.7841624806024,520.2231859970442,17.812843220627656,11.198174738749683,0.28225501711829837,0.14471680408614693,0.016126292,0.05392124,9.96
COVID-19,c01b9572-1fbf-463a-9d03-e3857ab5d55a.webm,-459.28036,178.74338,43.67629,63.52779,-11.380076,30.864454,11.486704,19.57518,-2.5979118,19.471212,1.7554258,8.002383,-11.243057,18.214216,-2.0133157,9.635272,-5.8980002,10.14966,-3.4911542,7.1280274,-4.644076,7.6419506,-6.6638517,9.601559,-0.89822054,4.2858615,0.3405916,0.3507014,1325.6727220049331,1378.341879575639,2561.181525464328,2617.2169738152998,1202.70561005135,1090.3945242442503,14.741773610063376,11.484548385046784,0.06586384323408019,0.07336745882648468,0.028149722,0.059488412,9.84
COVID-19,a13b9da9-a901-4622-9898-71f76097b98c.webm,-332.7111,155.01273,109.456985,76.409515,-18.389496,34.626186,5.0479746,31.90126,1.9291514,17.666502,15.24578,21.197193,-14.631534,21.394869,-11.763713,18.687447,-8.33346,16.09807,-14.734976,14.981031,-6.2989063,11.813641,0.19666402,9.859949,-4.900293,11.218829,0.32072204,0.3218339,1249.6245172210722,795.332758106891,2168.8302420236014,1622.5321449982948,1164.8042707192933,587.0273222737384,21.72625103723906,12.532002682794136,0.07108418924825174,0.03842945148806123,0.09179421,0.098198935,3.3
COVID-19,69917144-a7de-4389-923c-443396f54721.webm,-394.15033,230.60931,38.782948,57.75089,-28.893242,43.68399,20.992748,29.915728,-28.675394,38.465435,10.775687,18.512487,-13.549142,20.5384,-8.67034,14.931131,-8.041685,13.03621,-6.3245234,10.596329,-4.3694706,8.717229,-3.9246132,9.443826,2.1558251,7.8779182,0.28354406,0.33446753,1642.4596793876096,1725.6250294705442,2788.065052484449,2810.326504577491,1065.4022265022159,1014.3195619922442,14.330966852753855,13.19754830611764,0.10731311093009478,0.12364881885270045,0.071063906,0.116705514,9.78
COVID-19,0aa64689-c48a-421d-b353-c3496bad51ed.webm,-453.33536,156.33926,50.259857,39.189816,-9.15966,33.06451,0.26171875,23.247583,-5.3451524,26.549448,5.3535204,20.75817,-14.656521,20.56093,1.9801327,9.559443,-5.876522,27.695393,0.9276619,15.199712,-3.1859722,9.476135,-8.109472,7.899046,-6.7573395,6.43135,0.35644367,0.32344112,2214.5182461323016,980.8252729213239,4381.8312935207205,2183.345955354789,2057.354599025936,503.12443975630043,21.870496074147802,13.243490686189128,0.19873312245244565,0.19817675899810674,0.02814908,0.0702463,4.26
COVID-19,e586aff4-968f-4299-b092-3e9a59472689.webm,-434.30255,177.07774,67.36394,82.708015,-13.361836,48.8054,5.6503654,24.556015,-1.4661199,19.631348,-4.904674,16.39934,-8.846403,16.952925,-4.075528,11.228678,-2.1874866,10.019107,-0.66631144,7.1500764,-0.3705719,5.914564,-5.4340315,8.1684675,-2.5881784,4.972418,0.37146378,0.3480291,1162.1623727417123,1125.3825847625883,2133.2611083984375,2245.688889012208,1099.7322665412732,954.1434359338637,17.50742671380934,9.68830927771785,0.07721819196428571,0.0919974671535307,0.049596135,0.092077866,3.9
COVID-19,f6fe17fd-c1b9-481e-8586-b40af4b3691b.webm,-465.74542,163.32094,37.50613,52.473152,-19.995525,40.43953,9.505619,18.88791,-6.688185,20.349112,5.2942142,12.691601,-3.1284225,13.658928,-2.4070644,10.449955,1.5171531,9.292198,-3.7694063,8.162371,-1.0502726,6.60955,-1.8232465,6.8435597,-3.6504276,7.869052,0.4514173,0.28537676,2134.130114171372,449.4561672475826,4112.384724167158,811.7827963899865,1907.2868004007828,381.43658357636093,20.169926680804696,11.617666042440835,0.13577328088148585,0.05157426904083846,0.022722688,0.051447026,9.84
COVID-19,f89ce6e7-5b0d-491f-8a69-c1c8c98166be.webm,-507.67975,141.57251,53.882782,30.411953,5.5250473,43.14428,30.462902,20.764421,6.7585173,22.092318,14.516065,10.220634,1.8140849,17.146204,2.017567,16.160137,0.451073,12.672614,4.2141137,8.721697,-0.56773525,7.05673,-5.6889477,9.997707,0.36131436,7.4668083,0.4546103,0.31449056,2031.0052852242081,650.2125130593299,4493.532576650943,1097.4384705712612,2085.0143979807244,356.1651058467589,20.496407260379957,13.36886374820978,0.10105809625589622,0.07910203713732356,0.012485933,0.03370417,4.92
COVID-19,1c21cb68-6ea8-4aa1-af22-2e64007554d7.webm,-440.02896,162.70702,58.311,72.56808,-24.608246,39.549587,8.700796,19.77094,0.9362878,14.545443,1.8469664,13.2194195,-4.8598723,14.581788,-9.146271,14.188246,-7.8816533,13.756594,-5.408128,10.975614,-1.3576119,8.035595,-8.379367,11.3231735,-7.5993295,9.721028,0.19267188,0.2977497,971.3356984891077,1193.9400216880776,1716.0483120742003,2073.522097709101,782.0764179603233,818.7861466201947,16.490274100473076,10.746457930843931,0.05096985152547393,0.06220778197641317,0.038237106,0.06282561,9.78
COVID-19,82b0a0cd-7b33-4070-917e-3190b31e6857.webm,-559.4058,126.82147,14.737031,41.14107,-6.1340876,18.187954,3.8133574,15.214029,-6.1761312,18.750132,3.1738753,11.209367,-4.763514,13.794523,-2.4974186,7.931888,0.1039993,5.816754,-2.580697,8.839444,0.49675074,4.2783203,-2.088526,6.9836087,-0.15583175,5.491385,0.13906015,0.27987403,825.8246575140519,1533.5928255698193,1530.0254965728184,2775.5773259190332,590.6657765871703,1047.8201879177252,14.887775725464673,6.966387611496282,0.055204571418042456,0.12533141575790901,0.009029447,0.031020252,9.84
COVID-19,1b7a8173-80be-4905-bdaa-b471b228b1ed.webm,-441.3524,182.03809,52.02705,60.947006,-35.02602,49.392826,0.66082245,18.094173,-23.622963,28.45859,4.9537582,16.162048,-12.189566,17.246021,-10.957781,13.494917,-7.4374776,13.11552,-7.890584,10.206881,-1.468187,12.916351,-7.189922,10.409314,-3.0704331,7.5852327,0.41748452,0.33218384,2527.951642522528,1394.2225604221223,4385.696091018357,2403.365513597734,1761.4619182508786,820.8528702671479,18.878603312545135,13.003396135234343,0.20797025240384615,0.14564204198944855,0.040526688,0.07444074,3.3
COVID-19,b05935c3-68d7-4a28-aea9-f92fbe295c6c.webm,-535.60944,96.96778,20.187662,33.78917,-4.0989156,19.03738,3.6108375,16.880426,-5.3619857,17.640888,-1.1040803,9.133587,-5.051848,10.977747,-6.734456,12.012095,-2.3296247,7.694131,-1.2648106,6.8600917,-2.2730083,6.791337,-2.2701962,7.302151,0.9103902,5.258878,0.3014605,0.32814017,2030.5797633941659,1395.3764248479974,3841.3040233449346,2477.949590350676,1654.6266722324428,978.7819209745791,17.878627135881093,10.034721624282742,0.11165094601599526,0.09099044239642336,0.0061288015,0.02847888,9.78
COVID-19,49944a66-4aa3-4986-b3de-10efa29e13d4.webm,-386.03555,181.66048,31.390339,56.186707,-24.366446,39.17163,16.725887,28.536144,-35.294487,32.901997,26.166876,27.776579,-18.402672,22.109894,1.4745815,12.058635,-1.5502144,13.028074,-5.8963375,13.17126,4.3420224,11.936512,-10.855545,13.296102,5.64974,10.479062,0.4007102,0.31927633,3752.7736247979797,1099.2021023809316,5708.595022771031,979.4731577709189,1889.6827623729064,446.30364048848725,21.490234191235217,15.55300804319042,0.3427213695941943,0.1198539636914126,0.04368786,0.08141135,9.78
COVID-19,033da4e3-7365-4adc-9252-7347816e4e77.webm,-413.32587,155.39767,43.14161,20.573637,9.343837,14.497422,8.649091,10.814267,5.765467,12.960865,7.6925044,11.412292,4.633815,9.739164,3.8830078,7.4284973,1.0061853,11.916459,1.9005518,8.276239,-1.0165937,9.537341,-0.1542184,8.478975,1.7825927,6.689105,0.54169977,0.25737637,3949.591234362118,707.515377329459,8055.475920563811,1038.0444130919418,3174.6186551554038,273.43067193374065,19.32273054744823,11.570106314078243,0.25015820767773894,0.08811874985610416,0.024010578,0.05639815,9.96
COVID-19,778e49ea-380c-4c5c-9f68-0da49bf22154.webm,-565.85474,150.44508,15.587424,32.928333,-13.211111,37.949127,9.071912,20.15963,-8.926907,23.608833,0.4958548,8.619286,-5.376709,12.926831,-1.0042195,5.3575716,-2.3991046,8.292901,-2.605497,8.169694,1.9965881,6.0213194,-3.6483462,9.354021,2.7540002,8.293925,0.6138331,0.27681375,3133.2820090305813,1052.5857727436337,5909.645397258255,1996.439134937596,2354.6151288736232,815.9758232913764,16.571264810477327,11.129927969455355,0.5386824697818396,0.27922304479504184,0.013220939,0.046934754,9.84
COVID-19,c0643c65-15f1-4f25-9f4e-d42541cca1b8.webm,-382.20016,137.56944,57.089897,41.631397,1.609867,28.268007,2.6884983,23.631035,-24.503838,32.338337,2.636425,16.939339,-2.4720116,17.448587,1.4355073,12.2734375,-5.9496264,20.065884,0.21210143,9.892002,2.0542903,8.76825,-0.5376859,9.079839,0.035248514,6.6713862,0.3561331,0.32522595,1818.4924098561607,826.0664996734195,3546.578787423514,1635.3954538535982,1729.6743522289253,500.6141227815543,21.906525077379335,14.117440957280342,0.1132323080565268,0.08575238664246286,0.03899715,0.08190834,9.96
COVID-19,2da2b65c-a06b-48c8-848f-fd905acb9b0a.webm,-489.60034,166.70421,42.862835,49.374336,-21.81303,40.78801,21.813347,25.819565,-8.458866,23.124868,4.4645925,12.267984,-7.6394844,17.557884,-6.4402165,16.942883,-2.1386306,7.8834496,-6.613766,9.406518,-3.0054505,10.804529,-2.6899025,8.027113,-1.7386755,6.8310285,0.48687357,0.2862105,2592.6781255874284,683.437242404429,4742.03619850056,981.0274072091228,1941.2550537941718,332.0645979538355,20.728904150722464,14.114185254466575,0.19948150224215247,0.07113635736959029,0.016121857,0.030820578,5.16
COVID-19,e18efb30-aea1-4cf9-aadb-0afe4c51c7df.webm,-401.62982,179.4724,57.97381,75.748505,-19.614498,34.50781,10.116513,19.669933,-8.840958,17.067837,6.104382,12.261913,-5.138705,13.647933,-7.871056,12.2606535,-12.654192,15.276162,-1.9118557,7.841457,-2.7105122,6.9538565,-6.6889462,9.854991,-0.5766655,7.09505,0.5082983,0.292308,2426.384871526078,1096.678865017467,4409.688738059093,1916.744686890351,1932.7986381645867,615.1917796026491,19.62076413138269,12.065365373741527,0.18435856968305686,0.11526744377463256,0.056689512,0.10236107,9.78
COVID-19,888f0bc9-1781-494d-9076-a977bc8ae3e1.webm,-528.9126,120.141685,10.542619,33.276806,-11.668733,31.37055,4.8836045,15.339044,-9.514179,19.631678,1.8797067,8.173694,-7.279628,16.172007,-3.4805458,10.000507,-1.3277478,5.7863955,-3.8362637,7.7570443,0.16385971,4.849639,-3.853119,8.998613,0.80135214,3.490515,0.41505656,0.3545355,2385.2183834088323,1669.5706650430234,4219.549660604508,2758.6522428733597,1672.578362971192,1095.8443346980962,17.973903189693033,11.515370746468696,0.17192531469555036,0.15584736652167402,0.00919413,0.03507263,9.9
COVID-19,01424527-9c3b-4b6e-96f1-9eea3150819b.webm,-444.34418,166.83266,42.102383,59.90431,-21.890263,36.176865,16.168459,26.902683,-11.120227,22.553469,5.6938925,17.144533,-10.869279,19.095825,-6.682456,13.789255,-3.8625474,15.381188,-3.5890887,11.031324,-5.6018972,10.450774,-4.605314,8.126035,-2.3945432,10.435187,0.265098,0.33982477,1742.6860366539765,1677.495696432282,3218.7821874078713,2816.3817772061498,1339.4907888776172,1066.18627496452,20.41590841188043,12.433767827967992,0.12871623489091982,0.1780054867542776,0.03900568,0.060993098,9.84
COVID-19,f5a661dc-8161-4842-b1c3-cd7265896101.webm,-473.20398,165.96686,24.374222,48.961773,-15.091925,34.106567,7.7901587,16.509584,-12.065981,24.194813,6.483494,15.029064,-7.3774233,14.649991,3.9691439,12.286408,-10.5156765,17.321396,-2.928781,10.9565,-3.308821,7.8349495,-6.477838,11.001042,-1.4418627,7.621589,0.31254593,0.35724315,2002.178048157097,1718.1937506371842,3662.5104059938526,2857.415860119187,1537.1700460680458,1105.0796076010909,17.29683009124744,13.060340662393646,0.12529731411007025,0.1381532866235131,0.022857001,0.04891237,9.9
COVID-19,0fbbcd89-d79a-49ec-b207-c0f2f32d8d50.webm,-412.02148,171.68634,32.85034,42.72577,-4.298012,19.502007,14.821377,21.073893,-24.847229,36.4006,9.494524,19.353283,-27.933464,28.917742,-3.4687462,14.365857,-8.935028,15.428443,-2.4120893,8.911304,-3.4088705,10.348302,-8.725591,12.931422,2.0173712,8.889981,0.30451706,0.33548117,2703.4577323592084,1786.9293906342168,4624.451841925183,2803.3854133884793,1808.748280097927,969.1848037528641,20.188652560285153,14.440017034087337,0.22200580234945255,0.1947256648097765,0.045260895,0.07239869,6.36
COVID-19,9b58b701-9384-4216-ab49-c6373b6dd8b4.webm,-544.8279,103.06861,40.25583,23.559391,14.02535,13.481019,13.402574,9.302954,8.738318,8.493713,8.498663,7.02114,5.349195,5.137664,0.5087067,9.257263,-0.601732,8.496351,0.807708,6.233723,-0.29208225,7.933289,0.10235482,4.6670184,-0.99551046,4.9272294,0.6383673,0.22748472,3531.4297635573744,657.9985117102827,7486.226371284965,1353.1916014447982,3105.694252114184,323.5145200012663,18.39654810931173,11.688427745677522,0.21651119063228438,0.054034120947696856,0.0057712574,0.024182744,9.96
COVID-19,36090427-bc31-487b-ae27-1b7105ce39ca.webm,-252.08122,191.15224,80.01697,54.200115,-28.372131,35.461388,22.75329,31.894886,-35.46761,28.198599,19.544651,18.70663,-23.033672,17.476696,2.3827455,13.284067,-24.514845,21.920635,-11.922045,9.422115,2.0803237,8.344421,-13.073006,11.139824,3.6614559,9.532892,0.42381418,0.31360635,2637.895726542584,1139.3265173988,4984.819495159647,1784.6719632267364,2002.7936318839654,535.2959636710723,21.699538272532763,16.77370390279826,0.19177511463994565,0.12451191644841292,0.112561725,0.13025394,4.26
COVID-19,acd3adc4-4f5c-4144-8dd6-3ea2063845db.webm,-456.0218,127.166855,55.57555,68.41778,-2.1168318,26.207804,-2.932853,23.23946,-12.981765,21.985313,1.9165872,18.510618,-5.0167513,13.3144455,-9.733235,17.057674,-5.665356,13.557944,-4.605282,14.759618,-0.66610694,11.553688,-3.1250718,10.575765,0.3164304,9.632948,0.2705866,0.32158557,1630.986943804136,1138.9500181064793,2877.277907778938,2223.266756756654,1533.9683617644455,860.3823875976043,20.91657481450949,10.447218293260889,0.12077211366348449,0.10805259654512496,0.033748507,0.07107038,9.72
COVID-19,69c0f99c-1358-4af4-8888-ececeb77e657.webm,-470.29822,165.21208,38.296646,37.594254,-6.248567,21.55842,4.693426,12.624953,7.967164,10.731262,-4.334172,12.873516,-12.74255,16.815802,-9.702832,13.7371435,-8.553169,13.430413,6.3520894,9.99679,-0.98359776,7.177168,-3.8432076,9.559462,6.552047,10.952101,0.44490227,0.3124538,3046.2661824931615,862.7623413910537,6319.518274694056,2065.721431812836,2748.581501251603,505.72171621005344,20.634593221433246,11.701252467881687,0.174525832240676,0.06498981703178332,0.013434705,0.025406368,9.96
COVID-19,0837bd59-09c5-4098-afe3-4bcbfb0fb0e2.webm,-369.57242,180.01266,38.54903,61.175358,3.280279,36.01295,28.51257,29.885406,-21.30003,22.397245,20.537762,23.443384,-18.385393,16.547043,-2.7946208,12.180245,-9.629103,12.4253435,-5.215901,12.292001,4.562294,9.310354,-11.339729,10.943724,5.1085424,9.183303,0.41926455,0.32156667,3190.3586878736282,1377.9568562783957,5341.116883324795,1775.3891919673729,2033.0600511163914,554.5460631091712,21.633747995782834,13.984811535937128,0.30055940793325525,0.19364777617724438,0.06885134,0.14210805,9.9
COVID-19,126b940c-b6c6-4d3d-adc2-92aafab911b4.webm,-445.7139,195.21844,37.45425,45.2975,-25.88142,35.22106,15.320316,28.923508,-19.51433,26.265818,8.005936,16.97481,-17.547264,23.947092,-10.909675,15.300594,-11.75994,16.415161,-4.406047,8.580556,-6.047439,11.719594,-1.7329715,7.625337,-3.8032105,9.732553,0.37720093,0.32927993,2562.5761732158835,1387.804272209839,4552.6819402521305,2316.890092663065,1825.4538902940635,903.1415379881687,20.014159937294064,14.279400009824624,0.16620982776988635,0.11744088123954982,0.03377002,0.062225323,2.04
COVID-19,c67bffd4-1620-4f80-9b40-5661d595a5a0.webm,-431.4114,144.17699,42.652225,47.91819,-6.9399476,23.34076,4.317853,17.508535,-6.264164,18.391348,12.469713,19.851534,-9.437286,14.920506,-12.391291,14.927667,-14.791152,15.953075,-4.7587643,10.439616,1.1541897,9.214324,-7.665382,9.755224,-3.127971,8.43785,0.3682788,0.31969145,2165.4683700177525,737.1565644642395,4362.818583504099,1426.6816501609605,1918.5553631252392,375.0547700415985,21.027611521700464,12.381149039167703,0.1411372950819672,0.07730056317227797,0.030664288,0.075025976,9.9
COVID-19,936268f0-41a3-421d-bd18-8e69e597e84c.webm,-353.73273,204.66599,52.617897,54.349735,-47.227474,52.011795,17.275673,24.091629,-10.766187,22.945965,16.52874,22.156967,-12.210454,16.506554,-9.807711,12.945864,-3.7351735,10.761334,-7.6676955,11.000588,-4.0509934,9.449515,-4.6940417,8.0867195,-3.323996,7.140942,0.48509446,0.31883267,2593.898391936589,1164.2059659846518,4654.891722741789,2057.756462222094,1818.9301809260553,722.4565549719174,19.195442506932448,13.192400942819518,0.24971368423053528,0.2122577952734475,0.064735286,0.10420376,9.54
COVID-19,e136f725-f618-40e9-82e9-d4712a5479dd.webm,-339.58115,164.47601,86.327324,80.79414,-24.201063,37.68643,22.326908,27.826363,-10.946791,31.061472,1.9030334,16.31786,-14.483477,19.286507,-5.893735,11.713043,-5.240306,10.487162,-11.648571,12.866861,-1.244772,11.675217,-12.151584,13.091171,-2.9033444,8.555298,0.48364094,0.28489247,2211.1221105506315,1074.8499576424624,4025.23619453862,1699.2910427222484,1662.409220152874,480.855813501832,21.176914827663552,13.278220530289925,0.1685077019457547,0.11316834976763637,0.06259983,0.080573246,9.84
COVID-19,74d33247-658a-45ea-a641-5b736ee5498f.webm,-562.6278,154.87628,49.808002,40.389263,2.1864228,33.49054,26.092451,24.083393,-2.5716696,25.381119,10.402269,15.740457,-1.8334682,12.842567,-3.777003,13.959103,-3.4959812,13.682186,3.2765667,7.139111,-0.27031025,8.254446,-5.8944297,9.474559,-0.25544992,6.553316,0.5450632,0.2710067,2629.335333840433,740.2343248778191,5079.525181032576,1334.78983880125,2198.398497037055,392.97443345871284,20.427611355540325,14.297460285924869,0.17654015882959906,0.07105981107393675,0.009140804,0.021336209,9.84
COVID-19,9ee376a0-375e-4cb2-9337-71f9f5a4f5a5.webm,-495.66327,132.65309,36.571014,52.050617,-8.308998,33.377872,1.1251948,13.804959,-2.2831516,14.728312,-0.026636593,8.54008,-8.925266,17.063913,-6.151233,12.742191,-3.8847642,7.5404544,-1.2054087,8.48764,-1.2890896,6.542612,-5.2519135,8.544588,-1.7299827,6.3227944,0.55629945,0.26732677,2299.5921586482145,656.7390780334398,4598.977811219263,1325.9755909610674,2067.759111624466,481.978574925804,18.656789902393744,11.19181118229834,0.14955357142857142,0.04273013966628919,0.019711906,0.061868742,9.9
COVID-19,7f8e60f4-5cbd-4ec6-bc73-e8ab2b6c3abd.webm,-395.47122,200.41055,59.629036,58.46634,-16.332521,34.716755,15.844187,25.1527,-19.62135,23.86313,11.657735,19.506506,-12.059055,17.407724,-1.8866073,12.968296,-5.3270693,14.132597,-3.4676518,8.129257,0.81984323,7.341934,-7.53171,9.8968315,-0.6196212,5.627545,0.4446401,0.3139321,2234.1286728166706,879.3225501159149,4447.396654601491,1519.8231128910109,1947.4345445566225,536.8428707884344,19.732201466976644,12.909305357491998,0.18785613173738533,0.142867049428486,0.057532653,0.131062,5.04
COVID-19,d5a1411d-d312-44b1-a37d-a387ec13df1a.webm,-385.30853,177.17493,57.79538,57.62495,-3.1348186,18.179539,13.502751,24.75178,-16.54763,27.270435,6.0343356,20.411018,-11.827567,18.966425,3.7725055,10.15027,-4.8030005,11.979251,-6.019463,9.769246,-0.1303838,8.197514,-8.886088,11.936526,-0.7249841,7.035841,0.4456437,0.30791742,2585.766250292982,1054.0972755351029,4931.750435890558,1752.8635366156989,2100.139897528449,422.4678078019965,21.58925293009477,13.676935329688472,0.21005314511802575,0.14003238296948572,0.04791786,0.082396224,5.4
COVID-19,9bbc6186-f18d-4a96-b92b-37d25b390bdf.webm,-428.3707,147.31555,56.530407,77.161385,-24.565924,35.400337,-4.2327886,12.918859,5.541292,11.735999,-1.9456761,9.246696,-11.082627,14.318457,-8.323479,12.681173,-6.6185145,16.877453,-6.6459217,12.87728,-4.7315493,8.976271,-3.1815143,6.646463,1.4811648,5.73349,0.37250537,0.30998102,1848.4044711556608,538.2974553278913,3164.595313338251,1238.173395710197,1534.3501120632552,568.0767494808166,20.19171244028985,11.359809642444441,0.12760067395386265,0.03540835254107206,0.03683417,0.06728413,5.4
COVID-19,49bc7b95-fbe5-4933-886e-8752b8acf842.webm,-407.98688,195.68994,18.152637,34.394093,-32.08407,48.830658,10.090007,18.86077,-19.76812,30.634024,7.4262705,17.764896,-20.34763,28.626377,-5.8198977,11.801039,-10.87181,15.835651,-1.6811597,6.962815,-3.9163375,9.484694,-5.448745,10.174317,4.4319334,12.97644,0.5369386,0.30931085,3648.9049955569963,727.3593868513624,6373.278006671989,1143.026379639489,2375.536054406824,430.47381389342326,19.505090809715863,14.168570596885496,0.4666376786800487,0.24270262321224667,0.046202544,0.07831103,9.54
COVID-19,6f2e1f59-6d57-499a-8c26-978d80255271.webm,-420.27072,172.32317,44.084064,66.7582,-10.251144,35.601746,3.4432294,17.037363,-9.964946,28.128962,12.914604,20.65721,-9.121439,17.566261,-6.7593937,14.368088,-12.243353,17.542772,-4.892904,10.676499,-2.5141704,8.819845,-9.627487,15.500724,-1.9197817,10.21886,0.17625804,0.2871837,1044.6964788239447,1525.5506525473702,1729.3805174018503,2416.334573053923,784.4734943941827,930.0101430736189,16.42159804462988,12.075332085242927,0.07445495825812275,0.1272522607059911,0.056629788,0.10197653,6.42
COVID-19,e389b2e1-e6a3-4b8d-a6f7-080890003015.webm,-194.51834,188.40793,71.07851,41.122,-13.527676,31.58299,46.425907,23.621527,-40.785915,32.81364,37.48445,24.551996,-43.639397,25.02238,11.138316,15.575927,-25.199253,16.10868,-0.8984553,9.163527,-3.600078,11.436063,-10.6875105,8.710118,-3.228357,5.665452,0.5192057,0.27944082,3182.7440746770876,948.2281381627682,5737.494365985577,1447.0728953611858,2301.488258892919,315.8233347558329,22.629988953911987,18.508815538176474,0.2648737980769231,0.11578145620408141,0.111478135,0.09888426,1.8
COVID-19,ffbca476-8b35-4797-bc8a-b7f0a2f24b55.webm,-452.3628,115.45333,36.238537,43.216915,-5.40237,40.767715,11.26034,23.99678,3.8691235,13.802174,4.8549085,9.300535,0.75715953,10.785904,-5.3731184,15.330393,-8.143631,13.048925,-9.272406,11.627657,-6.156735,7.5833483,-6.0478125,7.671916,-6.2897577,8.198241,0.3900571,0.32987413,1842.4164026378596,920.2246652574257,3641.3049916752047,1910.3254609916235,1829.1975663662658,653.5180803489808,20.247967688622897,10.75724924004447,0.10445902554156909,0.07016676125559367,0.018171044,0.045395866,9.9
COVID-19,dbc83f8b-7906-4534-83d5-f4827287749b.webm,-491.3522,104.68819,22.413841,49.59529,-0.7959734,17.403456,5.8050876,20.236395,-0.5904517,6.4333057,-1.7142439,8.506684,-4.4926567,12.682428,-0.63431525,6.6659837,-2.1640317,7.934648,-1.4018819,6.9255147,-1.3670627,6.1595206,-2.7070744,7.915888,-0.047311563,3.5295107,0.25669584,0.34362516,960.8135805146516,1284.699198344608,1888.6508018092106,2486.947446224992,936.4680483885554,1103.0875187435377,16.636299448971766,8.470888801260697,0.04174890350877193,0.056803131978590535,0.014198665,0.047029905,6.6
COVID-19,86b4b29b-2c0f-40e3-9d37-644b492ea570.webm,-384.2898,216.69104,47.946373,55.355133,-40.40455,55.272568,13.142659,21.427227,-22.573856,33.119026,9.436238,24.540129,-20.089247,25.271425,-0.27451995,16.14551,-10.338303,16.593357,-10.36174,15.893576,2.8366158,12.357177,-6.0483603,11.5226965,0.4168819,11.530253,0.29013965,0.32950848,1878.3144176848016,1481.860143359984,3440.564022424086,2674.673507767827,1387.3692962641246,996.09006510215,18.17958486468569,13.6229215733379,0.13833790905070756,0.13653048001733656,0.071374945,0.09868439,9.84
COVID-19,f5231767-4f81-4b7a-bace-c6eae80fe56c.webm,-590.8459,154.94908,20.234148,45.100075,-6.812437,19.618643,7.168912,23.670147,-6.0700383,22.232853,5.5792804,14.566104,-4.1489463,11.604122,1.0539594,14.289614,-3.3893087,13.815604,-1.1004943,5.773479,-0.18033828,4.6953263,-2.0549524,6.9848666,0.3419482,3.060886,0.1599548,0.30061296,648.9377917066131,1195.2437790932781,1298.221243765586,2358.8551105613933,567.6485477374914,975.363279205618,10.00655023949122,9.453033848114666,0.036153512702618455,0.0763422670454533,0.0088175535,0.025245335,9.3
COVID-19,d8fc622d-69af-4433-9f5d-e885f50966f9.webm,-523.76105,110.38843,24.329803,41.705925,-4.8862453,27.50529,-1.8439403,17.294744,-5.3155837,17.756908,0.8440063,13.77597,-8.210418,15.125892,-2.5697978,9.238023,-4.1634307,12.759466,-2.0962088,8.897435,-1.8354125,8.387411,-3.553945,7.544721,-3.3021421,7.595888,0.27619,0.3489847,1116.0133479489216,1390.7603049782645,2126.8534876566227,2520.095148459304,1032.2908071215477,1066.3623760313549,14.554976877556888,10.18940783676991,0.06083238551610978,0.08062884032592828,0.00934635,0.03547696,9.72
COVID-19,3ac4c15d-fadd-430f-8866-399b9bd19adc.webm,-428.54443,128.00044,50.704426,60.497654,-20.028301,35.250004,-5.6025243,35.371014,-25.4214,25.514858,-9.801792,19.387756,-13.292774,23.159298,-8.906554,20.001972,-12.889495,17.620478,7.1276197,16.483488,1.0087106,11.918446,-12.449809,16.152105,6.2208996,13.792095,0.36233577,0.3283259,2416.635981648678,1061.9803866127768,4377.316934554303,1973.7079536476365,1813.663179551701,613.7241755667043,22.825416755158678,13.675922096122832,0.170227193720726,0.08924415672198127,0.027028756,0.05173213,9.9
COVID-19,b60e7ee3-64c2-4982-8212-750b4dbe8c66.webm,-491.5508,144.7953,21.934368,36.615784,-16.600922,31.56895,3.4200423,15.831173,-4.1707954,12.043896,-3.3505466,15.958489,-9.739209,15.232192,-4.499474,11.90719,-6.2392244,14.812484,0.10855114,8.440746,-0.4066479,7.215905,-3.5695827,7.579017,0.317184,5.494572,0.5224157,0.2969456,2939.971764288809,936.0580810935085,5561.817158341973,1645.7512501856356,2272.726251575876,657.6411523817565,19.99675873029925,12.173519333732589,0.28748657805094785,0.1416822111948997,0.019854246,0.077725776,9.78
COVID-19,0258c88d-f133-4d76-8c7b-8268a0048565.webm,-531.20013,97.79871,21.124987,60.217415,-4.0639777,19.573997,0.13005243,6.9653115,-1.8463607,6.309729,-2.0796847,7.3827667,0.91000104,5.722361,-0.72515965,5.6465893,-3.1122425,9.199305,-0.4999376,4.4361625,0.46850514,3.267899,-0.4326088,3.7291477,0.79563594,3.132095,0.09074466,0.23497002,266.3532950059007,678.4843775299677,505.4689814129147,1312.8487855563105,266.5137926995861,650.1831750572142,16.221289318988916,5.507977573611415,0.01448529139514218,0.042332251469351635,0.012807763,0.044802517,9.78
COVID-19,864b3b33-c30b-4215-a6ad-66be69c07197.webm,-467.04413,136.651,28.955263,54.036217,4.1140113,27.09424,12.127718,21.359806,-1.1415248,20.997643,6.8695836,13.934067,0.04621598,8.897906,0.9328638,6.5973945,-3.039986,11.933494,0.7753638,4.433015,1.2566899,5.2855835,-0.95450723,4.7784047,-0.063070305,4.097831,0.3186789,0.372817,930.3139415836183,1435.7503176955668,1758.3748333827014,2602.093568690586,945.2527111014595,1076.0456161240181,13.874703173915265,9.414575880110299,0.039870131072274884,0.07300970941799859,0.02295143,0.06026593,9.78
COVID-19,afadbd6d-433c-4ffc-81da-1f0217bac43e.webm,-466.14218,131.29138,12.518347,38.846844,-7.6340795,24.437426,8.56617,24.988762,-12.972015,21.876328,5.3196797,19.30301,-9.592081,17.51978,6.0735216,10.377494,-0.7633227,8.822149,-1.8518398,7.1374707,-0.12517732,6.831451,-4.2115374,7.1718044,0.30355245,5.613526,0.33334476,0.35749915,2287.6936696657453,2103.2037845714885,3651.68937213048,3077.1874305881033,1287.124161005114,1039.540370727644,14.82236640778629,12.629463981770098,0.16357190462085308,0.18139926020387542,0.017327266,0.06696781,9.78
COVID-19,cd05d1d9-ed06-4fa7-b0d7-3e43c89eb45b.webm,-625.19824,150.17055,21.085886,49.204514,-9.108228,28.383503,4.2165337,14.138843,-3.01441,13.458325,0.90817195,11.189668,-5.8587184,16.120363,1.0184096,5.615759,-1.5714238,7.8766446,0.10205303,6.847757,-1.300084,5.6664934,-2.9575238,7.8789773,0.51618135,3.7721813,0.6514664,0.3420204,3438.907054631027,1791.7730241307765,6167.764512547907,3050.856103111823,2304.408670423769,1023.7359084688039,14.223056489866059,10.742698838465257,0.3784053010760613,0.2873774026096249,0.006114315,0.02046257,9.84
COVID-19,7bff1a51-ef9b-461d-9d5f-4538d74b0fd9.webm,-470.77402,172.8528,55.89323,75.807205,-4.96834,23.001802,11.579655,21.060417,-12.32565,19.665741,5.881377,15.347631,-3.342292,9.690676,-0.8639224,10.522802,-6.6096187,12.722266,-0.15613297,9.077188,-4.1412416,7.293137,-4.18922,8.551908,1.7693697,6.9382377,0.43447158,0.33973417,1710.938761451406,1459.8979214013534,3275.4926837858607,2528.4552005256382,1530.1046926958134,977.410904880022,16.816505836985236,12.85368870437533,0.10089239973653395,0.10611411607090267,0.027255638,0.05314102,9.9
COVID-19,2aa8f538-07ca-41f3-b20a-8d9e5ef24cfe.webm,-429.40427,132.8576,65.79251,39.642094,9.362211,31.561909,10.695526,17.92998,-10.224117,21.6629,2.222235,19.008419,-9.821616,13.803606,-3.791238,11.836563,-7.4726195,10.51744,-4.3891892,12.148507,-2.5789216,8.925366,-4.6072507,9.924125,-1.3937621,7.5919585,0.38171703,0.32165888,2114.424788554674,598.9011799007974,4757.198946593237,1536.6083846323463,2161.874109186825,406.1624876728324,21.79277142288189,14.770185875541106,0.13097029603337237,0.05721900662476663,0.024641804,0.05881788,9.9
COVID-19,8d33620a-f041-4c6c-b55d-78c1ac9eb8e5.webm,-462.24222,157.59671,27.8329,51.523243,-12.351109,27.916164,1.8267708,13.111153,-12.466191,23.895676,4.323018,11.17605,-2.7107544,9.204773,-1.0352014,6.961574,-6.43796,13.231065,-0.73802155,4.1331034,-1.7150874,6.3283863,-3.0058959,6.797984,2.240588,5.9620733,0.58241564,0.36637858,2915.7914374061506,1628.6014544167722,5259.892689098011,2839.514866708838,2032.3119723817622,986.8862800097467,14.868428943920003,12.32269591233915,0.18372568458017677,0.14987355565567007,0.024088314,0.06364138,9.18
COVID-19,7c0c7e95-4a6b-4d75-b46c-6cb8cf280094.webm,-438.11728,145.77736,54.35998,65.096344,-11.104528,29.276695,5.385739,18.818485,-12.353804,20.774588,5.4330144,18.533936,-10.429576,19.19229,-8.453932,15.099969,-0.30902377,15.570572,-10.828409,17.019882,-2.6104512,12.718209,-5.26509,13.7338705,-3.0312095,9.763308,0.40188125,0.32289907,2250.5103471185585,1231.2480072080837,4251.394340132757,2233.6109050902173,1930.8946063669994,747.4730057142291,20.394896254268605,11.036931562478655,0.19593363104116945,0.1548256550718578,0.032401025,0.06786895,9.72
COVID-19,b0f187db-9026-4791-90dd-f845cdb3f90e.webm,-405.43585,163.55302,52.999065,58.970848,-13.205997,38.302452,11.848421,35.15481,-14.764082,28.340092,5.5557017,18.153976,-5.0576468,19.111107,-2.3544333,16.13548,-17.213863,19.736998,-9.47425,11.676426,-9.513678,11.803668,-10.505162,15.919803,-0.98865044,10.432643,0.32879716,0.31586203,2243.8701439145934,1255.5944502248287,4003.9495849609375,1954.240205813424,1773.427546241635,679.0867226299297,22.376711812014882,12.624484251934662,0.15504421657986112,0.11262457997480058,0.042043887,0.07522988,8.34
COVID-19,ce8ccb5f-c7a3-48e1-839a-a9c4cd71ab3a.webm,-384.7177,196.91661,60.311775,61.090725,-33.973843,46.1232,16.05173,31.257473,-13.144119,23.203505,8.733441,26.337233,-24.077385,24.66734,-4.089782,17.47673,-18.66553,18.66384,8.1085005,19.872002,-1.9609748,13.635117,-6.5912085,11.815224,7.3698816,13.369173,0.32952133,0.3272198,2275.752121535273,1243.4372879158564,4253.521988855154,2287.461478389998,1763.5316450550795,717.2424111170083,21.688800120257124,14.733086508289745,0.16244492372630331,0.11708546204807199,0.043296777,0.059569415,9.78
COVID-19,d5286bf2-cff2-40a4-8075-e198c28c8e5a.webm,-400.29367,153.02542,108.40697,33.91833,20.211977,33.3818,19.845459,27.72816,-25.441694,21.3332,-0.54284334,24.845884,-17.513632,12.8671055,7.651903,16.591188,-7.7903366,15.552746,2.6368315,16.687033,-5.4566784,8.985495,-15.312127,10.195205,-6.7044134,11.752434,0.3490531,0.3217599,1695.2699363667264,731.9483008734536,3592.1851967865564,2047.6672002565658,1905.1311812308727,491.46971933781094,22.897049059076085,14.188887669429736,0.07869619693396226,0.042986202285272015,0.037117545,0.07204502,2.46
COVID-19,639c6225-edd2-4f9c-8c7f-5fedd57ef73f.webm,-468.20572,175.04694,30.97428,49.362312,-17.15849,34.231533,7.092938,20.05493,-10.654341,21.94288,4.435332,16.841354,-10.116648,20.27851,-1.1311224,9.119998,-8.035187,14.784628,1.1369944,10.014199,-1.4790403,8.319914,-6.4031963,11.604398,-0.7237598,7.6559734,0.54873836,0.27263376,2688.468473329968,525.3908445307727,5343.033187115779,1091.7464812154303,2300.482178711422,382.6573614275749,19.39797852970783,12.87856146823051,0.16504249304742388,0.04738920943887559,0.027345603,0.05983818,9.9
COVID-19,cd9de27d-87fa-43e6-a452-8cdaba3eae4c.webm,-297.29123,186.06506,64.156204,47.67283,-41.584194,41.087383,43.709015,27.808323,-29.760643,28.867477,16.27759,18.454739,-11.403707,17.39819,0.22592972,14.42572,-7.9400663,15.444975,-11.7449875,13.586531,0.009306171,5.730293,-4.063867,6.7117786,0.2684062,8.8796625,0.47450563,0.2909692,2678.208736983792,843.6259774696887,4730.126953125,1045.329154216656,1864.8756566813015,323.5568208031971,21.662309891611766,15.845328568733773,0.2113333037405303,0.10618810317099966,0.062635146,0.08578515,3.06
COVID-19,6d194cdc-ba5a-40ba-8232-5bf150026c67.webm,-379.8805,198.89905,55.30046,55.40225,-33.485954,39.103535,18.591234,26.433176,-31.083727,30.23925,6.4772644,15.495574,-21.6094,24.815126,-2.2889068,12.304417,-5.6255083,12.615114,3.118062,15.059046,-10.748305,12.959095,-7.7720375,11.371032,3.6820729,12.285204,0.3167146,0.32205382,2303.0730375490466,1719.4618202251306,3987.1055201480262,2644.288207072886,1582.075841220476,869.6311855573365,20.298741512761577,14.79975769915306,0.14460834703947367,0.12311413373827498,0.04303384,0.06559755,3.96
healthy,78dab35a-dc21-4ffa-910f-71b87d314e0b.webm,-359.00192,156.40477,46.447044,54.95823,-45.437508,46.613323,22.723688,36.90419,-48.44062,34.22475,-3.3118896,27.258928,-25.706074,26.117472,-5.4521956,20.126703,-10.320856,16.503384,3.128436,15.618638,3.730451,17.647448,-3.8781009,15.411939,0.58194447,15.706952,0.33973396,0.31218147,2934.3002616295985,990.7715704520353,4965.036169838566,1196.4183026471735,1836.70540305353,335.8150285664312,24.37328657229007,15.883343997229707,0.23596480672393366,0.10536171639186492,0.042909876,0.069174305,9.78
healthy,c18be4ba-eaa8-487a-9343-2c45af6c60aa.webm,-446.03555,161.27426,65.78979,40.96881,-19.874851,30.867764,-0.5940051,26.503187,-9.673844,21.448668,-0.24100593,19.05648,-24.133377,18.620462,-14.126958,16.68043,-6.1505957,14.4730425,-0.84377635,14.41854,-2.7196717,15.503259,-0.9969572,14.815872,-3.9059744,12.9012985,0.32728302,0.3141414,2019.450830813177,822.6203682372653,3770.6194684222028,1571.439370746892,1708.9083261692715,419.8750651383967,22.511217882943253,13.091234433450479,0.13024589342948717,0.05500639906974171,0.025327088,0.05387523,9.96
healthy,1ced493b-2a51-475e-a52f-96e4afedd9cb.webm,-394.24237,143.85138,60.667717,63.3297,-15.039359,30.007599,-0.9352317,13.4445915,-12.7444315,19.355507,-2.4811485,15.792532,-10.913571,16.260578,-2.5646877,13.881808,-6.280971,11.658089,-9.223251,12.957722,-6.7884746,11.647236,-7.1124067,12.017064,-3.8642004,9.897874,0.29860824,0.33754176,1468.749992047239,1266.5679568405358,2701.7540241109914,2236.987914890372,1291.1873318341372,875.3054963525464,18.86293870001094,12.35371938917702,0.09033924722906404,0.08355927616420367,0.04500612,0.079904474,9.42
healthy,40d85036-2361-4e93-a79f-b37c443ecca4.webm,-424.6702,146.8698,40.1645,44.796955,-43.72638,51.813034,-4.9656487,13.761396,-0.8277545,16.98366,-3.545637,21.42301,-20.104221,22.1874,-5.498089,11.167798,-4.60991,10.898848,-4.0259056,9.29211,1.3457407,6.441428,-6.827152,10.601502,-2.5730476,7.363217,0.4232886,0.29367262,2551.758362942448,883.2229334618795,4490.977894176136,2121.378504204345,1910.2380499951205,726.3930622150427,20.657645302250614,13.581255345041898,0.2629172585227273,0.1758319525539201,0.032918133,0.07678009,9.96
healthy,32f74938-529b-46c0-a6fa-ecd32b5552d7.webm,-569.50824,107.16898,9.899329,30.04566,-8.914871,25.140911,2.0904377,12.591289,-3.877776,12.750804,1.2436512,10.861552,-1.3617013,7.854446,-0.49799195,4.874976,-2.9981148,11.924554,-0.018292427,4.401525,-1.2773798,5.0293803,-0.6654226,5.608649,1.5743921,5.94761,0.13821255,0.27282757,845.8274772097328,1507.4635275220396,1495.8466151975235,2656.752975238518,568.0547581478702,991.4180537587521,11.998298004742239,8.218958136200976,0.04962734006485849,0.10381176204485008,0.0051140413,0.02466682,9.84
healthy,4d806c59-3211-49fd-9359-5ae88a49c4d6.webm,-430.24698,181.29507,52.435616,60.400032,-17.738625,39.125797,0.69303876,29.462769,-11.542079,25.888199,14.961584,25.269516,-8.605141,16.243078,-7.084815,12.686889,-10.05674,14.461209,-8.596832,13.304189,-1.9198759,9.254524,-9.624968,14.406564,-3.351259,9.690027,0.29227346,0.32954696,1450.0462361851603,1422.7032980659483,2634.4991515112706,2492.8383753476546,1156.3340647971743,931.675551830791,17.461228300238616,11.922295975446321,0.09544057377049181,0.10256124360772459,0.047560878,0.08850316,7.08
healthy,66473f18-f709-4c0a-bc99-91e621b3af49.webm,-472.35834,128.25772,50.22758,33.80524,1.2986455,26.540289,1.8251308,10.859,-7.8093486,19.334867,4.691431,8.228477,-5.628988,19.051628,-2.7598486,6.9459424,-8.339865,15.575263,-1.0793891,6.205698,0.23983254,6.305589,-2.9481833,6.8728123,-1.83767,7.026437,0.49724907,0.27246058,2361.2768352219773,469.6979720962062,4986.2201328695255,905.1023535618972,2118.8946187817287,238.35097543926497,20.495380108708627,13.614626090682565,0.1424367491636253,0.04917384538081585,0.02016358,0.06346239,9.54
healthy,0a24fc10-114f-4741-9d4d-516848db8edf.webm,-432.76468,177.09145,58.865795,67.80064,-41.079895,61.760197,26.644262,39.808285,-10.43506,34.13775,-8.24378,24.458523,-11.070169,21.35922,-9.916559,19.258127,-13.38261,20.355843,-3.166406,13.409417,-6.9487123,14.565706,-8.026824,12.548112,-0.75235575,11.439922,0.36639816,0.33398232,2065.256408299863,1283.5986564309005,3539.087792266187,2147.2141883446743,1456.622677352762,808.2625453773634,20.39711765650046,13.142101662401808,0.1496681561001199,0.11377700158257774,0.03812452,0.072754085,9.66
healthy,d212b011-d1ef-4fb0-bcb8-f40f6e4c79aa.webm,-472.11487,146.22076,26.648428,52.995045,-8.811254,28.497496,19.564844,29.137829,-6.275442,17.54537,6.684015,14.919336,-11.395189,17.667109,-3.1892424,10.411009,-2.0921268,12.594835,-5.785531,9.341059,-1.8363461,11.259005,-5.3942738,10.724206,-1.0986469,8.2668085,0.50512344,0.30203083,3067.353802625036,945.333106910805,5424.353290804856,1203.1071141346986,2136.744509376557,450.50216740033966,20.034244797616,12.600384374585756,0.22546650179856115,0.11067877700599266,0.023777036,0.059786152,9.66
healthy,e040c309-1588-47ea-ba0c-9e3b6a8f8358.webm,-480.09113,178.14017,34.66083,62.638226,-15.523237,33.64591,11.197978,24.261787,-9.408775,22.670582,11.044687,21.994944,-4.2175856,13.477747,-4.943458,11.164592,-8.503625,12.575428,-4.3510547,10.264167,-4.2402864,9.262641,-5.6295757,11.250522,1.4711261,7.052227,0.39892486,0.3254205,2306.2840815354994,1347.5807283054658,4411.517914318648,2556.902755902143,1853.3229527709204,1007.3286689210835,17.602626074128803,11.70785917981678,0.27699154713114754,0.2434181345189809,0.033584516,0.07200102,7.08
healthy,e8adfae8-cb31-487a-80a6-7baaf6ff6191.webm,-461.43015,206.02483,37.162693,30.48923,5.677244,21.11133,19.215042,23.006147,0.7899356,16.216501,0.12804168,10.977433,-4.536426,12.795902,-3.5119393,10.920813,0.51444495,9.7720375,4.1525364,9.341,-0.76396143,9.394112,-1.4817449,9.955937,-2.1331422,10.219125,0.47389242,0.27879012,2459.036852305278,763.8646766572269,4985.71171875,1465.8884727808613,2424.966565883782,399.1968344371649,19.259829208745696,11.288084396038265,0.13775,0.06210535855724076,0.029656911,0.06819661,2.88
healthy,951b6318-e834-4f99-82a3-50ec8c38811d.webm,-421.1666,146.43411,41.80714,39.61314,-5.1586065,30.044497,15.712917,28.089882,-19.733753,38.626144,0.029387994,14.860302,-6.8185897,15.061331,-4.521916,12.43365,-2.0188813,11.301239,-9.4664545,13.566493,-5.125242,11.706194,-6.051242,8.7248335,-1.461599,8.5795355,0.2469011,0.31107676,2023.1990565064705,798.5687076789997,3746.624264106931,1229.046236586617,1803.068082150933,349.0483939242328,23.40558493239019,11.504711395895125,0.12198816091528436,0.09367532469248455,0.03331407,0.073763736,9.78
healthy,a646dafa-58bd-4a94-8c8b-e6f9d8d907ec.webm,-536.8534,110.5134,54.65152,72.01955,-25.725529,36.38915,-14.522989,28.349419,7.3942685,21.688622,-2.7530024,17.622322,-1.3789662,17.211527,4.2854247,10.682291,-2.4512074,10.398963,-4.267578,7.775425,-1.2329504,6.436938,0.1153573,7.5342636,1.3715292,7.0578427,0.3905309,0.30389312,1979.2029151381137,702.9954371069441,3544.6901599464513,1675.3914613037273,1647.5806653104346,694.2872488944988,19.77753556710318,10.97473827685473,0.12551575487531969,0.030540397799641194,0.00975955,0.023278471,9.06
healthy,044a7213-4ddc-4a80-bcf4-885a6de7b863.webm,-472.22348,150.10027,39.77782,61.529583,2.1879046,15.468259,1.8304685,15.776644,-23.003355,35.585506,12.234677,20.704485,-5.1005,19.76603,-5.8384304,14.973999,-6.073663,13.538387,-2.3285573,11.450693,-2.2390428,9.349585,-2.895103,9.197847,-0.16108395,8.228841,0.51228476,0.32158497,2889.524452040617,1065.4490479178808,5720.415761895771,1676.4838223728977,2421.8092707648866,533.3127442455525,19.36370931950504,12.244584487010783,0.43252425179380666,0.2992691441490155,0.02159887,0.047195125,7.68
healthy,b2ac5ddf-1aa8-4ff6-bb46-e11533dc34b3.webm,-549.1886,131.78009,23.632856,51.98385,-13.329429,32.23085,0.8046239,13.155275,-3.6378093,10.349418,3.1615026,10.911481,-0.27953088,9.245156,-1.5315573,8.17616,-0.6875702,11.043045,-3.83271,9.829494,-2.2265065,7.1048493,-1.737782,8.576349,-2.1567206,7.1352434,0.13388155,0.281177,565.2258238829755,994.1505531463521,1119.1077922952586,1990.9705645857432,498.2365146134852,872.8557103545329,11.913418948303976,8.963516523521214,0.03162977430555555,0.055937473720405737,0.0118314475,0.033131056,6.06
healthy,b1d67c4c-aab4-431f-9157-73fa770a920e.webm,-394.80164,180.06227,44.81203,55.347622,-20.31211,28.092646,1.3546183,22.675034,-6.301084,20.354387,-4.5084167,16.73581,-12.010374,17.666533,-10.306952,14.177026,-14.599108,18.056326,-7.361099,13.027386,2.488709,13.854073,-7.615619,13.801036,-6.2119827,9.366754,0.3358543,0.32532182,2452.508393799967,1113.1445335520968,4195.470385281545,2016.7978626200197,1896.0887560237063,605.2699388467488,22.48592307553147,11.792570017818981,0.18729386239681603,0.11139659785268499,0.041660152,0.077375524,9.84
healthy,741b955b-34a0-4ef4-b3cf-5091ad0e205f.webm,-488.00143,172.79523,52.54929,48.37381,-8.216482,43.01632,13.414135,15.843539,-6.8997846,20.205448,7.5087523,15.309302,-11.55629,17.420893,-1.0481942,12.294043,-6.842567,10.179821,-4.3154025,6.7904506,-2.575302,6.677596,-6.431075,8.482363,-0.9863726,7.232845,0.5629757,0.25823015,2345.323022754209,579.9665193867812,4805.856083216292,1121.3751634309492,2096.0662524636427,348.7881551590523,20.073928533598615,13.764761635807114,0.1453743123829588,0.04768194253259995,0.018688835,0.047224533,6.18
healthy,926b7df7-2e5f-4617-9d9b-2e2ce6a53e79.webm,-470.3514,193.07153,40.201313,59.702744,-24.32409,40.250156,19.6487,28.785213,-18.932528,29.731571,8.87982,15.068414,-6.404639,11.443773,-11.456041,15.793604,-5.5322294,9.934323,-2.5132155,8.535547,-0.63562876,7.3101773,-12.006694,15.880436,-0.74313885,5.693951,0.57965493,0.2606833,2974.339064075821,813.5317334119762,5354.657558225236,1307.0790311839046,2139.6190815175432,489.34398527948264,19.674601548362187,12.89776912141006,0.2293747236143868,0.08288397477378483,0.024814142,0.049830135,9.84
healthy,1ed2eced-cfd7-4f12-917d-a59b7b024d01.webm,-517.01404,173.4297,32.000607,65.73966,-4.015965,21.984343,7.623278,17.3585,-6.662216,21.290796,3.3466935,10.897425,-5.970378,12.509277,0.9192746,10.0673275,-8.669713,19.447645,1.9439294,9.038051,-0.9484927,4.603064,-2.7612455,7.839884,1.5820818,4.3803034,0.616267,0.30112952,3212.3541418745,1194.1858666885505,5930.0262451171875,2218.8245530241766,2404.3970370014626,693.4687734126543,16.900210643477465,11.170987667440086,0.5221790132068452,0.28180820080495866,0.026197782,0.06169587,3.9
healthy,a5d36924-471d-43a7-b5b6-648a14162210.webm,-399.80365,176.97498,56.486053,44.55008,-10.114646,33.230515,17.118814,22.203117,-8.733909,18.52274,8.803485,24.183903,-16.987402,20.16249,-9.857501,12.979325,-11.300022,13.3823,-1.4076501,8.414744,-2.723396,8.174466,-4.340391,8.46561,-3.407189,6.71192,0.44050133,0.30079725,2334.1902253110215,719.3345751917989,4624.405502988047,1115.3337440797459,2014.29378824643,270.12868120088467,20.956405185393425,14.258787267634766,0.15306158179780877,0.058056352797660665,0.04602979,0.0916301,5.82
healthy,8619bd18-8330-4c83-b3c2-a2ef982ae29b.webm,-520.4614,158.34708,23.700085,49.172768,-15.740638,36.50975,1.0084939,18.25421,-10.776132,22.184298,10.364883,25.52071,-6.3703914,17.16903,0.07011406,9.712586,-5.1804633,10.798865,-3.8415067,9.690534,-4.0858116,9.837742,-3.9892712,10.483968,4.0368967,10.015817,0.48513693,0.27764422,2732.565754842626,740.2567354990592,5555.513106242265,1301.4668335274644,2426.91390640288,473.06508414273907,19.20068834737333,11.605070454070406,0.24812301786819307,0.15376114567541482,0.018496212,0.051416356,9.36
healthy,19721170-2628-4ee7-93cd-4b0d311facc3.webm,-463.9881,122.00179,38.57218,46.71441,0.32242087,23.08341,3.758928,13.032726,-4.5525193,11.752258,-2.4116063,12.429732,-9.693355,9.799149,-5.4557524,11.86385,-7.444236,9.568186,-5.6431613,9.327734,-5.3649483,8.965966,-6.730816,10.878448,-1.5064709,8.045206,0.28262442,0.32274935,1704.0681058527912,576.1594955098483,3497.733494492828,1434.4423891415804,1884.25626945128,423.9774755965681,21.520222439759465,11.278902153815869,0.08495865046838408,0.04626966155120021,0.021038271,0.066071846,9.9
healthy,1417e213-083f-4a63-8e53-a5ec451f23ad.webm,-468.4404,166.29434,26.741243,48.621017,-2.4278398,20.102467,-0.5586205,11.038494,-2.257379,7.893408,-2.085264,7.5554748,-2.7257307,8.7264185,-2.046022,6.9683623,-6.2420382,12.8150835,-2.2064993,4.7234015,-1.3153868,4.13505,-4.260791,8.93635,-1.8060484,4.4549713,0.49517724,0.34430695,2749.980799227106,1875.9067443953413,5179.6639395760485,3540.681690687796,2185.4533669508114,1146.5511761292348,15.841502733589303,9.256455659472731,0.2799331202651515,0.28100032498976024,0.030955207,0.10681314,9.96
healthy,0c07a3eb-a050-4126-9321-b167ab9ea9da.webm,-676.1743,149.61752,39.354908,57.301018,-9.0761795,31.619955,15.875632,27.388489,2.2817357,35.669163,6.8090534,22.451717,-7.9963512,15.780756,-2.2788339,8.012772,-9.027218,15.838537,-9.439513,17.418861,0.79811084,10.569263,-0.5321465,8.130759,-1.1845086,11.523692,0.18272819,0.2952171,955.2332525577466,1303.9497217159244,1814.3224951755478,2493.075381302649,831.5130013923715,998.5570514516313,15.19849542454569,11.640859939389214,0.058381707544820714,0.08271227885010268,0.00358764,0.006152511,5.82
healthy,d6654485-e6ae-428e-bdb9-2420692bf3f4.webm,-501.05527,167.07872,39.547497,52.206593,-10.106686,29.893599,3.8880887,19.424026,-9.504552,26.866516,6.2490926,21.342892,-14.776102,22.776485,-1.2623383,14.664535,-10.508139,18.867622,-5.3957796,12.1766,-7.336138,13.707742,-0.8959233,10.708416,0.6182028,11.307579,0.280735,0.33697006,1617.4696438732365,1352.306233586475,3324.823055627211,2764.012060244845,1458.0775302561772,1096.85526148144,18.406121168464242,13.294854826710816,0.09816871499115566,0.09527728158361827,0.018872464,0.042191368,9.84
healthy,0198f851-7a0d-4eb3-8adf-cb94ea71e3c8.webm,-390.03696,177.89743,40.944458,56.527103,-10.341782,27.443546,16.465345,27.886549,-18.094439,31.918642,1.6449025,9.738136,-9.880996,21.378849,-0.7350442,10.521873,-11.994783,17.777143,-6.962927,11.140252,-2.2781966,7.2635756,-7.1246333,12.326337,2.4100022,12.146868,0.31865853,0.34800425,1737.0781767513147,1435.6950504177119,3342.5403941761365,2741.1456192331366,1501.4469026869576,1082.5256399343814,19.434220812158294,12.065544578507794,0.0895700165719697,0.08289387289240344,0.062087644,0.10012984,3.06
healthy,e93325e4-359e-482c-9a04-4eae0d566c99.webm,-390.75735,186.05775,46.72317,56.03025,-17.348175,28.820065,13.962513,23.302475,-17.71916,28.314674,12.913559,20.64644,-6.754762,14.625009,0.5646677,13.003991,-13.235281,15.954959,-7.3471994,9.093156,2.0333452,7.634021,-10.070307,12.872793,0.5998363,6.6809597,0.41701558,0.33446348,2173.6631254059967,1260.2789823099447,4385.392210655606,2134.153682852871,1864.3770021821463,808.3126243796286,18.7007723505077,13.614842226747157,0.12653280041881443,0.09680421513500481,0.047655255,0.08097981,4.5
healthy,5de35b4b-9fc6-4ebb-b5ea-e156c3214521.webm,-416.76562,194.86664,49.640934,66.73274,-15.840066,29.18951,9.139633,16.785639,-10.696596,19.860344,17.109201,23.763905,-15.724858,22.517458,-3.631508,13.015979,-6.2384133,12.306594,-10.381596,14.023889,-2.9183297,7.2841105,-9.841097,13.974776,0.24374172,8.791252,0.21822846,0.30500585,1062.7027998749188,1294.4023270184068,2148.52381701718,2557.4846835422763,948.9731123844259,1007.8223786508935,15.562731786471819,12.306789743105153,0.07162114003258294,0.09047827782011876,0.04693888,0.07813171,9.78
healthy,e16fce38-30a0-462c-8968-9a3e303d8817.webm,-535.1411,125.44469,30.781422,24.674335,-2.7940755,32.325466,-1.3761884,16.198654,-4.757792,20.030771,4.647722,8.635406,-1.9339023,12.322511,-2.7350097,12.126112,-1.9642563,10.889579,5.8701634,10.974066,2.2417712,8.599954,-5.798205,10.430407,-5.3089886,7.2073655,0.49425343,0.3015172,2319.351207681908,338.464336498021,4760.110025103566,883.7100482998112,2043.6876989526013,277.14433672340544,21.332663218638743,13.223069221885806,0.1517428967038905,0.02849093178128395,0.0139275845,0.043865796,8.04
healthy,b0d1c3fd-2e96-4b8b-93b9-5485bbe9e5dc.webm,-483.90945,168.77904,66.11667,48.095802,-21.213411,50.286816,5.807561,19.967466,-20.047981,24.984072,-4.597578,18.715824,-12.2980995,17.730316,-9.350849,13.820662,-12.560523,14.337321,-13.228438,11.744169,-7.3611674,8.453907,-7.9197006,8.975961,-3.8979042,9.341069,0.38203058,0.3140483,2184.1425260052333,904.4167149918113,4124.760174418605,1512.3009286948336,1859.1507220479482,487.40319104948304,20.082393240856817,11.76826437056287,0.17858829941860466,0.1368597209999357,0.018732756,0.04140569,4.98
healthy,630edf11-7f54-4866-a892-5f92ff67d9d3.webm,-376.65045,189.51044,31.291927,45.03123,-28.07209,43.571735,16.046844,21.747847,-14.795482,27.19527,6.3252463,15.579056,-22.692331,27.222889,-5.2866154,19.77326,-11.253608,17.217272,0.68943506,9.337948,-0.6745459,11.948367,-1.8609276,9.290562,2.6980064,10.051513,0.35077477,0.33265337,2202.4157931120235,1553.6275090931806,3859.469474322423,2534.600934233538,1574.157293393661,920.4279916304516,20.489412295445735,14.128940057909388,0.15092287470379148,0.125487301068856,0.04857052,0.08470944,9.78
healthy,0b060755-8ddd-4a18-b724-12fd25599be9.webm,-319.71274,172.76978,61.396996,52.612995,-34.948425,37.23202,16.766945,33.122986,-23.813154,26.859943,23.0675,32.477776,-21.397188,24.27457,-22.235556,20.186483,-18.596807,17.440681,-3.9597285,15.876512,-5.3265862,15.315777,-12.605572,15.679636,-0.30856258,9.388734,0.33281115,0.3106284,2363.299327526486,1057.5315343004534,4133.81103515625,1854.5413595035402,1635.4691649305762,576.0234262040741,23.10424653050774,15.00885823367725,0.17849237351190475,0.1004182963594773,0.06634116,0.0895785,4.86
healthy,6274f686-6662-4daf-be77-3dc71a5386dd.webm,-346.06906,209.44536,79.20314,47.531208,-17.900198,30.846863,0.2805986,18.313549,19.50412,13.631937,-3.806417,14.224016,-4.3097878,14.118911,-14.471549,16.538189,2.9115007,10.921619,9.921534,9.677633,-0.3862433,10.606956,-7.931062,10.177351,-2.829403,8.995575,0.48789075,0.28920326,2605.2072133782094,1118.9837226947363,5026.622596153846,2737.8598168113435,2539.0260843699984,701.3863788186216,20.88977420756793,11.296912678651694,0.15875514459498835,0.08514154255427774,0.04777885,0.06207034,9.96
healthy,b689a5df-25db-412a-b0eb-905dbfbb04d4.webm,-498.37485,107.51749,16.917927,39.33764,-1.5418979,14.896828,6.15922,14.680494,-3.0427847,12.553839,2.4778647,8.563303,-5.2834635,14.080335,-1.9555289,7.426003,-4.2000785,10.243292,-2.3795772,6.49713,-1.2338725,6.5887794,-4.278734,9.976885,-1.4507375,8.062314,0.23407167,0.33620948,1400.7306833539678,1801.2538810753508,2418.1057170286017,3043.5080217004615,976.0254636686653,1144.117738134834,17.084260231738362,9.299627215461372,0.07900638903601695,0.12620021981455848,0.013182784,0.045443136,5.46
healthy,d6630489-75d8-41f7-b3da-f950fb878366.webm,-476.46277,192.45868,35.726223,47.43592,-13.0636835,34.139713,14.095779,18.247076,-13.2749405,29.246458,13.464018,19.154404,-12.313932,19.251158,-4.633631,7.759788,-5.202638,6.4840264,-8.345672,9.95886,-4.485282,8.578787,-5.262911,7.3419075,-3.0959325,6.359818,0.52579844,0.2728118,2554.7770220842203,728.2535847794155,4893.665964226973,943.4874872725653,2158.3102433584972,298.3452383110108,19.598756336460003,12.69761928691539,0.1854149533991228,0.09643622761014049,0.024562752,0.051628567,6.6
healthy,1a79e347-bbe7-4b34-8da4-ecb290542bf9.webm,-485.33582,170.42491,26.380411,37.675777,-18.670168,35.442543,16.990679,26.76881,-11.76098,20.967825,4.9044995,13.273862,-10.132875,17.587387,-9.216128,15.205799,-3.6244798,8.33905,6.798062,12.315652,-1.7908405,8.363333,-5.125152,8.732978,2.0166187,9.024887,0.36057022,0.35536027,2136.8881719713854,1622.0625814182747,3795.7538176834723,2743.8900265667316,1492.8350863914209,1046.7902166510594,17.501362210384833,12.922071256070842,0.1468001845912888,0.13572242485018413,0.019307079,0.049181707,9.72
healthy,7e4fb464-fb4e-43a3-915a-8889552ace19.webm,-388.6821,148.42827,41.491295,61.364536,-6.2672534,26.312376,5.2823205,11.196779,-8.921888,20.286858,1.0842149,6.2385387,-6.888011,12.672976,-5.2489347,8.300998,-7.8907876,11.766055,-7.3659105,10.782588,-0.3624502,7.417711,0.025236823,7.5165234,-0.81483394,5.8308783,0.33954158,0.32734752,1974.6885952564558,880.372762731589,3954.545017930328,1609.7235129943551,1976.786980320502,511.0116872597686,20.918269201127398,12.390769051504035,0.11082383452868852,0.08546317680471037,0.06613268,0.13581634,9.9
healthy,270c6bf6-7889-4ec0-acec-e4b906c5ea7c.webm,-410.09564,142.5048,41.31218,56.909702,-4.5844374,22.07145,2.0259573,17.931322,-10.335359,20.530346,-2.4000595,10.160683,-9.537646,15.492945,-11.786486,17.569296,-5.35619,9.364163,1.222213,8.35549,-4.797639,8.709616,-3.9993017,8.738046,0.72376585,6.8249125,0.4053746,0.32099447,1972.161397526699,899.5062500130826,4201.986246175699,2083.7706324558503,2045.692743897525,783.6882041065609,20.382120567227293,10.803883178815253,0.1832135962995338,0.146174156682722,0.04665212,0.10532843,9.96
healthy,2a575df8-2713-477d-8c8d-65c619e52ac5.webm,-451.12106,133.56961,29.973162,55.529682,-7.2355666,29.064651,9.969557,22.812332,1.4902977,19.165531,6.405881,14.45136,-11.447155,21.226982,-1.9324604,8.4603815,-7.8636236,16.905834,-4.3729553,12.857527,-0.82904047,7.7886705,-6.915348,13.971625,-2.1985095,11.460228,0.19967443,0.30184007,1295.9151286253832,1734.5895167247768,2200.9895409793216,2828.3750188847553,883.3233549062736,1026.0480155143975,16.120773954926428,11.323490397440859,0.08637858677973978,0.1346038838789569,0.034004655,0.07158282,6.24
healthy,690a03b3-31f0-4806-b313-f26fee15693f.webm,-314.74423,195.34085,77.82266,61.239162,-59.508316,51.68565,-4.9257774,27.436005,-21.021309,21.9726,-2.9671266,15.331734,-27.075708,24.712673,-6.8209643,15.446076,-14.420711,19.437168,-10.174065,16.996374,0.4020093,9.303896,-7.8875165,13.743567,0.2863457,8.454474,0.43148968,0.31736925,2070.2526567045265,682.8687291106901,3577.3436921467714,1365.520992012473,1564.4204628198058,442.7001480878833,21.365474711336436,14.328339493657019,0.14641147993187204,0.056601668374437336,0.084235035,0.09914956,9.78
healthy,81de37f2-a1a3-4ad0-8c02-4d0abe85ce91.webm,-392.29248,185.46608,61.70982,58.04881,-7.7702537,35.253643,16.302845,26.496973,-10.621947,23.194216,1.3578688,22.964958,-14.638507,20.296951,-1.8669251,12.940399,-13.952302,16.333324,-6.038959,12.193211,-5.43833,9.943731,-12.216514,13.641444,-3.4982243,10.030438,0.3730579,0.33326796,1957.7834365777073,997.4367307415332,3988.0101617777123,2069.68892427535,1922.4568985171247,694.5308698707377,21.88316869353453,12.660161668680942,0.14951655549823112,0.156336530654193,0.053307597,0.08556768,9.84
healthy,50e8531b-81cb-4b7c-82ab-3770fa0dc89e.webm,-500.7575,162.9264,26.760895,50.689568,-5.3975034,22.516745,9.0464325,21.469963,-1.2075124,11.344983,7.6577926,18.216366,-8.095636,18.283403,2.2983856,9.64958,-2.7400582,7.0513816,-0.48323542,4.750307,0.43326262,6.2895284,-2.5147524,6.3978415,2.5839043,6.7780104,0.38735104,0.3531662,1856.7394416158668,1571.6025284467282,3659.8880955430327,2888.0916712510398,1625.3420726428205,1158.1675206308764,15.241043321978006,11.306749834810192,0.08757844518442623,0.08848913768970154,0.023317894,0.061731707,9.9
healthy,4f7e21ef-53cd-440f-bcb5-8790db8d5f0b.webm,-360.16528,185.01515,78.993004,83.74591,-24.478548,33.83686,1.2396572,21.971918,-9.719682,15.717648,-0.43082112,12.697409,-8.282089,14.875407,-7.0744433,11.357019,-11.894388,14.53507,-6.1954637,8.618965,-4.6077695,8.89543,1.6580378,6.0620914,3.3023422,7.81761,0.49598998,0.30023387,2430.1936881502716,1301.4896256023662,4502.898956512237,2391.0717812800704,1976.0536472361111,831.4498587658953,20.528252408532797,12.376436301959082,0.2568723594114219,0.21669364938647206,0.06128396,0.08844996,9.96
healthy,73f46c0e-008d-4f14-a2e1-0b30bd49547a.webm,-476.15347,140.38531,38.244583,78.94304,-1.6323196,24.181545,-2.4655182,14.161894,-3.4577525,12.12432,0.9513997,9.438094,-5.8513145,15.501552,-0.70390934,9.6453705,-3.3672907,9.358833,-6.794117,15.392542,-1.3360431,6.101674,-2.785506,7.31431,-1.3196583,6.9822326,0.25469336,0.34249207,1346.8750732298408,1894.4783206005027,2396.409596263112,3340.320452436245,1072.3556164650852,1253.5456112037773,13.9707256460695,8.602085038433401,0.09179459863053613,0.1707874479442716,0.03705111,0.08413383,9.96
healthy,3f4d7e7b-d80a-493c-8503-670788ef3315.webm,-395.9138,183.68764,71.07067,72.03287,-22.946417,41.021614,5.3559804,21.226068,-14.431306,31.248516,6.0969505,14.759676,-13.8195095,20.10388,-15.256907,17.888327,-6.8912296,12.488067,-2.9436617,11.953872,2.9780054,8.956562,-2.503695,9.833503,-5.67073,11.256904,0.40182242,0.33447552,2027.9202249182433,1070.5490737598905,4030.508961397059,2347.345147959165,1895.4475866391217,816.3664387818474,20.0166431908921,11.717906835970783,0.2645718443627451,0.24985844375867072,0.05926274,0.08256386,8.28
healthy,218ef104-46a3-4bb7-8d78-287711c00a80.webm,-272.161,229.25497,49.60376,24.250935,-15.696461,33.248314,3.6859055,14.812402,-3.8538647,16.172756,12.315199,12.653847,1.4493254,10.879713,1.0931295,11.324599,-11.697157,12.180575,4.259758,10.638875,5.16056,10.106765,-0.9228706,7.117338,-0.59779346,6.138313,0.4915657,0.2824049,2372.555883053354,970.6170991305659,4631.580190189549,1960.917422518934,2167.0903520921083,540.4850355631684,19.968193930961515,11.665963073999563,0.14060899077868852,0.07140236670185658,0.09375968,0.14749643,9.9
healthy,538b445d-86fb-4736-9997-8eeffa911c14.webm,-427.83203,165.99,43.98523,63.350132,-14.171105,33.172592,7.4070807,14.04417,-6.7852015,18.177694,4.6504664,13.3811245,-4.312175,10.317844,-5.6203003,13.358906,-5.825218,12.506563,-1.2569983,6.189218,1.5133758,6.9731216,-3.4072666,8.2280855,-1.9717191,7.8528137,0.552174,0.2750257,2385.6905943358006,857.0532500219113,4623.587186219263,1617.7066726664225,2065.4070880926333,564.9546040380677,19.29001104854367,12.127438275523062,0.16670287800058547,0.06679921806299786,0.03892392,0.08574546,9.9
healthy,052fc88d-aa01-4422-85fd-f0ddebb8bd95.webm,-464.47067,119.18344,33.05049,56.928482,-13.767202,37.214283,-2.2799156,19.793558,-5.5008674,20.57401,1.2038413,15.098361,-3.5128248,12.744813,-5.5807915,10.949286,0.7186602,14.293345,1.6154256,15.381059,-1.038455,8.064214,-1.8232617,9.152696,0.9988874,11.47354,0.23960498,0.31954166,1072.0845589952428,1100.3098837047933,1941.949578051297,2080.325251023232,913.6531853867542,901.7540918025056,18.24475222724232,9.506987109447866,0.08194257628242925,0.11959938626123767,0.02124841,0.055198304,9.84
healthy,6a6fd3b1-fead-4ef5-a9af-6614aacb8cd0.webm,-374.15897,219.14442,136.02283,64.99102,-95.566635,46.60546,37.039146,19.835417,-37.247044,19.308685,12.542181,9.172113,-23.323439,12.210346,-3.3865108,5.33943,-11.535601,6.7027984,-16.474873,8.597525,-5.3315616,5.4205933,-19.431112,10.06114,-0.8463569,4.7901654,0.66584784,0.22087128,2237.5561326337033,1283.8610893884313,3878.435077817421,2193.3984745852654,1597.4623478164913,659.1041914298279,19.523922507602936,15.022846917828314,0.15576940821850394,0.14473190694839927,0.01663134,0.0084119905,2.94
healthy,a3f69768-bd21-47cb-baa8-06bac6a8461e.webm,-539.28326,177.45186,26.296944,45.357918,-26.056637,45.45837,13.833437,27.938974,-7.7895927,20.63385,-3.6114705,12.879634,-6.103192,13.006721,-0.7170483,7.690325,-3.9027414,8.691957,-1.8465009,9.407176,-0.82847214,7.104868,-6.54499,12.270997,-2.1901913,6.7728977,0.27450725,0.34625027,1524.9422772197852,1595.782904257467,2579.291240985577,2757.419970965592,1016.5806373246306,1066.4886544835042,14.68083837258031,10.57154968358747,0.12156154392482517,0.15073450546270792,0.016707813,0.041485995,9.96
healthy,83a4c3cb-6eeb-4f1d-a54d-165e9e0bf476.webm,-688.61194,149.0275,32.921574,37.67318,12.910193,15.881399,15.910184,20.145144,2.5700967,14.118475,9.6622715,11.334273,2.075025,7.495739,0.7259173,6.1350627,-3.0200613,7.850646,-2.938238,6.169289,-3.1481388,7.001142,-4.525741,7.060791,-4.6546254,6.4244995,0.5715264,0.29110447,3682.881817836067,1300.9254291152242,7408.268305940448,2064.5609286030385,2981.0014525832535,491.238184392714,18.818635128148127,11.860784773187879,0.24696436468160377,0.1350764951999628,0.0026286878,0.005879412,7.38
healthy,646343a6-de08-480a-8e46-35df3d2379c9.webm,-464.62912,158.7795,45.903667,65.375046,-27.280594,39.724037,21.997412,21.067606,0.19983846,18.48416,13.59474,17.68251,-15.087353,17.898993,-5.293412,13.02971,-6.782199,12.032297,-2.348662,9.108465,-1.5630488,10.02712,-5.978792,11.504656,3.1142652,8.551735,0.5180945,0.2965766,2586.909206621366,1038.3012299879126,4585.48804111168,1670.0327488068092,1887.2823285297336,524.4637136004292,20.12207140294672,13.796945209149364,0.19816214139344263,0.10544768953641823,0.019839792,0.04214123,9.9
healthy,ebfbd038-2bcf-4767-b333-c252dd1f38ee.webm,-467.25406,121.53362,23.060173,56.312607,-9.460499,29.188835,2.9350865,11.670034,0.3964441,7.5668173,-2.8812993,9.941567,-1.5617654,7.383874,-3.222962,7.013097,-5.1246815,10.556278,-0.7332793,6.7363777,-0.38680863,3.5686414,-1.5873283,7.133102,0.61520034,5.35131,0.44174793,0.32464987,2281.333701466402,684.1297071286642,4598.810560926259,1559.3681076093408,2233.560376981038,600.53565513264,17.3969808708843,8.489894917645646,0.305169926558753,0.22596713971695773,0.024990862,0.077617496,9.66
healthy,23a93ab4-e5b3-4545-8e7b-5bff66e68b8e.webm,-411.27557,199.65898,43.557415,47.878265,-39.604786,42.20504,11.245016,27.89736,-24.252432,32.06051,11.838473,18.54781,-21.020794,24.313251,-5.221815,17.356548,-8.236157,16.739069,-9.486969,10.983246,-6.8719025,12.294071,-9.378244,13.237564,4.845672,10.255714,0.47538802,0.2994778,2825.731720634186,872.8237377657254,5061.901734607054,1477.7921620029688,2051.3725760875964,501.2018842199597,21.067135310530713,14.452258568990544,0.25843735496596537,0.14130470547795965,0.035242703,0.05891716,9.36
healthy,2b9a005d-4b3d-4297-97cb-7b2f5f81c8e7.webm,-563.3796,130.92099,24.206589,61.054623,-3.868368,18.613317,3.8092654,10.885147,-2.0713756,10.764921,0.21328826,8.374575,-4.2817035,11.699981,0.03848529,5.1723905,-1.3945843,8.833633,-3.2358115,9.651357,-0.7720052,4.5039167,-2.47212,9.073274,-0.42363286,4.5435767,0.12315572,0.26247835,450.2261366071565,931.0131272850529,905.236469286878,1875.7555430797067,455.3461756309721,867.4680964889119,11.186305295337053,8.004947392166574,0.02639958530805687,0.05835676744842241,0.014662026,0.0476086,9.78
healthy,2687c6bd-f9cc-43a3-b7f3-d0663cc77e65.webm,-505.25073,96.23391,23.222263,59.428753,-4.728665,22.361889,1.764658,12.716791,2.890167,8.271604,-1.822996,8.243495,0.26878193,4.9922433,-1.0920347,5.1442246,-4.256384,11.396551,-1.2227598,5.609968,-0.6480749,4.341176,-2.9144247,8.868459,-1.2025875,5.6028895,0.5503287,0.28821012,2165.0750303360264,670.1547829029407,4123.889044449793,1378.8510115422253,2071.8865900452997,596.8089559113524,17.859482468771933,9.321642313344165,0.3140331105598341,0.2275964029101728,0.01347669,0.0483322,9.78
healthy,c7f99195-675c-4848-9ba4-296d27262928.webm,-457.44208,130.443,34.094498,47.14548,-15.3030615,40.496296,3.5129733,21.32338,-4.6758246,24.1782,0.9191031,17.852846,-8.121543,12.877305,-8.577639,11.753905,-1.4459546,14.501461,-1.8304642,11.029771,-1.282947,9.724754,-5.5533977,10.801293,-4.1096196,7.737098,0.32303637,0.3216368,2104.991767454389,860.8428701863962,3652.0109356574294,1646.1618547434032,1604.462218399103,526.238586345071,21.49263588628483,10.299765271694525,0.1457001308225236,0.08231022951523674,0.026918342,0.08607565,9.84
healthy,fecb7a3b-d359-4b5d-9698-394c11225f6e.webm,-368.9924,200.27599,64.74019,68.94086,-16.18873,34.33562,9.031484,19.615366,-20.580027,27.125786,3.254773,16.049603,-14.056517,19.068012,-3.5450764,9.127296,-7.7268615,10.498383,-4.775456,9.1914,-0.25388542,7.458711,-5.1081433,8.731469,0.54248196,6.8042126,0.48410454,0.31237918,2178.880284863263,1372.6026766336508,4021.0960641291467,2290.398158693617,1846.8129832648858,714.2935018154507,18.509195687805207,12.982942437817686,0.14243812018661137,0.12969961547215283,0.06768501,0.119366616,9.78
healthy,70b0f177-0645-4962-9a51-d37f36161ccc.webm,-478.0567,148.28061,43.95395,50.050655,-10.157163,30.336344,1.7146575,17.744812,-14.627306,24.60352,6.47866,15.01266,-5.6507754,15.350044,-0.1581884,10.918329,1.3334026,11.222317,1.465424,7.3609595,-1.9675325,10.149389,-1.7978948,8.371706,1.7131312,7.7878404,0.35654417,0.32052955,2207.7706449788434,817.4016505739941,4293.318314985795,1364.299353642964,2033.3934398007987,378.0260352109876,21.214360558523143,13.449463719154739,0.12111717763573232,0.05112519285217327,0.0141730765,0.028834134,9.18
healthy,cc58ee59-a12a-4124-8dfa-bead15de4014.webm,-410.21945,150.06783,51.175182,58.47696,-6.3790526,29.024456,5.739213,15.19459,-5.156767,17.66226,3.1410263,14.659659,-10.030421,17.080338,-5.261667,10.225851,-6.8500724,11.889372,-2.3921993,8.842567,-5.2665358,8.749166,-4.6825447,8.794361,2.1608176,6.9164243,0.4397917,0.31283605,2127.995414270259,1006.2125349990287,4136.914292821344,1879.0937160780566,1946.9186789253545,533.213862510237,20.518899358103884,12.920977850820623,0.1461734411851415,0.08637594221161539,0.04130413,0.08623874,9.84
healthy,ce53d461-c2e4-4ddd-bd4e-356d84b7f0c3.webm,-456.16098,133.50497,11.97316,24.59687,-18.358583,32.500183,8.196748,19.817085,-18.031265,29.474554,-1.1780151,16.338247,-8.366379,14.221761,-7.2047057,12.182345,-9.477199,15.315673,-7.885925,12.214606,0.9105862,8.631304,8.395095,11.483905,6.715557,11.489666,0.20374967,0.29791483,1851.4309736108855,1800.407874048956,2939.3587663840344,2709.0126618196723,1059.902527443841,939.9933670024504,20.940256379889888,11.791865892512611,0.11867085678317535,0.12724239844538174,0.023124792,0.06461153,9.78
healthy,cc965110-d8fe-4dd6-afef-a5333e629062.webm,-502.18054,118.96296,22.534279,51.267414,-9.131869,34.07455,1.089934,11.738878,-0.6581173,8.4995365,-0.16057923,6.3155413,-3.5699282,9.809194,-1.2353615,5.9299293,-2.5148911,6.6173935,-3.0503867,7.6772795,-0.5563249,3.943966,-3.8021157,8.500075,-2.892854,6.1499395,0.55957824,0.2534442,2440.9416834976605,502.295580001766,4838.388278473045,1012.5444051777073,2111.4392263761238,404.03884272023873,19.297205018843457,12.312794047583925,0.16144521993483413,0.0456580943093299,0.015370654,0.050655648,9.78
healthy,49ed0acc-1f9c-4faf-aaa4-50784832b1a9.webm,-448.0322,181.67682,53.83466,72.60461,-23.413733,44.321167,4.431961,19.742073,-12.859748,29.867155,-0.3989846,19.63151,-9.818685,17.500996,-5.736047,12.606992,-9.487642,14.493303,-10.214798,16.88086,0.21921098,9.464018,-3.576695,10.734697,1.942346,8.616481,0.37051964,0.34532967,1754.274330867475,1438.0409928812467,3261.0699763063526,2529.2120110486135,1400.9323111201143,1013.1771065193599,18.080647445613533,11.530838969329974,0.1094298887587822,0.0932671535971949,0.042722374,0.08157128,9.9
healthy,2ac38b6c-582c-4613-9028-70bf7dd4a4fc.webm,-417.2319,182.74547,51.473595,61.05331,-20.439245,32.787647,18.694906,25.587526,-18.154821,25.834837,3.2793756,11.740338,-8.00517,13.784373,-7.114649,15.0497,1.946343,6.2227097,-4.275352,8.5189,-2.449192,6.6242466,-7.9628925,10.5872,-1.3325053,4.761223,0.52405375,0.31893668,2318.481371718784,1400.6580794340887,4301.162880345395,2367.4411114717036,1826.5453336582311,817.0977412839519,17.253364570393313,12.084636136582903,0.16421241091008773,0.11505423451962765,0.03557146,0.067650065,2.64
healthy,85c1ef19-6c7f-468a-81dd-0d1b6465980f.webm,-458.1215,183.71983,50.86382,71.48928,-21.185036,42.9114,8.372797,21.847553,-13.968684,36.73177,10.202281,19.906017,-3.5094411,16.359846,-7.398337,17.315928,-9.584652,15.868691,-9.769654,15.09608,-5.3248696,12.435105,-3.6823106,9.666586,0.46421045,7.004775,0.28300115,0.3314977,1419.6460043545608,1566.111087100475,2539.6832667359517,2765.43478277025,1016.5050880661306,1000.3249036612457,14.80638692984683,12.30715975097263,0.08068511682912843,0.09793587289207484,0.040217284,0.07794446,5.04
healthy,12cd87a5-851b-4209-adc9-78b355a732ed.webm,-408.8453,200.69484,54.599155,50.901638,-33.780243,42.734745,16.028593,21.97023,-26.33006,33.981472,13.469995,21.717508,-19.837475,24.465944,-5.223181,12.02844,-5.5532413,11.084002,-3.81007,11.066515,-5.4532294,12.418653,-11.596904,13.999378,2.753811,8.006955,0.49570274,0.29281545,2725.1506529405274,645.0427889227734,5357.000685830153,1166.6897207597947,2189.270430502428,457.7494667833334,21.1554943589589,14.653852301905662,0.23427063454198474,0.15545379225630182,0.031058839,0.043284163,9.12
healthy,16ed8a37-ab9b-453c-8f5a-dbacfe68aa88.webm,-352.32715,178.95941,54.386497,41.108974,-14.462963,30.25679,0.94994044,20.652523,-21.571486,22.762177,8.300314,18.862625,-26.35711,25.503874,-5.6682634,10.470411,-16.095524,18.898922,-1.6076225,12.935566,5.9613233,13.132597,-2.801114,12.923162,-5.317408,14.372047,0.37090144,0.30874416,2346.5068705716744,926.0305452605236,4575.8558580091785,1814.6133864254164,2026.3902590198056,439.1584604516923,22.468888563228607,14.517269954224828,0.16463728328962704,0.0894232972763106,0.0523236,0.078706875,9.96
healthy,7e58a4ac-aae4-413f-a74c-5e34ef4ec95f.webm,-409.92612,207.41438,54.585247,55.66855,-7.3288584,33.191147,13.95429,19.79256,11.737194,18.984417,11.8565645,18.661655,-7.199489,23.143122,-0.11109011,9.626961,-3.7317655,13.022672,1.3526107,9.032127,2.0813851,9.587247,-2.0166614,12.782363,-0.4755894,12.396417,0.47575676,0.30913523,1946.2085604530068,862.0464683362108,3958.866923564189,1949.006296638523,2078.2601474355397,502.75807789175076,20.822148681145453,11.5446789290514,0.11838652268339768,0.0686334818925234,0.04819453,0.077311255,6.0
healthy,298c4ed5-77f4-4b70-bf0a-1793a2ae338b.webm,-329.72406,221.57661,45.57878,50.717854,-7.3785467,24.245588,2.9181573,10.797281,-2.09809,13.237075,-1.3284053,7.576774,-4.422919,7.5866823,-3.9362671,9.345276,-5.5464134,9.173909,-2.7843294,7.715173,0.17572801,6.1750627,-6.425924,7.4797435,-9.499922,8.420338,0.53068584,0.27132437,3684.415461607972,1599.1914204626917,6797.3623046875,2482.331858800948,2769.0619802974848,541.1320624533163,18.763694526137535,11.395374030548782,0.26157335069444443,0.13547486858691576,0.055533048,0.104375005,5.22
healthy,f3d6a832-1f96-4c3f-b808-463abfac6789.webm,-313.34512,170.52432,69.11567,62.869286,-31.864962,49.01149,4.1550255,15.715655,8.073818,14.3150835,-8.174391,19.148232,0.5310967,10.790541,-1.1275898,8.462169,-15.933789,18.675882,0.95245475,11.206672,1.2666842,9.164901,-4.6175876,9.444786,0.7289171,8.246894,0.46595034,0.3173068,2256.9432384070005,723.6083068229711,4398.445353474651,1946.396971280458,2050.177883010366,820.4948500163897,20.919827821493183,11.999131336272947,0.132062436261655,0.05225170826240437,0.08918458,0.14107814,9.96
healthy,72242b12-c80d-42af-b973-ec7e1989e66f.webm,-474.78976,170.83844,21.919212,40.300888,-17.244724,35.976913,8.106046,16.42757,-6.8672953,17.160336,9.329926,17.84487,-4.4690666,9.859372,-2.702246,8.647927,-9.5381775,17.69788,-0.5473926,5.688731,-5.222291,9.864278,-7.421452,13.444363,1.0379939,6.413945,0.22055171,0.30916953,1363.9178135602594,1588.0615454764945,2558.4455878813683,2910.3022878178413,1040.0226629973213,1148.616210061743,15.472956901380746,11.50538717353758,0.12014495704976304,0.17065063053841417,0.025090335,0.06264902,9.78
healthy,fcd1ff4d-5194-48e4-9b82-bc2b5dcc42fb.webm,-382.1578,153.76196,64.88492,31.067535,-4.611537,19.168743,-0.16171172,12.370406,2.9558463,16.586063,10.943195,9.140414,0.5751629,13.127475,-1.5784118,9.265655,-7.7047777,13.720693,-9.835984,12.072792,-6.934782,10.55781,-0.40833673,9.066973,-2.1029277,7.007512,0.50544566,0.2872764,2357.6441640999724,777.5747807630628,4634.984327196241,1563.1130672636868,2357.4332109565667,429.487244556227,19.793029518977505,11.561357855154533,0.12229681126165501,0.05447842989301656,0.02841823,0.063900925,9.96
healthy,dc06fa2e-ff8e-4fc8-bb21-ce6b08129940.webm,-525.6875,151.2743,41.386475,40.053055,8.177118,30.110703,17.786251,14.501337,2.5829809,21.136414,12.292855,14.267365,-2.245929,15.136921,-1.7906857,8.480457,-1.7987795,5.4774146,-1.3801811,5.362332,-1.7790234,5.4939656,-3.3617883,4.3761063,-0.61773306,5.5852604,0.43859872,0.2837137,1868.453012673801,512.1433850935306,4617.491736778846,651.7473861744245,2234.1650100991005,245.36092000549507,19.3934246620697,11.302505605743672,0.07635739911130536,0.042596692860442584,0.01569646,0.05041767,9.96
healthy,b0ed5f50-530f-4280-9d71-4ac6b57d0920.webm,-531.09015,80.159996,12.65077,29.060272,-0.55475026,14.797229,-0.4966235,10.644778,-5.8806663,12.801885,-3.815457,9.539511,-4.0926194,7.3335824,-1.9827104,6.391018,-2.8172045,6.0552545,-1.52906,3.7816503,0.6428877,4.1647296,0.37280867,2.9070275,0.8004478,4.156379,0.384959,0.34587845,1929.2277710036476,1615.3871988103472,3765.8647380891393,2840.423377651097,1730.8827703093768,1123.9639033677279,18.67191023191067,10.250046715526471,0.07885341956967214,0.06723397748756148,0.0054006944,0.032257557,9.9
healthy,554c7a30-8f69-46a0-951b-fd2ba1cef0b7.webm,-697.843,136.43372,18.525112,30.44056,0.27165937,19.113523,0.35179824,16.76267,-1.9480386,16.429619,0.40605465,10.372632,-1.5625367,10.830984,-1.3684996,9.233646,1.2820746,5.077859,-0.9990973,6.0700855,-0.7021577,5.3688273,0.2874749,4.329997,-0.9795603,3.4259167,0.5273147,0.2580259,3198.980161602572,613.7223362689962,7181.197757320804,1671.879193782318,3082.174346036904,486.582074834555,18.95386112514398,10.980558068051934,0.23768939393939395,0.08703373791266782,0.0030398008,0.01100978,9.96
healthy,b3c1ca5b-daa6-4638-9345-2397cbb0f548.webm,-398.8127,142.17326,59.23354,47.006832,1.6577239,22.16576,10.233702,21.286171,-15.427829,25.245678,5.66102,14.389432,-6.003458,13.748455,4.1788154,12.250491,-5.042275,12.067178,-1.7120326,9.8929205,-2.0443068,6.1112094,-7.994546,10.101599,-1.6601976,5.8044086,0.51926535,0.28006926,2132.0485099311736,591.8740519684126,4749.069169207317,1372.254719215369,2100.2906959245156,362.77496724971775,20.55095562368344,14.954216578807067,0.12727943978658537,0.05844333546309125,0.025029587,0.056765888,4.74
healthy,b3f10b47-a389-4174-b39a-496873e130e0.webm,-463.0212,200.5819,47.33851,56.867023,-11.805216,28.341518,3.2300565,18.95188,-17.881773,27.460596,12.702621,18.136261,-18.307756,26.30083,4.449643,12.997464,-8.831548,13.810119,6.384061,9.772985,4.310598,9.364184,-12.013873,14.861565,1.7687157,6.5912104,0.53376603,0.28840485,2703.9989394560384,734.0023326107586,5582.041655993852,1113.1429499859123,2387.4701548561047,321.13755942773145,19.875004352152313,13.980015542597462,0.19788198002049182,0.07853032769689332,0.029802198,0.058053937,9.9
healthy,c7ffb5ad-fe2e-4ff7-b110-c9ad8ca50a95.webm,-390.24448,155.26463,51.513355,61.524113,-7.869516,24.155842,0.36772588,14.673204,-13.027072,19.926905,-7.889411,12.5453415,-5.271019,10.797908,-9.751481,12.155963,-5.841033,8.806167,-5.7808137,8.480276,-2.7346818,7.3232775,1.7331386,8.258667,0.9982089,8.662237,0.42182764,0.3185722,2285.516955337983,1034.5320111520693,4317.785444415984,2130.473032337751,2107.417201762524,662.1636855719615,20.268209954316113,10.782054907477319,0.1446558932230679,0.08812023900744055,0.052981697,0.10957455,9.9
healthy,ff1f4f35-edee-4213-829c-ccf41cd687a9.webm,-336.04028,202.64368,23.679655,35.049442,-25.267267,32.2174,-2.3440483,11.830047,-4.6784225,10.337726,-1.8299251,11.06214,0.7083279,11.452547,-6.766645,11.198365,-13.437513,15.61622,2.6513696,11.661237,-6.5515614,11.257892,-13.004567,13.746342,-5.0154233,8.051788,0.45596007,0.3150749,3321.864968791805,1005.1468686847068,6017.617394502026,1645.0816552672773,2417.135743363666,468.7042526375324,20.088687775396608,12.154315080932543,0.30330423940149626,0.17944411408256616,0.055148855,0.08677596,9.3
healthy,3aa36f4e-2aa2-42b5-b3cb-a28a6c41af9e.webm,-347.17578,174.61139,77.05911,55.29743,14.933055,24.049564,23.01628,29.88301,8.764712,18.036974,13.284572,14.537139,-3.7723978,15.401358,-10.027665,13.681966,-7.666797,12.599342,-6.221211,10.198182,0.10647661,11.450798,-0.5234479,10.294982,-5.31433,9.341408,0.46791145,0.29367137,1679.9883160067202,845.4570524793219,3475.127704326923,1770.0972828614674,2024.6144520270504,583.7905787081467,21.566989404166296,11.514148011851615,0.07782451923076923,0.04399388322813781,0.055448707,0.07621362,9.96
healthy,b8e25ba9-3fa0-4210-9ebc-df5378221fcd.webm,-629.2276,128.03932,40.92834,62.13157,-6.263378,21.135227,10.079615,23.614672,-3.2398765,13.145804,-2.9086611,13.686272,-7.1417933,13.068348,-2.8714454,10.6345415,-3.024644,10.452377,-4.0870514,9.305697,-3.7743883,7.146563,-5.6144066,9.020272,-2.0785282,6.7333326,0.14723961,0.27315634,857.7593001685254,1234.952081936234,1573.285412397541,2162.281639860961,760.3000877464756,905.6126017151645,17.822630501682138,9.84690793633985,0.04156565610362998,0.06919684943279676,0.0044375565,0.008958931,9.9
healthy,0c91c8a3-fffb-40aa-9818-196841dafc03.webm,-522.3614,159.35823,43.21402,45.26958,0.540492,24.60382,11.287486,17.641146,0.73170906,22.974253,12.916788,19.305529,-14.004065,22.098259,2.6835587,10.587624,-0.75501406,10.303069,-5.236635,9.602773,-8.127846,10.170914,-4.1341395,5.798342,0.22383082,7.472182,0.5510704,0.27205563,2463.6642496315067,653.0235929259685,4959.184827302632,1198.63406387313,2191.8378856924787,300.3213619706222,20.169283886883676,13.701640411805984,0.17147095440423976,0.07236089561103999,0.013144121,0.03349533,7.92
healthy,014b1af2-1d84-4336-ab6b-e0e009cd86c3.webm,-446.80692,124.58755,46.554863,42.66161,4.7199316,23.257305,1.3591268,14.7368355,-13.622285,18.258661,-9.694805,19.814243,-19.414831,18.050568,-10.69177,11.178063,-8.188454,13.244389,-4.7710633,9.819343,-0.971265,6.5259438,-2.6433713,7.167279,-3.2474453,6.9851193,0.31318468,0.32920274,1681.7380015653475,937.1384902291934,3235.199875128074,1904.271352923815,1732.3090078461796,572.2745056060642,21.814702397648524,12.011820256713188,0.09540924143735363,0.07133814753794894,0.026169974,0.071333386,9.9
healthy,e6d10c01-1393-48f1-9ced-fa1a5498112c.webm,-484.47964,165.85405,43.26517,59.92177,-6.4270678,30.27893,18.388103,30.996016,-7.2503304,20.405563,16.733023,22.666746,-4.6359205,18.14799,-4.3870125,14.035411,-7.363555,24.775946,-0.4337862,10.178988,-1.5700513,11.721181,-2.9087257,15.01203,-0.122467704,9.758001,0.29842126,0.32766405,2160.1408119932407,1529.5835772163407,3832.638729319853,2522.431049206876,1633.6231686442593,916.7835573632154,20.258898887623236,13.374086659523117,0.14353827468487396,0.1369722531836942,0.027907412,0.049159266,2.76
healthy,4f145dec-fb85-4fb0-abfe-62fcf998f2e5.webm,-485.98413,120.83249,15.544969,46.89062,-3.5441813,20.251574,2.7993288,8.9987135,-3.343552,12.680365,2.5234036,9.292985,-1.799972,7.008196,-1.7198853,5.753701,-1.9881625,6.318014,-1.5491968,5.193961,-0.24925546,2.9725907,-1.7502882,5.459373,-0.17180076,4.6915665,0.064956404,0.19536743,281.2687376724111,836.254217477973,525.9593616832386,1531.8198293457729,266.0263517672029,680.7174888055121,14.214251759991056,5.662300605274031,0.01741289851641414,0.05352401311343723,0.020632355,0.07087799,9.18
healthy,9ec3c300-0f61-48e3-80ac-abc0759b4f18.webm,-531.9427,119.86989,26.084759,61.86427,-4.841859,21.728456,0.8073975,8.882326,-0.7864016,6.520088,0.3999741,3.7903414,-2.7486708,7.2445045,-1.9693887,6.121899,-2.28519,6.793111,-3.0089638,6.9086514,-0.56057745,2.816731,-1.8432398,4.7135434,-1.4887532,3.8108017,0.62364054,0.22828338,2695.1909412723508,676.6155896539659,5078.748831364781,1262.7764012682128,2147.599801959309,439.7853988652619,17.66185405453046,10.709805286271289,0.19425494297985782,0.05635874888385229,0.012273504,0.040923532,9.78
healthy,f15af0f8-d520-4ac5-a9e5-76fc9ca53282.webm,-503.37775,85.01528,14.516979,34.954903,-0.35153797,19.127045,5.336706,15.992777,1.7306161,6.2901535,-0.7065731,3.5813887,-2.4724479,9.018267,-0.67719895,3.1790507,-2.2665875,7.021502,-1.9799488,5.334421,-2.9688497,8.113421,-3.163212,7.9129705,-2.0661175,4.5790973,0.49935544,0.35268527,2222.7389914725477,1591.0872306880954,4298.143330558401,2780.9209826387196,1879.3798698985347,1056.614293649231,16.342701092368873,10.059465745439985,0.1508514618706089,0.16367884881567635,0.0093114665,0.04545643,9.9
healthy,77800031-0bbe-40e2-add3-19ea8b2ac6ff.webm,-507.3343,145.69537,27.335674,48.78479,-10.012569,28.851978,10.649715,21.208832,-6.2736115,15.952425,-2.2413418,8.583351,-3.7882552,10.270423,-2.4575062,7.0651298,-4.017651,7.3548455,-4.047901,6.5700793,-5.2467217,8.592062,-3.9332836,7.4175715,-1.7447369,5.663102,0.2976042,0.33213106,1649.3904389407342,1616.5305385917084,2969.9965385541523,2705.0680220939626,1216.358528366804,1048.096042204956,15.888244468741464,10.66123579102524,0.1196322506421233,0.14983856882033728,0.01841247,0.054420874,6.78
healthy,56103b3c-1fa5-4b1a-9367-4951e0e63cf6.webm,-431.92526,171.02423,73.65184,22.854,10.827055,22.1036,-1.3337991,10.621446,-3.467967,7.1991987,-0.05508807,10.180454,3.9194133,7.5113277,-1.8704648,11.978458,-2.540848,14.171212,3.4548562,9.281371,8.891491,8.148089,7.797932,5.5901756,4.6478047,7.2635627,0.54703665,0.259764,2254.41616397217,752.1799454951993,4788.602901005244,1579.1580771443766,2531.935032580314,344.2226566324422,19.920151844689915,11.490302977734945,0.0993373488490676,0.07580762346825494,0.022860019,0.051181138,9.96
healthy,5259a449-ede1-4945-b0e8-3552eae35add.webm,-387.92752,160.15001,40.88775,60.131454,-18.486824,42.462757,7.4058404,20.886686,-18.566036,28.60276,13.83896,18.940771,-7.2594543,22.37836,-9.320493,16.208889,-17.022295,23.120945,-12.250881,17.540106,-2.0880895,15.612971,-12.317539,13.727425,0.44369477,12.599079,0.34788087,0.31753126,2501.691230048394,1177.9370660043573,4479.206248185952,1749.5754204753762,1828.1941433949137,558.9491231146212,23.231974265709923,14.190636467323367,0.21359659200851394,0.13200077788459452,0.059397317,0.09441366,7.5
healthy,336f4702-ada9-40cf-9cec-8deacdf0b664.webm,-409.5504,161.61536,60.109024,44.549202,6.938854,42.555103,22.136038,28.034008,-6.9243956,36.29556,17.71318,21.36758,-7.6363964,27.537724,8.609488,13.650607,-2.713988,16.203972,10.421906,17.119238,2.7112389,11.591712,0.9130061,10.803469,8.562539,9.921773,0.48739725,0.30833432,1849.2702339525442,1411.7438896836338,3371.4260589454975,2528.7242857126944,1811.8186227850065,606.9104045540154,20.860001772998803,13.922612442037746,0.13545986374407584,0.14588938601466725,0.039350517,0.08451457,9.78
healthy,dad8528a-e82c-4c46-8dfd-ada8571cd14a.webm,-433.1386,211.20241,29.243067,34.838634,-9.834734,13.498179,-13.282722,20.578123,6.37127,9.068886,1.5184348,6.3588066,-8.082481,16.221378,0.3302298,6.0697565,-2.116088,5.910939,-7.0542936,13.57997,0.27065328,6.1719675,-4.6739736,7.5901165,-2.6289005,6.366485,0.55451137,0.2582463,4038.3691453887463,808.6454141396198,8084.914670290646,1308.128081222128,3150.150195644798,253.5822047249109,19.4674590466185,11.198395027234625,0.30361077724358976,0.099420144862357,0.03663521,0.073376864,9.96
healthy,02796c32-e748-4b86-b7be-06e184e120aa.webm,-429.00726,165.94736,34.622025,39.609734,-4.0713468,22.303986,14.779416,17.904184,1.8011154,13.283297,1.2223233,11.596041,-2.8590353,10.411375,-4.4265885,12.308599,-1.6537026,7.217472,-0.17849742,5.7073035,-4.7169375,10.74947,-6.022622,10.174986,1.1998621,6.9787226,0.5272083,0.30564407,2985.8333577787107,1224.1985233557164,5971.120729608051,2429.1740383533183,2653.116785443673,655.9802569972974,19.028923126021482,11.509533940400306,0.19774728548728815,0.11173553628522152,0.029196471,0.054482304,6.84
healthy,00ca82a7-88b5-4441-b941-4bfa9bfb3b34.webm,-527.8689,121.220375,29.167833,45.03291,1.1930571,25.172087,17.971306,15.865997,-0.08833338,14.482293,8.839893,7.8196335,3.1341574,11.082251,-3.061969,9.850219,3.4552433,5.6021805,2.7572527,9.539479,-2.9661558,6.165224,-3.9177628,7.8004336,-1.3692758,5.964524,0.5570543,0.2709142,2793.4122614528087,980.0063651178989,4860.668227251838,1374.283457308699,1962.3064384288007,454.48229073812536,19.562472286402095,13.5884627045083,0.230384634322479,0.11429557649977568,0.008377612,0.027840829,5.52
healthy,f52f5f9a-9194-48e0-95a5-0e7c9c9c1ea7.webm,-334.21756,225.4853,37.587776,47.174408,-16.808914,30.871103,10.115195,11.335374,-3.8404012,13.856594,2.311679,16.749966,-0.1652403,11.0265,-8.034902,14.431056,-7.8175535,13.892504,-5.009239,8.448811,-3.7917387,9.252844,-5.4139957,9.615653,-2.1361606,6.5426674,0.51962566,0.268845,2859.9123669440787,736.5265744133757,6012.883454436189,1799.2358728491806,2655.2969374637373,613.3404253380353,19.17234651557827,10.929602788239857,0.15979089270104896,0.06462895377232866,0.091002606,0.15468045,3.3
healthy,0d1cc0ab-c8a1-475e-b66a-2f0a91308a0e.webm,-397.1574,161.92496,56.38706,62.482468,-10.43392,31.608479,19.270912,30.626492,-0.26998007,18.456694,8.624438,13.919754,-2.383402,10.920503,-5.459912,14.2244,-1.8476447,8.238259,-2.881319,7.9262834,-4.0212793,8.045457,-10.133922,11.04815,-3.05348,7.2347994,0.44080132,0.315732,1893.441364231189,903.2746089374263,3725.7484310963114,1751.9064745536725,1770.9752980757764,632.2984649391225,20.43986880565879,11.972740635378683,0.11782786885245902,0.066902846571157,0.05013048,0.0794367,9.9
healthy,1e7a5768-a4df-4522-bdf6-164e323b3d76.webm,-499.21817,146.92679,44.22587,59.584557,-11.759003,27.877972,-4.088076,19.418629,-14.0596075,22.832617,3.2833009,15.777542,-7.8135433,13.255362,-10.602524,15.036807,-6.1585608,10.68777,-5.9441414,11.400318,-2.331277,8.73153,-2.368218,7.1991587,-1.5406784,8.40338,0.25707898,0.3210272,1515.6013734913508,1433.922210492668,2738.084549022512,2507.6507020049744,1193.531327186122,968.2791970755923,17.603563859485167,11.224023477552297,0.09739938166469195,0.10299490029056602,0.0171008,0.043371912,9.78
healthy,c16295fa-2013-40fa-9915-e758f7b4259d.webm,-438.51392,225.61165,35.73987,50.46519,-25.719805,41.82973,13.651984,22.540007,-18.680557,30.948164,10.268634,19.333801,-17.111021,26.91574,-3.4990187,12.478591,-8.938056,13.356691,-0.10857147,9.005209,-2.39368,8.343892,-5.7079077,9.587654,0.74786353,6.4297333,0.29502457,0.33628514,1613.2376376339907,1501.636545700986,3048.9025758044554,2721.6013148917527,1267.5806726673122,1098.9449821683406,16.747926329936515,12.980873377238158,0.1102274778259076,0.11328094934690632,0.050322793,0.09079338,7.02
healthy,03587993-6548-4e37-b585-4ed49b4f9a56.webm,-444.29886,166.67862,49.474224,52.29861,1.8511928,25.125694,26.197508,38.57065,-15.264522,27.389183,3.770284,19.030622,-12.93181,18.207453,-7.4189453,15.774442,-18.465677,18.378418,-9.22931,12.53452,-5.8934083,11.041351,-7.9274235,11.001798,-3.5269701,8.759989,0.35352072,0.33152846,2305.9058109852904,1480.3638503691354,4209.157173588591,2462.0423611334354,1855.1191917469869,805.6196487384661,20.014760131982513,13.68212049965935,0.1657254201061321,0.13529991743171665,0.03309215,0.060454234,9.84
healthy,6757d0e2-5b98-4d16-ab10-71aa1227dfa5.webm,-444.02045,170.26349,33.621468,59.87021,-12.229318,37.005,5.077983,15.638759,-7.031709,23.652569,4.205281,12.169893,-7.4149747,16.837414,-1.4683316,10.56158,-6.1072435,12.030794,-1.1209139,8.573296,-2.2610903,7.5514913,-2.371332,7.499499,-0.15960965,5.82029,0.27120566,0.34433445,1324.319945520676,1520.4725552573611,2472.242115162037,2729.6315181469863,1147.8019088457809,1102.265847628592,16.980933582720354,10.70883260633959,0.07507876800411523,0.09340309541330553,0.043508317,0.08492225,5.64
healthy,da7e7e5a-14a2-4fe6-b8af-f34efc66ec54.webm,-398.9019,98.09814,82.130554,32.209522,-22.12118,34.886963,7.8863626,20.224913,-7.2039804,16.758713,-4.352791,12.543955,-9.378254,11.7561865,-18.439888,13.877813,-9.447796,19.2148,-8.347183,9.150402,-11.374708,11.038802,-5.8731766,8.630155,-5.606212,8.351845,0.39364213,0.30694312,1890.4911852194014,468.1579950825766,3631.7859504796284,788.0907691410123,1618.772467646109,289.1522268929624,21.427494829112344,12.967934330880231,0.12362786787974683,0.05491133376352585,0.017117377,0.04850882,7.32
healthy,958fa4da-2469-44fa-b6f1-28fdba4bb048.webm,-374.93698,148.45212,85.350464,76.69541,-6.584989,38.390835,16.668861,30.826157,-13.120698,23.473318,-2.851691,19.875385,-15.508397,17.46554,-14.654029,16.097977,-9.344088,14.40365,-8.372877,11.4518175,-2.3887718,11.263227,-7.738202,12.712217,-0.38779584,11.269032,0.35290483,0.32344678,1711.7151668732436,1127.1084387408353,3144.5671427505968,2126.641458675754,1510.5966545330316,742.6912380158437,22.435317715232276,11.814454914033181,0.13127540460918855,0.12445905628818653,0.056558527,0.080335565,9.72
healthy,7cc484be-d31c-4f51-bb40-115114bb97bd.webm,-306.92657,214.34131,46.234238,43.110485,-12.570032,16.321924,-22.89246,14.660632,-10.495949,15.551612,-4.4472723,13.696785,-12.952338,10.37893,-34.133724,21.10535,-3.231463,8.5967655,8.701464,11.006461,-8.758999,9.628058,-21.772497,14.163502,-3.024636,10.639369,0.4413591,0.29329693,3767.255475960178,1161.6959531103143,7608.197661713287,2191.6789342720253,3019.131059522327,484.9188404755923,21.558708523614325,12.03003820676082,0.2749421802156177,0.11625498872310613,0.06685986,0.08094874,9.96
healthy,4e23bcf1-9774-4ff5-937c-e112e6e78ac1.webm,-322.58084,162.41084,70.07411,53.40285,-36.19273,42.866276,6.5342,46.91871,-27.391964,26.86415,-2.3128777,26.183609,-12.107931,26.878159,-9.199666,15.348131,-13.241981,14.008029,-8.6016245,12.746414,-1.0980564,13.057986,-2.7935226,15.143378,-1.7153326,10.941734,0.35476014,0.32676813,2170.726763707889,1104.8996290692583,3756.909122107164,2016.697576198864,1603.2584706160285,652.7967779846417,22.55344412605929,13.621509191132294,0.15665536556603774,0.10689771905730275,0.07109573,0.11712864,9.84
healthy,373088ba-17d0-4190-bc20-61fd52d24342.webm,-444.3311,162.46278,55.352657,77.74567,-13.345234,32.80821,-3.5522716,16.14738,-12.54328,22.817314,10.993988,18.320501,2.5774891,14.0244,-9.511619,14.400713,-12.4085455,18.73806,-10.262277,14.5055485,-1.8371643,8.8621,-3.4943585,7.6691895,0.3546889,9.686309,0.1781869,0.28553954,693.487645369147,972.685212635129,1201.6171728880922,1744.2895342724241,610.5753639548371,757.716051047748,16.332485832851987,9.909655774669249,0.04878672459476309,0.06375862526386748,0.040236857,0.0772588,9.3
healthy,941350ed-b137-434d-862c-ebcd38f5f2aa.webm,-537.78455,130.671,33.38055,44.21982,-7.499331,24.319515,5.299912,18.491547,-2.0688648,17.838444,-1.1361367,15.430557,-9.795621,16.629358,-1.6716536,8.378905,-1.8707976,9.2783785,-0.15764055,7.3336234,-0.85363317,8.103486,-4.619096,10.516516,-4.895038,8.742514,0.2139226,0.3129693,1193.5345622470081,1291.7160218989536,2377.4421266649592,2484.5970081054497,1117.9530660556825,1048.3221679584126,17.087661847707487,11.273441035727577,0.05871702100409836,0.07370949771999179,0.008395091,0.02506239,7.08
healthy,40161478-dbde-44b9-83bc-1735d915fbf4.webm,-543.395,148.02675,31.01597,58.89162,-7.5455275,32.36818,2.8030052,13.341149,-3.546015,17.957737,3.4015121,9.702422,-3.0345974,11.687395,-0.12128975,6.5399227,-3.5338345,11.209542,-3.6517992,9.960686,-3.3496735,9.339739,-3.124934,6.8475084,-0.9357687,5.3420258,0.25898907,0.3474142,1078.6689631781471,1269.864938904343,2182.99780673668,2521.736520832758,1106.4872387313862,1129.6292507221517,14.79597664348218,10.011315767978655,0.04707854581381733,0.06089567456025977,0.01693009,0.044979498,9.9
healthy,564470b0-13db-44d7-8ed4-d890e5b56468.webm,-532.2818,152.72694,36.32809,57.849297,-27.021046,39.09866,7.1258864,21.219696,-5.8831825,22.161863,-2.1388748,13.876544,-10.784775,22.846472,-9.208918,12.462275,-9.060023,12.319991,-3.580363,10.410482,0.2301149,9.812775,-2.5869815,8.646437,-3.523363,6.6276946,0.40285495,0.34077808,2274.076014187321,1451.839009422507,3925.5987448770493,2544.615172956638,1607.8349133229,915.9719805356901,19.042454740306255,12.0773876006816,0.17924381586651053,0.15768347437749897,0.010910425,0.027018609,9.9
healthy,3c57611a-f237-4191-9c85-debfe839c01a.webm,-399.04126,191.33394,73.0601,58.26803,-45.105045,61.832047,19.69556,27.65297,-16.83637,30.307177,2.3769004,20.724823,-8.241933,22.554333,-9.928099,14.77961,-7.1317477,14.523195,-6.792763,14.012713,-7.5663257,14.756522,-13.215747,13.462902,-5.829643,12.286844,0.28865895,0.3269383,1708.4045875828772,1203.5774946813306,3089.963862581073,2115.545583134347,1316.7743504981613,761.3731893014738,21.920609146015064,12.874320122879974,0.13197413030660377,0.12590517398536238,0.045046553,0.06259766,9.84
healthy,96f8e0a8-1261-403e-9823-69bbb1bffe2e.webm,-475.58862,196.88377,43.65535,47.724648,-12.3336735,31.801159,6.085153,22.234516,-17.283203,26.368914,3.3535964,20.682817,-22.97636,32.3373,-6.60379,11.284312,-11.782915,12.659059,-6.12366,11.359828,-4.773129,11.990665,-6.5708694,12.008473,-1.248033,8.742126,0.40558088,0.31218058,2362.569201134611,965.6895458543572,4565.939853865787,2018.0964984377542,2106.000241577307,602.2111644729432,20.636946043188292,12.660627024756158,0.20632119957669323,0.12887975753023256,0.029256862,0.05871636,5.82
healthy,e2b665cf-a013-45fa-b5de-ca7602e1c462.webm,-509.3349,146.86028,32.05543,36.269363,4.3505883,24.111807,9.093344,10.428993,-2.2998893,23.066408,11.159116,9.946194,5.6949077,9.912336,4.91353,5.4376907,3.9030995,3.0933514,5.306966,5.4110446,-0.120034985,9.561763,1.7064242,4.754847,4.7990937,4.5235076,0.40799728,0.29983363,1788.7381053389574,787.951291004643,3608.4400850183824,1194.1877873700416,1943.7335821998329,254.97974920623776,19.976490459992064,12.321181229253773,0.08874409138655462,0.07898408357680532,0.017592954,0.057194885,2.76
healthy,a43fb8c0-829f-43c7-b0fa-3dfc2ac7cac5.webm,-424.71753,179.13397,63.603886,70.483025,-9.001626,36.088943,11.923781,18.748926,-7.346078,24.554398,4.5417237,16.711868,-16.044836,20.0848,-9.379717,16.377098,-18.481575,18.901493,-9.723005,13.492906,-4.5504436,14.4788685,-10.530394,13.806715,3.1693487,13.575981,0.36167112,0.34404895,1646.3725125725841,1421.8941155780176,3077.7011213631467,2581.833434815924,1509.4086210078015,961.934386048751,18.89882051535261,12.426194279172828,0.07570604346264367,0.06520528336647513,0.050806426,0.07894803,4.02
healthy,7cd52aa3-c509-44f5-8bf1-f6792d687654.webm,-511.46152,130.77353,21.794296,39.402454,-8.081582,27.511206,10.933392,23.260391,-4.55616,19.101513,5.6169167,13.049922,-7.737575,17.099215,-5.486905,12.495009,-2.726895,8.84048,-6.4407,12.861496,-3.9979506,8.898391,-4.315459,9.125592,0.005677761,8.618861,0.17031409,0.2903774,961.3154180611543,1355.2305913137154,1803.6098679095082,2525.0608182407545,766.8437884234796,1000.7426210207518,14.718694882202199,10.15273074803586,0.07262547208234597,0.11270962881922052,0.011407698,0.031904068,9.78
healthy,bbccabf3-5f0b-40f7-88bd-592e0f36a7cd.webm,-458.4814,180.04211,42.755817,53.90255,-19.480677,36.235687,16.821556,36.301662,-8.714937,26.805164,12.188258,25.530296,-14.3272085,28.825981,-11.361188,17.96271,-15.08444,16.573948,1.4297792,19.233639,-5.573022,13.538766,-7.231847,11.495857,3.8338356,10.56469,0.31087017,0.34049112,2018.3483899897071,1480.9169268729584,3745.935263180866,2565.2411179237574,1549.8086252899766,962.5835163784826,20.15087326964029,14.151369819272531,0.13672693348463688,0.12109801188006462,0.030484999,0.057221524,4.14
healthy,0b5bf5ee-1ba7-4f7f-9a9e-daa81cf4ec01.webm,-512.7325,109.1916,30.334555,51.129993,-0.3456571,24.533405,9.089933,21.682486,0.52748746,14.240182,1.779329,9.061559,-3.0956244,14.325207,-1.9872688,9.266356,-4.315846,10.598125,-4.820878,9.757632,-0.7690564,5.1908417,-0.29314044,5.2762837,-2.1942248,6.848533,0.36221936,0.3562049,1587.6425705865463,1505.0325929737633,3037.3162941854507,2739.422516355109,1388.428297983347,1100.8776146586406,16.807455834623127,10.772268453309216,0.10120114900468384,0.09995923737268443,0.012073814,0.033103686,9.9
healthy,293d539a-4303-424a-858b-81ed7acfdedd.webm,-390.97568,172.37743,60.464787,53.793613,-15.995112,30.939259,-0.07376297,17.898108,-18.630753,25.606766,-2.762792,15.255358,-25.782864,29.413288,5.5133414,14.195234,-12.868802,14.174696,-9.189725,11.074505,3.13535,8.980969,-13.301797,14.910979,2.442206,11.599287,0.4812886,0.32812756,2120.1617680326376,1054.5583161532743,4295.4929047981195,2081.5118308412666,1896.4113894073937,724.5724594130558,19.374209399364513,14.502688433575106,0.18819569275442477,0.14457438819128515,0.042016782,0.07492814,7.86
healthy,fc7d81b3-efa1-4d12-9e0e-cdf90ced089d.webm,-292.47925,174.35545,106.907646,57.63103,-37.765152,47.99979,13.118308,24.342768,-19.400602,25.098646,0.232993,16.492708,-14.7822275,13.541233,-11.253758,11.77666,-14.2697315,15.762136,-9.416608,9.92753,-3.9847784,11.059219,-11.176366,12.727485,-3.9898207,10.601128,0.41529912,0.30237046,1695.0880956758442,565.4470880058209,3112.3280400815215,1114.3850124660255,1442.294788453103,311.0832572229018,22.030952713779023,13.72520109006867,0.11287788722826086,0.05169734552194943,0.08405916,0.09534135,9.6
healthy,6102c127-173a-457b-9df2-648c7068f47d.webm,-419.9615,179.58301,37.978058,45.910767,-59.589287,56.820152,23.802122,42.068874,-6.8991046,32.030838,23.963736,26.456043,-8.768314,26.757278,-6.6429925,25.525404,-8.198442,16.40318,-15.756879,28.62936,-10.164766,14.400307,-1.0578108,18.004913,-3.781724,14.361719,0.3676759,0.32442114,2843.1713780191085,879.3517367378377,4991.145001710766,1700.537374754111,1948.1541058570097,666.3349074222135,22.85919087311259,14.224035952048085,0.2549184534671533,0.139647124448651,0.041546173,0.047862675,3.18
healthy,dc42dec5-b332-49e9-99c5-10570ae41503.webm,-351.12778,173.39655,63.4408,62.16257,3.2857583,26.790207,3.9465792,14.273952,-3.692968,14.616059,15.501336,13.644751,6.0320973,12.424448,2.1424623,9.272332,-11.177882,14.883293,-7.6143403,11.030019,-1.4752033,7.193169,1.5871798,5.195365,-0.7108911,5.5395265,0.47466096,0.31917888,1999.5921468143117,1233.3801235283895,3832.8097683566434,2560.224691610641,2018.6481345947077,715.145975402732,19.264996601732708,11.595498017287333,0.16204677483974358,0.16528587405264294,0.058789365,0.089568116,9.96
healthy,ef3c1b4f-578b-45ac-979b-91bc86c94352.webm,-473.34503,149.35358,36.76839,36.641094,-7.939782,43.722527,16.472109,20.53914,-16.019651,30.12293,11.649065,20.078705,-3.2150762,23.271132,-1.3431474,14.298983,-9.41209,21.867525,-0.9052541,17.836878,-0.59682834,10.077506,-9.014239,9.034312,0.41843086,9.185101,0.40854308,0.31492192,2810.160479767455,1151.4847180587824,4736.316613305973,881.1020535946357,1848.9790933408694,335.87958010615455,21.955857309838848,14.12248890083709,0.22116359276107594,0.14632990029227402,0.026306506,0.053547945,7.32
healthy,6ca0fe65-85c3-407f-b4b1-63c7803478f9.webm,-415.76477,201.36197,31.764345,40.200596,-47.832424,47.607563,4.4572005,29.382126,-21.189438,29.041931,14.558208,19.866943,-12.07877,23.28193,-6.833228,13.979615,-6.6815205,11.869061,-3.7014496,11.174871,-1.7281919,8.8310375,-6.693072,9.131518,-0.22465786,7.4149833,0.48288256,0.30515763,3065.0763903130733,902.1037366262083,5056.855300377155,1525.9580039019284,1873.273603009036,520.1802446003775,19.939903473198235,14.1399230603686,0.348572679341133,0.20227654421678257,0.049095813,0.110489935,9.42
healthy,fd552b0b-fe2f-494b-83d2-51652c07fce5.webm,-358.03647,159.93616,88.13581,71.89599,-20.870445,47.20973,38.03476,40.803,-1.7727699,24.274942,-4.929206,20.502626,-7.2436304,21.725292,-13.530102,17.585546,-13.075582,14.965479,-8.816606,13.266598,-9.11695,11.948012,-9.580871,11.806878,-2.4986398,12.726055,0.37064385,0.3145744,1825.4179508804234,862.1235980544169,3261.7996215820312,1462.072317460426,1493.4181342482466,460.7643696811005,23.368870879324408,12.073241353130934,0.12597510928199404,0.07536862604179313,0.05688732,0.08039084,7.8
healthy,661a1eda-c9f5-464a-aa92-f0b68ec24ed2.webm,-393.07736,158.62943,72.19152,61.509094,-6.1527114,39.889603,26.496918,22.309835,-11.54317,29.025967,5.7714853,15.384453,-11.471217,19.47539,-1.4009624,15.675194,-10.6346245,15.541066,-6.231071,12.749265,-4.104214,11.127867,-4.323115,8.642302,-6.6423116,9.332232,0.43620512,0.31445333,2274.1204852291175,1252.97565506647,4411.99951171875,2099.0645445820255,1971.5250144250128,574.6998738498606,22.066209490096227,15.062413833593354,0.1464510830965909,0.11182230285344921,0.03421361,0.051710792,7.14
healthy,30a82984-7cf3-4bb9-a7e7-7195577f1766.webm,-418.48062,138.09576,56.632877,55.39334,-10.965302,30.706703,2.447839,27.96104,-25.494173,32.374992,-15.259546,26.454927,-12.766963,15.483508,-10.653868,13.215948,-5.4190316,14.925441,-1.8992709,13.99981,0.83844805,10.297041,-3.5062425,11.146016,-0.113904856,9.7017765,0.27606896,0.32896015,1799.079904635822,957.6921805376837,3249.740651569958,1802.699858486111,1551.0556826800864,623.5963363490185,21.67092288196024,11.50784638179061,0.15146973821599044,0.11744542235317502,0.03764173,0.06631261,9.72
healthy,3cacd9ac-d078-4a35-92cc-876e3da99399.webm,-470.01358,130.70862,27.824505,54.26375,-6.153461,38.19152,3.6629872,17.947638,-8.6289625,21.578497,7.5599556,21.19874,-5.402377,12.498492,-11.417975,18.749454,-7.9671016,16.335217,-8.100329,12.256724,-4.5941906,10.417205,-6.025059,11.142205,-3.0142267,7.235457,0.28081802,0.34711024,1328.1652795209377,1489.0671344141763,2405.1108120742,2723.501005675923,1143.5345045040065,1088.8655793481487,17.33901394700454,10.461500759219877,0.09047550725710901,0.11621208377581012,0.02464857,0.057308294,9.78
healthy,3bad2771-0c98-40aa-96fc-50fd4a746994.webm,-453.99805,153.85217,54.269665,67.26313,-3.3211348,34.22185,10.142445,22.204256,-4.3870897,13.759654,0.8860999,13.7080345,-2.3192291,12.78378,-1.1980476,7.4157467,-9.158042,13.451769,-2.8499303,7.792219,0.3412079,9.894131,-6.1861014,8.523158,-1.8292009,10.164025,0.5210492,0.27127984,1892.4849392890046,579.0354690231021,3864.5416891163795,1127.3721781105182,1842.3859112779473,416.403080832803,19.833394448329738,11.997561551848309,0.11640288254310345,0.05036963590836175,0.035040833,0.07154839,3.36
healthy,3f818481-323c-4e65-881f-80ed7674c475.webm,-478.35364,105.76814,47.233334,37.78147,2.1838014,22.358927,2.8133907,30.695116,-8.201514,19.021217,-0.8709082,16.363548,-12.821061,17.33054,-13.958951,14.018409,-13.614103,12.076273,-7.89918,11.125716,-4.1587048,9.217666,-6.2957096,8.311906,-3.7244763,9.47739,0.2973383,0.31795916,1988.871462655873,1073.7562124034969,3742.1558308151534,2195.80023043728,1788.0177899897192,716.2723133368581,22.553523867075153,11.864389555669678,0.13302439563679244,0.09146274859527756,0.012995703,0.03721707,9.84
healthy,30eae1b5-f9ae-4e6b-b28f-3369fcd1840e.webm,-393.35944,191.91475,38.78375,54.76041,-31.149572,49.409264,1.7990211,22.127542,-13.762268,27.096645,13.836317,23.768747,-21.094671,27.283804,8.261541,18.75804,-16.83518,20.933197,-7.9507737,15.830658,-10.863519,16.177309,-13.029218,15.545119,1.448461,10.513196,0.47846884,0.30663323,2968.1133084649196,961.0827228366668,5532.419473616803,1554.7534636172286,2228.661811471544,461.7304160498663,21.353706517714805,15.822698358979746,0.2293846970140515,0.11596353854774313,0.041406054,0.06514685,9.9
healthy,3b7c40ea-8161-4230-892f-a59c6f803638.webm,-317.04443,178.07185,73.37061,58.399857,-0.370075,24.730482,-1.5456861,17.31233,8.431737,11.88505,-1.0421278,14.1542,-15.408347,16.449532,-11.642182,12.874942,-21.576113,17.026825,-1.5985726,13.441908,2.1398628,10.581297,-2.949129,10.258018,-5.421361,10.430582,0.42656067,0.30836546,2109.7849031467713,1279.2681006044452,4115.395917683622,2533.286568979805,2214.682338241701,679.3988814750451,20.491021632763758,10.781139433704979,0.11959861142791971,0.10719297790385181,0.06768199,0.09225008,6.36
healthy,d0c82cc2-c758-47d0-b4b0-57bfe496ae8d.webm,-536.6308,97.411064,18.227495,40.12786,4.852121,29.540745,9.0588045,18.803568,5.6367693,17.266548,8.696908,16.606995,4.5334773,10.909426,2.8711681,8.015261,1.9342164,7.125187,0.45031637,7.326387,0.5419348,5.2201214,-0.698495,4.190852,-1.0323853,4.9760857,0.30074906,0.3522277,1277.1596350625712,1722.2145566621,2369.01381238759,3102.598797429407,1187.6770753867006,1193.9289268013226,14.840276494336742,8.345740497416546,0.06949986885491606,0.10990481307850003,0.012666438,0.04852826,9.66
healthy,56d6d865-c1f1-4f1d-b1e9-8ebcbcce51ba.webm,-344.41766,161.20068,37.980762,60.003143,-55.238853,51.002598,4.64337,26.502901,-33.9571,27.437435,31.11273,31.458447,-28.965122,24.551916,-5.0814896,19.225801,-10.252828,21.410105,-6.0016627,17.189861,1.9166471,12.977723,-16.189728,15.950656,-7.8097005,14.412532,0.32847536,0.32354906,3028.905661661556,1129.3709134397475,4999.8185441300675,1549.074142079988,1792.5537985180515,372.8701245938507,24.947033431304614,16.444711682784096,0.2457996500965251,0.11364981131124356,0.05889251,0.08718152,6.0
healthy,fed03a5c-6329-488c-a031-213ccdceabcf.webm,-461.5588,177.82689,27.126339,47.026608,-3.264019,18.136574,13.3951,22.961182,-18.230696,34.460793,10.398999,22.061502,-6.7064805,15.148314,2.6090388,8.961256,-7.2036915,12.931463,-3.9304802,8.23552,1.4269985,7.6624203,-2.9544208,6.9945393,-3.9676611,8.258497,0.54890674,0.2636242,3098.6980873753396,738.5716383379773,5742.877666766827,890.2227276670991,2340.5520023985405,359.50130808256677,19.089664606506584,12.850789849887507,0.21680626502403846,0.08259934436385943,0.03486776,0.076951176,3.6
healthy,60073131-6385-401b-b181-51d05dd44090.webm,-492.59177,178.15883,26.666603,48.046764,-27.354143,42.42664,10.299432,19.784538,-7.5453672,21.347872,9.611409,18.321337,-7.8798676,15.703001,-0.16397585,9.7126665,-8.104384,16.00136,-3.556039,7.864236,-5.4216433,8.51362,-1.8142096,7.503373,0.979022,5.9110045,0.51603675,0.34242108,3620.335364281499,1238.5292361590903,6335.319842039234,2080.003265033296,2331.958636262488,611.798761565077,18.141045265273252,13.440906447346032,0.27447465214416056,0.1490647856235911,0.02116298,0.051509958,9.54
healthy,5e16fed6-c8a4-4163-af90-38a952971271.webm,-377.1229,189.24861,62.71555,63.760914,-26.710657,39.636932,8.880981,24.163143,-12.241886,24.449417,-0.07821036,12.891008,-17.784575,22.404922,-1.3054516,11.486077,-15.9787855,18.435553,-10.48733,13.223113,-5.051919,10.187923,-8.460768,12.234163,2.0697615,8.594469,0.5230717,0.27903336,2298.790490128399,588.1250068779204,4250.1413597250885,1110.0952815970975,1829.2448912532232,291.73980285117034,20.692731066329486,13.954584648210604,0.17428185804834906,0.0576303312858594,0.05323358,0.08016263,9.84
healthy,7ac1501f-f9db-41d5-807e-4300f401c9a1.webm,-468.71722,170.69609,23.381214,34.22376,0.28122574,15.60259,-11.696863,21.55801,-8.562035,15.617616,-9.648708,13.03498,-10.673764,16.53093,-10.189993,13.921168,-14.027409,19.338858,-8.46848,12.981534,-6.902391,12.624781,0.39891475,5.22158,0.89871985,7.9400086,0.41576144,0.30510864,3597.878216799343,909.7645806100373,7723.2923814466785,1907.5194626629977,3126.831321206117,402.22577670909226,20.33360022770755,11.821929820667512,0.21957404574592074,0.09375194480711184,0.022726554,0.05087453,9.96
healthy,d27bf6d3-f741-417a-89e9-4133fa1fabac.webm,-297.46793,162.87163,68.8999,55.759396,-11.146527,30.43333,28.023056,31.860006,-24.766802,27.630405,16.165089,21.024555,-25.7752,20.047445,-19.219898,21.302326,-5.448398,15.594338,-2.6708114,9.416332,6.194977,9.3051605,-6.4574795,9.903364,1.4017377,11.898635,0.4446296,0.31626362,2482.66623403574,986.3758746607791,4737.186805001141,1511.3046500131422,1973.4376583597216,427.6436100282065,21.750071048055055,14.813178849977696,0.17703224794708028,0.1076332182940667,0.08980001,0.109291926,6.36
healthy,7602a569-8fa3-4c8f-b88a-8fac85100827.webm,-405.35114,164.20055,75.43754,51.69522,-36.920364,47.092793,6.8476896,16.457573,-14.366087,23.064428,3.318454,14.718221,-16.356304,19.143547,-9.039753,11.47838,-11.771024,12.055408,-8.689042,9.450891,-7.3846264,9.451487,-13.937621,14.945288,-2.650346,8.395201,0.36046252,0.3057764,1728.8281773719364,752.5092834779038,3286.5970369664633,1533.1556713659265,1577.6575365757235,541.3427130839558,22.01496038591907,13.64071445391017,0.10522580030487805,0.06105742970857176,0.027144743,0.045071382,4.74
healthy,2b3368a3-3409-446d-9180-c4c1f8e15888.webm,-215.04651,189.2513,102.156784,49.010433,-21.718075,25.551235,34.127884,23.653654,-14.251555,18.770645,22.058853,16.702463,-9.527757,17.593649,7.370278,8.84737,-12.346389,14.849357,-8.136802,10.955591,-2.5278037,11.122041,-4.326465,5.947189,-1.6948938,6.2223215,0.5143853,0.28878534,2175.0552813213744,1058.365775510821,4443.262273615057,1744.4112925236777,1957.9866719478698,500.05724966788193,21.04219392377051,14.954186853308634,0.12029844341856061,0.0999054415684191,0.1307243,0.13313551,6.12
healthy,ee12514a-3ad4-41c8-8c27-a24310fd95f6.webm,-394.0319,221.80367,58.808247,65.433975,-25.40956,41.488487,18.852066,23.871704,-24.099068,33.607056,12.925314,20.65207,-16.36902,19.47629,-5.477544,12.219814,-6.1429067,10.082847,-9.463082,11.863383,-1.4104213,9.393387,-6.3745856,9.977188,0.39274806,9.81796,0.31017825,0.32856622,1580.0880283544323,1256.8688554325834,3140.9901695793837,2343.167709935759,1346.5113835353613,934.1820983854836,18.43927750463599,13.115718802260847,0.10408374370556872,0.10086099815653964,0.056582216,0.08426359,9.78
healthy,37325d60-43c0-4227-b55f-0bfe9998d3c2.webm,-369.37067,217.7373,24.844294,41.70563,-38.93822,43.948334,11.245777,18.488436,-28.10958,27.244898,16.075968,18.88901,-28.976284,29.092281,1.1629776,13.977218,-16.248095,24.450104,1.2195663,10.03893,-7.9486403,14.402966,-7.803073,12.708879,3.8657224,11.342119,0.38662305,0.321075,3866.6129811642495,699.5516627788751,6155.970279639366,841.17604545548,2104.9264368647277,402.96903285617776,21.5330156824003,16.53019529513214,0.36151672652547395,0.08965450280971127,0.05756509,0.088631846,9.78
healthy,7be0c7d9-9b83-458b-a551-950029d9c740.webm,-515.65533,154.96767,26.359528,55.613297,-15.374101,31.052778,12.800137,27.525452,-2.2050889,20.728298,1.1274041,12.719973,-5.8089604,12.237658,-2.3387341,11.899207,-0.26338148,6.4855695,-1.6712095,8.067717,-0.6508945,4.4245667,-3.9658864,10.871716,0.31708393,4.916708,0.26080072,0.33172414,1547.41602449693,1718.1619433640806,2628.454011311463,2782.853928109134,1061.982282329711,1050.9793852871205,14.168907077489711,10.412681636326273,0.08427364114336493,0.10433183777563677,0.02021851,0.060513448,9.78
healthy,f31fd06f-b1e7-4bef-b86d-69bd8595e592.webm,-596.9786,155.06657,28.623062,44.505367,2.783436,18.924599,13.970628,25.045395,-10.393968,28.060768,5.1557283,14.700326,-5.6442375,11.815776,-0.8461623,8.791633,-5.1285853,11.417587,2.146456,8.65306,-3.7148697,9.750546,-1.2697015,5.341061,3.4914193,7.561128,0.5999217,0.27501598,3092.440801787923,927.9835578255665,6141.096040987855,1869.8980053102216,2624.0539793443627,541.2005460004708,18.551778949899774,12.431153197964367,0.361917070867891,0.18510297370637435,0.008575147,0.022489069,9.78
healthy,92c92b0e-bdb8-445b-b4ed-ee9e30727cf0.webm,-482.1238,149.04993,82.39662,65.17011,-11.565086,46.87593,0.21314397,22.840149,-1.0586202,14.609212,-6.533357,16.740871,-9.044385,13.160026,-4.6896067,11.609692,-5.427713,11.907291,-2.7169738,9.803347,-0.90600747,9.90968,-7.699591,11.6433525,-7.036745,11.125575,0.37565494,0.31371075,1440.9653321303008,455.80481602171454,2586.570765319483,1013.2297844883967,1427.8353825324434,454.7298068394835,20.616871352547637,9.86562447148551,0.09014653893156424,0.03584179345487922,0.024136994,0.0507398,4.14
healthy,368740ec-b992-47a7-9a1b-ba8fbf41c8f5.webm,-550.99884,155.56831,21.43835,41.67519,-12.075757,29.391117,4.179632,13.676637,-7.602686,17.929441,4.794406,13.098858,-5.1853867,12.782352,-1.9571756,8.145254,-7.1851273,15.719334,-3.401551,8.217467,-0.40195936,4.588977,-3.5601192,7.157536,-1.5826328,5.3592196,0.52666515,0.26695353,2811.7684944219513,391.9913341236513,5321.903416367828,608.9455834318694,2211.0390490321747,223.17030660213317,18.750749370935228,12.193175110623402,0.20914675424473067,0.04355782498872824,0.012710176,0.037488382,9.9
healthy,e23df0a2-fc36-4f70-a883-cf49d80aeb5b.webm,-429.90094,171.70149,51.14428,63.64091,-7.7009926,36.226166,14.38789,22.985998,-9.833742,23.26489,10.9171505,17.086916,-11.913018,25.433718,0.72567755,13.828875,-6.9935727,11.408579,-9.565781,14.06273,-3.1071293,10.508447,-8.379027,10.266069,-3.1538284,9.654514,0.40978023,0.34089687,2011.4957912555633,1487.247573181217,3699.830849586068,2535.215485256827,1721.889011226229,846.9946843763172,18.593625331276762,12.851710092458843,0.12033976916766109,0.1002491987342978,0.035237715,0.06761624,9.72
healthy,448f59f5-7ed7-47ac-bd2f-7eaff5aebfce.webm,-482.8014,105.0123,29.962711,60.653725,-0.05808202,14.3770485,4.9043665,24.2504,-6.4727435,15.576827,0.8028358,8.845702,-0.85685635,9.287476,-7.4030066,14.123795,-3.8221178,10.723691,-3.372759,7.2815933,-3.5988786,7.984184,-1.9214953,6.0857925,-3.266345,7.829844,0.32877752,0.36127925,1598.7462034156144,1634.9099062369694,3014.599049419438,2906.0935744952953,1331.042129843232,1175.359628595273,17.609889887177662,9.650571617148437,0.08412100415711009,0.09882188479096331,0.024548773,0.05828156,5.04
healthy,83df3f37-4215-4ce0-a232-f9678cb228d3.webm,-375.0492,130.84846,107.405365,25.693274,-25.834007,17.15639,15.98238,28.366354,-12.238306,18.888056,3.1687212,18.286293,-5.0206733,15.433802,-4.5305543,9.568017,-6.2648153,8.293965,-2.30602,6.884636,-7.6754413,6.5337043,-7.7449517,5.5031877,-3.3558123,4.751176,0.47589764,0.27265102,1809.897515484105,508.36543509540905,3560.674497969314,794.5974705288479,1651.6693838127057,220.88941075678778,20.61469091391442,13.578000963238992,0.10655107739169675,0.039393933890681805,0.028967276,0.0654766,6.42
healthy,f60fea58-109b-4926-85f6-04e866e6dda0.webm,-434.92538,135.30602,55.9739,70.875496,-13.003214,39.019173,10.904341,37.437183,-7.023821,29.062134,4.3018584,21.078636,-5.2864943,19.519081,-10.099588,17.38445,-8.324365,15.525195,-10.845019,16.228153,-5.861147,15.151387,-5.763339,12.661622,-4.1301646,10.304681,0.36471707,0.33757117,2025.3224571536598,1334.4549259823802,3625.475325674381,2191.25576574647,1559.9413417183541,834.3502909522849,20.50200977307829,11.60927400491726,0.12620112581073112,0.10406361943005527,0.034184963,0.06564745,9.84
healthy,1f6d6ab2-e37e-495c-805e-09eea13d07f9.webm,-537.65967,155.66617,59.44274,60.509884,-29.726946,42.050026,14.856393,24.677736,-0.0731893,14.8971,4.4880447,9.404007,-1.9893248,12.005681,-15.506226,18.74144,-1.0910257,10.574973,0.025792286,10.2629385,-4.479062,10.288703,-5.698966,10.846838,-5.068928,10.177956,0.5032391,0.28560987,2564.6458413455,837.40429844373,5084.45824795082,2129.439890351373,2220.541958348004,805.0832678158544,19.858262223274085,11.920699359986886,0.16697160421545668,0.051607790413825835,0.008888064,0.01727655,9.9
healthy,0ca8fec1-d01e-497c-82a0-abb1bb7442cb.webm,-513.664,108.001015,28.061234,41.324055,5.215462,16.567896,9.894542,20.826504,2.288929,10.857548,8.202596,14.306962,7.8012867,18.88861,2.1152852,17.579712,-7.016496,16.961329,-3.95458,9.621821,-2.8775811,7.5727634,-3.8665962,8.448225,-5.962753,10.563562,0.43912116,0.30599296,1722.1178598568365,507.1691467952973,3741.5822702687938,1305.0056356180721,2030.3851264294938,426.10849710573126,19.62944835407058,10.686387773994955,0.08942945075757576,0.03785172275814968,0.01198506,0.033170745,9.96
healthy,40bd50c5-4e13-4896-bfd2-ce8f44c33f9e.webm,-447.6519,178.75073,27.848366,46.27482,-18.295835,37.90537,18.413174,30.276993,-13.807064,31.74204,7.314062,21.349413,-4.037031,18.10228,-4.979277,12.695237,-5.7948275,10.763169,-4.4729104,11.283785,-1.1663587,11.165986,-7.4640617,12.677885,-2.0126011,7.925763,0.24758081,0.31958064,1669.760259684334,1581.5433415057546,2926.5391474184785,2722.804035499121,1116.0759539541818,1030.6468277602935,15.869171282455397,12.070595135429448,0.12241470410628019,0.12991502105842498,0.041996274,0.08892947,4.8
healthy,a99a10eb-a575-4e43-853f-fb641e16a7d1.webm,-465.705,142.36693,70.37987,58.16358,-11.5618725,29.927805,5.5554094,31.856916,-12.181321,18.33179,5.5861826,20.040407,-15.919927,20.362192,-14.475483,16.459932,-11.701894,13.297127,2.8489046,16.03447,-5.179229,9.976925,-6.1110244,8.954599,0.11041549,10.370412,0.339456,0.3302079,1954.1024820318803,1108.415952907547,3586.9111698385664,2111.900191072159,1653.0295186778922,688.98334721833,21.90648579215427,13.820354098034148,0.1423571256664692,0.11097013458629308,0.01603895,0.025631452,9.78
healthy,28123a17-8684-4cdb-8a82-04bf1bf7f608.webm,-425.77585,152.77936,47.93303,66.50942,-14.685334,38.550255,6.6179833,15.687934,4.348958,11.0220785,2.3398638,9.04081,-4.457839,11.630637,-3.9970315,9.156481,-4.8426003,9.799439,-0.37022588,6.14678,-0.40519175,5.307149,-4.209708,9.60571,-1.1462934,7.598464,0.3431477,0.3261014,1690.6378638722892,1325.9390451404172,3053.9388792209716,2190.773259524731,1410.2894550546005,859.3905096728334,19.292790234440982,10.649152509551925,0.09499268735189574,0.08689562110927536,0.041395314,0.085590586,9.78
healthy,559625c1-c5d6-4c0d-8e98-5e2a35a9f16e.webm,-488.84872,151.2234,41.164516,64.9425,-8.770552,25.700735,6.2787805,20.818836,-2.2715683,22.39678,3.2519841,12.676747,-9.935126,17.766306,-0.8466328,12.00931,-8.1496725,13.523016,-1.6433619,8.7926035,-0.16593929,9.308921,-4.5315857,9.651941,-1.2615116,11.639185,0.16449481,0.27995142,962.4050031132368,1440.7048342493408,1681.8274015319375,2342.0884418116134,778.650080219105,949.3218998874169,16.742794125796564,11.355523591609371,0.05572017305929095,0.09261884946472272,0.017893102,0.039459717,9.48
healthy,99bea7bd-3ed8-4b93-955e-82ff35f0d070.webm,-532.4386,170.95836,1.7694155,33.097034,-4.7297196,20.078928,10.853048,23.152187,-18.394617,33.61557,14.218785,26.16174,-15.595268,26.75606,0.13851354,9.441678,-9.269232,17.073175,-0.5548781,5.8086357,-3.1413476,7.1537333,-1.7728314,4.9633656,3.6066895,6.4089246,0.18584536,0.29694313,2111.2148791085197,2516.071473978253,2992.251874815743,3495.113885153158,866.6688453653526,1074.7299085206466,14.49557987550375,12.519565662050583,0.14091405328714623,0.2010272242541685,0.023430087,0.059401445,9.84
healthy,3dc19f4e-b7b7-4100-8968-cbf155ff3fb4.webm,-515.88086,158.66476,43.151833,45.336796,6.306954,15.576487,9.678563,15.353336,-12.208564,32.057266,25.487932,25.350008,-7.41585,22.078358,1.2671226,12.516296,-2.339549,10.73147,0.7529988,6.9560504,0.78806406,6.4642015,-3.7662382,8.741033,-2.1899054,6.784218,0.4264885,0.29377136,2717.5414260028506,724.4483501480131,5687.188798753197,819.3313382502556,2432.504475839095,305.9519860028255,20.62736593697153,13.80752740389379,0.16517518182544758,0.09937827647638012,0.013942388,0.03634234,9.06
healthy,b0f208f9-2bb8-4de3-b144-ecc04a5e10d3.webm,-423.35144,200.46991,59.25112,77.57124,-1.9782835,25.463636,11.0740595,21.890263,-9.70148,24.654587,12.03627,18.684982,-11.858549,18.2736,-0.57504725,11.325338,-2.2866566,8.180845,-0.068313636,7.5179906,2.1016362,7.2608137,-4.345121,10.283397,2.090741,10.924059,0.5417966,0.2955369,2583.7082274439135,1233.114374275825,5065.875144082992,2332.3321633940545,2268.4449142417648,677.889916675963,18.83406842802912,11.723653520165545,0.34225428132318503,0.29655629516584303,0.07115106,0.13392848,9.9
healthy,161b0476-b376-4b0b-b475-9fdf0450b6ce.webm,-492.55762,105.41181,25.834635,41.25342,0.38262028,16.793354,9.255513,15.591007,3.0224597,8.462675,5.6220055,9.09357,0.3600907,8.6981945,1.6032188,4.2209454,0.60001314,4.664853,0.18050295,3.2599864,0.71994007,3.758158,-1.581809,5.126137,0.16758808,3.4597547,0.5466066,0.2534158,2493.089797554274,813.3638249414793,5362.570681271854,1362.9905377686187,2435.5425683590893,430.9248405679486,18.500216056655812,11.336072772596694,0.14584471518065267,0.10052240497862341,0.010369455,0.044947483,9.96
healthy,a68ab20d-545c-4f17-9c46-05d7ee8fabba.webm,-377.69604,186.79617,30.008234,49.03308,-13.389593,25.369894,-3.3381374,14.078965,-0.8179188,14.869267,2.3073373,11.408699,0.062869735,8.344954,-3.3046033,9.422547,-11.944152,20.622795,-0.42014462,7.133709,-0.2655266,7.943817,-2.400218,7.7494307,-3.8920853,8.979234,0.52239144,0.29533157,3047.0877636681485,795.3554487221762,6246.661761090472,1767.8530610045043,2724.552509394561,531.5066847001578,19.151604608915378,11.833348046421948,0.18205264787296038,0.06074072859375339,0.04992194,0.09354833,9.96
healthy,09f6a482-0eca-482e-90ba-f45aba6bd694.webm,-447.94653,166.8336,25.390156,51.872864,-2.1726289,28.647308,13.248075,26.659567,-9.439293,24.559381,9.991755,20.515528,-14.524862,27.474277,-4.069767,12.285357,-3.8593462,10.191613,0.22727758,7.0312033,-2.392613,7.3573246,-6.173737,12.35819,2.576416,8.298113,0.18717454,0.30237654,1020.7266589032447,1547.9575733100626,1858.1783078751473,2733.4900018447825,763.2587688406411,1049.949176917639,13.576488596832194,11.869146855411428,0.06939697265625,0.12188188945627618,0.042364843,0.0955947,9.84
healthy,70232b0c-b907-48c0-8c83-37521b8af82d.webm,-401.47922,187.03696,44.3278,38.530815,-21.765724,37.800484,11.099713,22.849804,-23.432758,30.944199,12.729757,20.857672,-15.743314,21.094666,-4.490113,11.763808,-11.866626,20.835281,-1.186276,11.245034,2.2046425,8.20907,-9.692424,12.667713,2.811103,11.867113,0.36113855,0.32497397,2598.36431602727,918.4539579771746,4902.333327959169,1497.9407493638428,2030.1602796609445,400.5237745673194,23.016339602606184,14.281688013444658,0.2228289910082547,0.13103737255401263,0.045691382,0.09333201,9.84
healthy,87fd16d2-953c-4f6b-a46a-8176cb94a6f8.webm,-350.5795,165.30032,76.12474,54.465954,-9.102646,34.825737,-1.7305655,22.635046,-15.368607,20.601042,2.689413,13.521775,-7.536763,17.267506,-1.3635817,13.609142,-5.607409,13.267033,-3.7722135,7.877103,-15.905961,11.642899,-16.115698,11.125927,-8.662891,9.530464,0.4019994,0.31680706,1558.9767000977224,1022.9685197059645,2851.1970703125,2082.3278918407714,1472.3836684170458,698.7717521427361,20.63897504592914,11.896001589648419,0.09973828125,0.0693171504036908,0.049618866,0.08319094,8.7
healthy,09215962-fc36-44a4-8d64-0c89713b5433.webm,-325.21628,192.38979,56.34966,62.36637,-29.948082,57.916164,13.056781,30.918295,-31.791065,36.54764,24.895628,21.453682,-24.83587,24.305964,-0.2794011,25.660992,-16.405775,27.844603,0.74534875,15.866422,-0.37073866,13.648069,-11.601311,13.506798,-0.33635387,11.923706,0.3297012,0.31867284,2876.2062981245135,1530.9344476730905,4880.972491157772,1837.9891607993766,1849.7259484901308,503.76582155750015,24.76900493132382,16.640915555874603,0.20557200259670488,0.14477141910882424,0.07251135,0.082231835,8.1
healthy,908e6f47-4b4e-4777-b82a-bc2bf6a12a53.webm,-435.2687,178.00818,46.60214,39.299667,10.639772,17.747477,14.018778,16.40116,-9.986412,24.317547,22.795626,31.096973,-17.531271,25.588976,2.02552,12.446907,-11.412354,15.698803,0.054891806,5.5235558,0.067569,7.2495008,-3.0922928,6.55498,1.6331624,6.8581614,0.39536172,0.2990034,2518.6508415606318,1118.6718891305702,5039.083884580292,1408.5066499019283,2290.313787648433,276.2807755788361,21.778764767236222,14.591217179481829,0.163584911040146,0.13318956855512193,0.03138154,0.06449653,9.54
healthy,0e94f92a-655c-429f-a0ad-e333860cca75.webm,-488.6589,125.039246,24.690676,48.709633,-2.3454254,15.560276,8.354175,17.012772,-1.8033544,16.086245,6.3101797,13.452703,-12.03283,21.918419,-4.630501,9.923914,-7.789153,14.316224,-2.7382355,6.4197288,-2.6056397,6.389152,-4.68787,9.054846,-1.469873,5.168187,0.29334557,0.33945796,1923.2722970915515,1881.896225679651,3526.696834924086,3165.2273116074766,1408.663091992504,1184.0558336501858,16.301333444880676,11.388406112928402,0.152099609375,0.18589359077688075,0.017421817,0.043443955,9.84
healthy,488331bd-2513-4dda-b351-312e0ef67f0f.webm,-531.1933,187.55438,47.954662,56.576824,-12.432377,40.905693,2.4775605,19.795368,-15.394787,27.68771,-1.358624,12.955619,-8.495442,18.247677,-1.1927482,10.208442,-10.613512,19.792646,-2.9501116,6.79015,-2.4655087,6.558127,-6.9239616,9.921779,-0.7154727,7.7648296,0.3617241,0.3506064,1631.4061986945367,1534.498335119165,3028.3576793609323,2866.261863777161,1412.440767559966,1079.3718396130641,16.227776280392618,11.316883324774789,0.09318164690514469,0.10544403588587846,0.018658465,0.04203522,7.2
healthy,4b03a48f-c4d7-41c6-9567-678141df90e1.webm,-412.7487,185.93883,29.280779,43.08523,5.786023,14.990307,3.855281,15.81457,-2.5665889,13.795211,5.218415,17.97313,-2.4423707,8.415747,-0.77677053,7.8907123,-0.33016995,10.347467,-3.9303765,12.158195,-1.7482333,6.382313,-3.3139198,6.7166853,-4.25416,6.4116273,0.4401971,0.30909774,2103.1643628007064,824.4759788296736,4332.578346946023,1972.2763610279912,2244.8343495550703,662.4217476715351,19.27335785768257,9.335587069511075,0.14861505681818182,0.10490854861845188,0.053875342,0.122725345,5.1
healthy,8e8bec76-6275-476b-9493-35b07ec6df2e.webm,-565.95807,101.27427,21.400011,42.69851,5.9331074,31.817007,10.60742,21.186954,0.5641222,13.887458,7.568367,14.327192,0.5533987,8.499946,0.6746472,5.2294,0.9643245,6.8582325,-2.3368666,6.5381684,-0.72946155,4.8345428,-1.8270375,7.2198315,-1.8731508,6.2606816,0.14185822,0.28329122,682.5317558971855,1262.2914505976005,1367.0282903707252,2315.1751994140454,718.0599755993727,1014.1868411503377,14.731867357873838,9.456029371605817,0.024863189121462265,0.05023328051385924,0.008540912,0.026320692,9.84
healthy,9c76dc4e-fadf-4f44-8043-dc1465b4f79c.webm,-409.63046,174.6068,54.338108,65.92546,-28.571959,43.771572,9.812688,31.976673,-19.273636,30.112389,-2.9957638,18.482796,-5.2856455,12.183846,-8.693234,21.805315,1.2693322,12.802188,3.8411121,15.91884,-7.1733084,12.917988,-7.181024,11.437721,-0.07570599,8.854295,0.30134916,0.3400578,1535.6248059420686,1293.334286246529,2787.7216045673076,2242.5247619257566,1228.2631578853402,966.4540491175596,21.849380886603715,11.349263142386853,0.07629081530448718,0.07395689888431076,0.044649187,0.06364622,1.8
healthy,73fc958c-2f7a-4f0c-9a8f-6b39f6746d53.webm,-412.09924,153.45393,78.51046,68.304436,-5.239339,26.700094,7.531926,17.903942,-12.533204,23.56554,1.3973027,9.631204,-5.586518,13.247939,-5.1627865,7.8383093,-8.113061,14.085837,-1.6464516,9.836076,4.624068,11.020369,-8.489403,10.330493,-4.6898794,8.339612,0.4631932,0.29099566,1740.1805476222523,688.1393437341561,3462.176774011404,1466.7617543768908,1692.180408530501,462.91982930369926,20.299131700270213,12.441030047214692,0.10371695423578199,0.06628496333702266,0.040149346,0.07802262,9.78
healthy,549e6a10-8e48-4020-98af-ab706838d5cc.webm,-323.14667,199.30708,39.02116,46.110542,-12.672132,26.672352,20.921635,23.798403,1.2531914,15.738985,6.4251275,8.749196,-4.4966264,12.6062975,0.99065304,9.253646,-5.7272744,10.315906,-4.3739476,9.373084,-11.227055,14.0253315,-2.1989014,8.207009,-5.3421345,8.3544445,0.49654645,0.3130364,2796.4648682369625,1187.3403172364226,5368.063836348684,1953.6442673901784,2300.6502882326026,651.8018083051229,19.892856381902977,13.075085672989935,0.16854983324195907,0.10407535045960543,0.0837087,0.14359853,7.92
healthy,7fdf3592-22b8-4427-8aee-5f03e65a3e7c.webm,-545.00745,198.59364,89.315254,71.978745,-31.628939,26.813421,-6.714179,19.606987,-47.80697,43.642487,41.075294,40.845573,-3.1721013,7.3387003,-11.837345,12.534576,17.420479,18.887457,7.073001,10.214978,-5.964428,9.942687,-4.8003488,8.231416,13.382086,14.887389,0.2627591,0.30865133,1298.9329583281826,1026.0946155117044,2564.7620522103657,2009.3051938272715,1156.367242482819,805.7496935652118,22.232654482964456,12.654936567230209,0.07250619283536586,0.061281061788915986,0.010643528,0.010677631,4.74
healthy,f8a336d3-a8d9-4e2f-a553-1a70d4bfabea.webm,-416.50836,152.08397,36.26575,67.19568,-10.358424,28.724136,1.8426869,15.5160885,-5.341306,13.560178,3.887935,8.810126,0.6143845,6.9309015,-4.705085,10.359666,-5.7492976,10.695862,-4.1430545,8.338747,-0.60342854,4.6580744,-0.954282,4.0595183,-0.037199993,4.418409,0.18789774,0.30153358,906.2064530657616,1252.2413664576145,1673.1146470555718,2350.6776055763107,752.1651626966168,962.8147902610388,14.84074255339302,8.498813689639636,0.051308685878537735,0.08082727744456848,0.051277243,0.13034819,9.84
healthy,965fcf6f-2168-4a90-8c40-f8fd9c55008e.webm,-520.6889,98.92221,27.93093,57.25774,5.991414,17.641068,-1.2784294,13.49207,-4.8997083,14.69776,6.316334,14.56473,-2.8589933,10.556758,-1.6572406,7.016338,-3.8633635,11.166821,-2.4614518,8.688872,-2.4311147,6.064991,-3.1097188,8.75251,-2.2537403,6.410857,0.20339628,0.3135923,1035.4697812801112,1555.2142997828537,1880.6374729269803,2817.682221162025,869.0219852146935,1104.365032979317,14.166515695686545,9.495842187147957,0.04857431543935643,0.08481803673975846,0.0163692,0.0488055,4.68
healthy,733d396f-99e4-46d6-bbfa-a8655bf2989a.webm,-523.2277,178.15364,32.23059,59.435654,-5.9593906,18.15092,6.5676146,16.899237,-14.913688,28.573076,8.394478,17.921968,-13.043215,23.922054,-1.3849705,6.741003,1.6648471,6.06695,-4.1778092,8.565459,-2.5802898,5.897127,-3.5854893,8.849594,2.6229966,5.470379,0.5082955,0.28533882,2970.1712373389255,657.7645874231384,5751.807498627197,1071.6108701212656,2464.7946332373867,355.59530625940647,18.44499842824988,11.754613639352247,0.3928277256389776,0.212777430591004,0.022036524,0.049137104,7.26
healthy,c0737d98-9f23-44c2-a4e5-370e84930e63.webm,-458.51486,141.34158,43.695183,59.982315,-5.4928274,24.060207,1.1804997,14.067861,-8.395268,16.934113,6.5780435,12.041653,-0.75383294,9.986404,3.1137614,8.659667,-2.0211797,10.0679035,-2.465727,7.451717,-1.4738064,7.442483,-2.204852,6.29224,-1.245363,6.57225,0.47999552,0.28987244,2530.948376330558,858.2155215687487,4878.833808273565,1249.8182953263236,2062.3770379014563,360.16133251792144,20.331474672285356,13.315561564552494,0.19416326661299765,0.10210628576837201,0.021771556,0.056510486,9.9
healthy,4fac8c4a-e85e-4e11-9002-7547db053d5c.webm,-459.41196,104.35355,45.19797,23.966927,2.9313009,24.47873,16.579016,12.854131,4.3898726,12.467416,8.327906,8.428265,6.726162,7.7262497,-4.0852585,11.97229,-0.95022994,8.015409,3.819062,6.3801084,-0.23614812,7.142095,-7.3541474,6.1519,-7.1160965,5.4859776,0.50067544,0.2839792,3083.6332257600757,607.4871952441558,6688.343394886364,1478.697252939665,2906.7402263942677,388.01700307068955,19.94992096477365,11.190893222957131,0.17263644558566432,0.059484026610978374,0.009985466,0.041565113,9.96
healthy,745249f1-9500-45b5-be70-2f735087540e.webm,-434.9431,194.56204,43.04602,45.945217,-4.262342,23.480646,6.5535946,13.4079075,-22.586693,32.250347,21.740831,29.688442,-16.736704,26.047907,-1.8938804,16.15914,-10.255252,16.392923,-4.129773,9.237057,0.2890461,8.149936,-6.215616,10.324508,1.9679729,7.6952806,0.5240009,0.29072806,3150.461652740152,986.3716653907934,6139.9775390625,1310.1741261930858,2542.446699373187,364.23892337165387,20.50247786963443,14.12543597242473,0.3378466796875,0.22965668031655045,0.034058075,0.07587439,6.96
healthy,70bd50d9-b143-4993-9d22-2a1f5e051cfa.webm,-415.88745,183.93144,80.42471,51.343483,-34.367023,54.37874,8.870275,21.397438,-23.052185,33.576923,6.5165286,16.424639,-9.751207,19.208166,-8.541039,13.340841,-8.083571,12.4608345,-9.518627,11.733072,0.00854335,11.7587,-6.245654,13.190232,-3.1393065,8.009682,0.43234804,0.29965892,1973.0215477576132,690.3153587852071,3908.7050140881147,1579.7208483358502,1799.436609316549,551.8204886360647,21.130850711850304,12.977151889618979,0.14842149077868852,0.07975077835897404,0.029527394,0.05447572,9.9
healthy,a530e91a-bff1-4c8d-ab85-9a612fe20250.webm,-641.61365,98.710266,10.890074,36.666206,-1.0297698,16.195545,3.6779544,14.088525,-0.97174996,10.735216,1.8546443,9.563798,-2.501866,9.648705,-1.2950044,6.31491,-1.8722141,8.188904,-0.22669314,5.2414813,-0.70333534,7.024069,-1.1880763,5.8054333,-0.07807944,2.9162538,0.068315394,0.2125464,316.8907553085352,1019.8134338240096,586.0654134885959,1760.4245647903165,267.9354489062583,727.3433462807465,12.159416664925354,5.991646967714038,0.014194868187203792,0.042213731680790054,0.0042589274,0.019548329,9.78
healthy,ef934df0-ffdc-4e63-b632-0d113ac5619e.webm,-278.38657,173.40697,76.59901,40.680706,0.42780736,24.440699,9.3370495,15.585432,10.959113,14.720306,-8.5184355,15.692506,-9.686524,15.485673,-13.278643,15.127091,-8.940607,17.157251,7.1741214,11.125428,-2.2359424,12.418547,-6.862442,11.01625,-2.941927,9.29489,0.36155596,0.30057174,2158.2106221978356,834.2629708914703,4220.886537178078,1806.7997854263165,2390.6002300361115,442.2495645931902,21.522671049583746,11.003156414893068,0.1109502591080402,0.06355243784736998,0.110898815,0.14074743,4.62
healthy,8e792933-f6ff-4b3d-b20b-d52fb4612873.webm,-462.213,173.20406,49.56098,53.64996,-16.267092,29.157104,14.456788,19.846989,-8.943138,22.5884,20.769129,26.750149,-4.006609,12.634702,-7.399663,11.546112,-11.599552,17.18128,-2.171515,8.424752,-1.6205842,7.0389915,-7.1637187,9.868196,2.1096985,7.8937554,0.53360957,0.33204174,2556.14630637239,1437.504044036912,4919.768891917716,2443.779109188044,2022.7762109244863,854.5452039901138,17.54199399726363,13.987302512749439,0.2128473002847722,0.18129577380007947,0.019207653,0.0376225,9.66
healthy,07bc3bc4-82c3-470c-9906-6b22875910a3.webm,-538.2903,114.9232,30.567884,60.09512,-5.968729,26.624304,4.021321,10.787148,5.36889,9.2650585,6.0850005,10.883555,0.008116023,5.712408,-5.0024085,12.82385,-2.6821282,8.086997,0.28466466,5.484412,-1.918292,6.2457585,-6.0057693,11.190294,-1.4963949,4.3977237,0.27837336,0.33095944,1290.2772656926481,1280.830833397914,2405.115234375,2347.0927299259497,1152.9900226726093,1024.028657329321,15.883619842600082,9.63416064169195,0.06828450520833333,0.07303183196599534,0.015042874,0.04566667,3.48
healthy,2772c6b5-3569-4e73-af90-79357345b13f.webm,-297.9086,181.07947,49.97119,44.61261,-21.31089,42.332607,13.230793,19.518156,-33.372616,32.33227,3.8678825,20.917843,-28.765661,33.11145,-4.974583,16.914099,-11.797039,12.812093,-11.057565,13.891377,-11.036408,13.090634,-5.376993,9.902039,2.7605028,10.108721,0.23973025,0.30764756,2027.249328594569,1575.2050390441407,3758.2780317826705,2574.6383533395588,1543.4670828625412,888.161494264986,22.824627652671758,14.429843789314898,0.10979669744318182,0.1052734977686784,0.11146801,0.14754151,2.04
healthy,88840874-e87d-46a3-aa90-9c4ed0fb1801.webm,-490.5353,99.33983,5.9464474,27.242062,-2.2176278,13.97515,2.3681288,11.563431,-2.792582,12.674182,2.2541952,10.127154,-1.9885952,10.008164,-0.10019848,2.9960053,-1.1179564,5.280234,-0.12214549,2.6310222,0.20972069,2.4166234,0.209962,4.042138,0.43474498,3.0008416,0.12328958,0.27472135,568.2654999393156,1293.8933332484287,1082.5767085237323,2422.1418432696646,502.12930643620786,1020.853807655757,13.780075639800224,5.750331809115505,0.023716188826650945,0.06759850152836813,0.011959943,0.061664656,9.84
healthy,94438c78-da09-4437-9a60-ce2224e2f438.webm,-332.93726,205.93977,77.25306,59.764893,1.9978242,20.260656,28.472517,27.372574,-20.56843,27.803133,23.889336,31.286161,-21.261866,21.953056,3.1768732,15.987341,-16.312078,15.069848,5.6861672,9.979989,-0.79923236,10.291499,-15.117581,13.955496,4.748774,8.86929,0.48856038,0.31485614,2168.47449380541,1204.2496742877647,4792.966770481419,2267.8233954099155,2064.235744716979,785.0256760533799,19.92579844661406,15.509762959607302,0.14190697393822393,0.0966267843254225,0.07767598,0.10294432,6.0
healthy,7dd0891f-aaae-496f-a445-15456502303a.webm,-398.7337,149.21498,85.21451,36.216766,5.199499,29.734627,18.628614,20.934826,-4.0267715,24.16142,16.919167,20.077364,-4.829023,17.30204,-1.722046,11.774786,-4.7099695,11.750251,-6.825225,8.756082,-0.92718047,6.8441305,-6.5122128,8.261791,-9.890935,8.289174,0.40486547,0.31198475,1751.7342481635837,730.4986168720646,3700.4330494364754,1352.4581639458431,1754.925666339631,299.71853714694544,21.112733222527943,12.340343795655349,0.10722633379683841,0.07660832187266792,0.04440948,0.10967981,9.9
healthy,50551d09-4335-45f8-b497-4b87d33d79f5.webm,-637.3257,104.4489,16.24914,46.68747,-5.791394,19.309896,-0.70567244,12.39459,-4.4128675,13.688418,-2.6107185,8.591315,-3.8065045,10.826403,-2.9732597,9.207147,-1.4568177,7.3564153,1.0891556,5.712881,0.78026336,4.2911124,-0.14805073,7.101698,-0.5710796,2.6086483,0.064094976,0.19267708,317.86049847828855,896.3004829996013,572.1260590514305,1575.2317790371906,259.64865858624853,659.4705056490089,14.474518101252224,6.207660892082253,0.023456126532697547,0.06460339066537642,0.0035600688,0.013491621,8.52
healthy,14df3126-5045-415d-ad32-789ea868bde7.webm,-490.4755,186.28638,45.06875,59.762756,-29.400688,42.96195,8.9361515,20.707352,-15.068214,24.935268,-3.8331187,11.401304,-15.404304,21.252377,-6.1117682,11.3333645,-0.17761143,9.804877,-0.20285718,7.3357406,-2.6606908,7.6728225,-10.407992,14.626799,0.08937837,5.7422585,0.22403562,0.30395165,1306.1699435425987,1487.9069770249332,2275.212700933004,2531.015664673822,930.4733221204141,957.6785164138074,18.13027416576929,10.7467120702778,0.0761578237410072,0.08833146940318141,0.02298017,0.042340137,9.66
healthy,68aa2906-c7a5-474d-bbdc-92d54a53bc4d.webm,-416.25296,200.05106,46.686974,44.468906,-20.322521,44.198917,-2.7590578,15.601378,-6.9993086,21.439165,3.4767008,8.765575,-0.57402766,12.7128315,-8.782722,12.401777,-0.18114163,7.2867384,-2.053547,7.928936,-1.8558995,6.8108354,0.68733704,6.5398364,-2.673923,6.7763424,0.50796443,0.2947473,3502.2952173376375,1219.88279979305,6894.725234273802,2481.095842692721,2772.096253966933,732.6500995396495,20.1848387471336,11.571776766495145,0.2387720612046632,0.10481329977718498,0.04641468,0.087355286,8.94
healthy,97726d73-4636-42c0-8c9f-21625bb2a076.webm,-470.83292,130.19699,19.373352,31.048237,0.20929256,14.691246,9.489104,16.57513,5.8684316,15.768056,1.6761814,5.046439,-0.051802088,7.6015506,-3.0469515,12.432647,-1.0903835,9.10371,3.8012252,5.8624153,-1.6888981,7.848655,-3.7303896,7.2567563,-2.614006,5.554953,0.51177514,0.27502248,2626.2844718567253,573.3662588023783,5409.241038900583,1121.4210156576748,2609.7697528496133,330.71502393878444,19.82660329837372,11.58933827730912,0.14293611358484457,0.05511615805537533,0.01727657,0.053614046,8.94
healthy,13cc16ff-2b44-4740-b7f4-e80cf7404d30.webm,-409.6086,170.34273,42.894016,58.418507,-21.725115,35.482536,5.4702396,21.139822,1.7829853,19.61951,5.662323,17.688213,-5.634143,12.761209,3.6647615,15.455615,-6.6927094,16.917507,-6.273954,9.8705435,-3.8226523,9.518872,-5.1894865,10.958901,-2.7916553,8.489799,0.38565165,0.3261451,2128.1202238991846,708.3905094915556,3787.0948304521276,1618.778270345618,1819.1458432424033,620.5734619368127,20.05479136255126,11.58745130309751,0.16589244158434652,0.09465845917929985,0.042755578,0.099605955,7.62
healthy,a96a1dd4-d30d-455b-bfb6-aa775c9f8317.webm,-468.23764,182.24684,22.115786,46.921787,-21.826529,37.9139,8.413785,17.832321,-3.2126455,14.03815,5.248089,18.879148,-8.590016,17.334501,3.1221156,9.197909,-8.588724,15.726434,-0.4710498,5.526542,-1.9007424,5.858948,-2.6488397,6.907947,0.79304844,5.6191406,0.6222348,0.29247904,3300.757192704705,906.9429873803929,5866.760106833584,1391.7124830156692,2281.470432434274,475.48704321050906,16.9414454944522,12.623132482647032,0.3520488202811245,0.18157214421950202,0.03266669,0.07545553,5.76
healthy,3890744b-0419-4fcb-b8db-519d10a88568.webm,-517.61743,142.49461,27.041143,53.31847,-1.5707868,22.244566,6.75476,15.551356,-4.0514064,14.491997,2.1754951,8.537837,-0.7619428,7.031615,-0.40060723,4.611391,-3.1711597,9.001009,-1.78041,5.968335,-1.8470225,5.7071624,-2.0462105,5.5614824,0.91557217,4.062478,0.47217172,0.34242457,1870.3846861087604,1602.3133405029846,3715.6655778556033,2624.8981362267823,1764.8097751009532,1025.083261103188,16.154384073654047,9.955058066385085,0.07730334051724137,0.0574669315195635,0.01913276,0.05905537,3.36
healthy,f6545c93-48c3-4434-9793-90d1d19d30cd.webm,-458.39868,173.67728,47.066273,61.159355,-20.43203,45.965622,9.206678,25.109142,-1.81002,18.634644,-0.27742556,16.014904,-8.690798,14.3557825,-8.243589,11.826016,-4.3197546,10.10232,-0.06634411,10.373946,-3.4050558,7.9119296,-5.3004775,7.836684,0.3390603,7.8555117,0.4540901,0.3089111,2011.960382705167,598.2362741933541,3831.4183982021837,1251.1412723953995,1851.832046925084,533.9013238015212,20.093463667982906,11.645839015010326,0.15603527390813254,0.0885849164452663,0.035270523,0.07769164,3.84
healthy,3ce86b05-0bf8-4293-b746-4c91b1bfb344.webm,-288.51138,197.30147,47.76864,47.908916,-14.988225,28.010597,16.081903,19.740004,-7.7357807,23.110664,-21.10527,17.179789,-9.948848,19.149654,-11.239171,12.858563,-15.624998,17.144205,-8.237534,13.216334,-2.6503,12.441655,-9.620705,10.741672,-3.0051138,10.190989,0.38181362,0.30393887,2919.803198752262,1166.27009120803,5491.705300231272,2139.273805818243,2391.027080476633,644.4613250937905,21.29891183417067,11.083087048630139,0.19869345103790614,0.11290961003130737,0.07211863,0.09859759,6.42
healthy,8a51646f-0189-428d-b59e-ee82a9a2e2a8.webm,-385.76367,170.26474,42.05279,29.346407,16.356985,14.916401,7.0809927,17.454042,3.543894,14.169461,3.0039763,9.658639,1.7382277,7.697719,-1.1937547,8.822324,-4.291465,12.196821,0.9875529,6.9714475,-5.724896,10.429196,-1.4752411,8.633832,0.3995102,6.41662,0.4275525,0.28517696,2101.6208506637495,851.2003776709287,4375.654541015625,1895.0795512332465,2379.8137434452783,410.0252563491392,20.082025857286474,11.560636076103663,0.0826708984375,0.049655683795508894,0.04014589,0.08082964,6.96
healthy,90798255-7011-4be9-afd7-669ddaa718eb.webm,-451.76602,149.47934,41.29151,35.022034,2.2083697,13.477184,-0.026786182,8.518017,-3.2281213,13.045915,0.31155702,8.75094,-3.0022457,6.3864536,-0.9497494,10.493927,3.021093,9.362648,3.28066,5.6334643,-1.1837164,6.9817743,-3.2758167,6.3731084,1.1321328,5.6754746,0.50622976,0.26374525,2274.760276847236,413.54238286137104,4361.427317799388,976.4240071432779,2346.2419692791914,262.9846044396665,19.558340583106396,11.322229360544474,0.13112912478146854,0.03405156474957551,0.023557972,0.0625774,9.96
healthy,7f6ca3f8-71f8-4722-a70f-6b9ba894a1e7.webm,-431.59476,167.06091,46.040016,62.21518,-11.501685,33.15403,8.507832,16.37878,-5.855172,16.762785,7.978515,14.748616,-2.1909215,9.675957,-5.00065,9.709235,-7.518853,10.989175,-5.1332703,8.236446,-3.8045726,7.0334473,-3.6069262,6.3845468,-1.6806316,6.0150313,0.58180183,0.30474195,2669.790117313234,1094.6486969109299,4833.918032438859,1824.6620964178687,2056.0457508501963,556.1156514534051,18.430819921000374,11.970847312509594,0.4046424460295894,0.28538992608839037,0.03168917,0.06319498,9.6
healthy,457e48b3-e83e-4d39-b5c6-26e476563382.webm,-410.70938,193.59613,55.031403,55.241478,-28.256824,43.71155,17.87879,24.560875,-22.806974,30.329065,4.7409663,15.989441,-15.329253,17.883854,-11.2998,14.292432,-4.0660505,8.499939,-5.767523,9.684236,-1.439137,6.5487247,-4.164553,7.416581,-6.4980145,9.592616,0.41145575,0.3195402,2322.7282406926934,1039.5980616784877,4284.751920880012,1687.7337260185743,1791.4877749253487,606.8822575628462,20.7255625174989,13.07278671486441,0.14786054503242924,0.0949877389124786,0.03205992,0.058835864,9.84
healthy,6791f8db-9bf6-48e2-983b-87ba26942d46.webm,-382.89163,171.0752,25.085262,37.45745,-16.375986,31.106113,2.4315317,12.204377,-20.616653,32.479404,-1.23107,8.53092,-14.404938,23.065145,-0.61769074,10.088726,-11.500508,17.757465,1.5882387,12.921155,-3.394907,11.263895,-3.633271,9.754654,4.3008366,10.469797,0.26834154,0.33662957,2036.5456817164775,1796.267241186095,3835.9422779310858,3079.8393907690347,1503.9127796542261,1128.3189548913263,18.854695690317715,12.749819549954328,0.11005672919152745,0.11374778074150013,0.06806241,0.12947671,9.72
healthy,80b6538b-68db-44f1-b932-cb4262d1efae.webm,-324.41193,181.61858,76.299995,55.636715,-36.184185,39.788536,25.038612,32.407387,-38.114124,33.951878,-3.8808787,18.049364,-22.854454,25.853085,-4.1293077,16.116423,-9.543716,17.18984,-6.902764,14.615011,-4.7422724,9.032386,-15.191949,14.094009,8.706395,13.045657,0.43611023,0.30124715,2451.695828998961,883.4477993163341,4475.283121550567,1602.556716746997,1862.7325780175015,433.65199264042366,22.5316830181216,15.320867770629931,0.18638592631264916,0.09164747335197514,0.058152236,0.069496974,9.72
healthy,add64975-5d4f-4b31-be7a-d0703c942c1a.webm,-386.80194,150.9122,105.37549,29.137627,13.595793,20.893892,-0.97688633,9.128251,-3.6630414,11.135428,8.088221,7.789372,-2.1256242,8.210874,-4.64954,7.21164,-9.732456,5.6210594,-6.3989944,7.4043713,-3.7852037,6.8362026,-9.139741,6.1567574,-9.032452,5.5632253,0.5384247,0.26343405,1792.3940189506616,780.6533719489618,3585.9810355659965,1593.6584872238298,2231.9179918388104,409.8216208731091,19.421679978840096,11.937713865678878,0.07243976726398602,0.037046305159411305,0.021248383,0.044931337,9.96
healthy,96f48215-18a5-4fd5-8bc9-82ef92695298.webm,-451.13763,191.60431,38.414116,55.564316,-13.162759,27.49883,3.6089153,14.634827,-18.706903,28.216969,14.577565,22.97132,-12.400996,19.348469,0.5685937,7.4296904,-4.9024763,9.934978,-3.9969704,14.050721,1.2344455,5.1642284,-3.0773807,6.360266,2.7134216,6.215078,0.31648254,0.35161543,1494.9606860386093,1475.8678773660008,3053.198929028133,2909.825568889028,1277.6979191751916,1183.2991131566537,15.97092697465959,12.441758124861162,0.08242961756713554,0.09268160760485789,0.029690348,0.06666577,9.06
healthy,8b1cc968-8668-40f6-b395-368c4176dd86.webm,-414.45868,181.86833,78.63068,59.564854,-42.907337,49.763912,36.1972,35.886177,-11.13958,28.367563,-0.97335654,17.048185,10.462385,14.570173,-7.3099413,15.421609,-5.4134765,13.2134695,-1.8701905,14.541926,-2.4950159,9.525034,-6.0623126,10.569801,-0.15420723,9.063351,0.49737594,0.29140177,2206.712475272821,671.3680121065522,3918.6040425472124,1249.9250189105865,1688.8077568498438,554.3179212118413,20.433052782532755,11.939543897950085,0.2021648306354916,0.08903762567594987,0.031513095,0.05256314,9.66
healthy,193b54fb-c560-4adc-b4fb-fa882021ce2c.webm,-536.47174,103.17588,46.123848,60.67043,13.914547,21.494013,6.4077277,14.798698,-1.170186,14.502852,6.255664,16.341187,-0.6263646,12.192605,-3.0857425,10.036183,-4.1552596,9.433752,-1.7723131,8.746238,-3.2382784,9.556906,-0.19688666,7.5956492,3.371674,8.420115,0.47196832,0.32746518,1975.9385444940106,1084.9413990153453,3937.090581441097,2242.1784505791147,2075.8503288992492,617.7798840313852,19.023955759726242,11.690933889924535,0.08874775179856115,0.07630203461634091,0.009832524,0.02444143,9.66
healthy,b00956dc-29e2-4ff4-b289-4def00de46ae.webm,-483.39713,132.47475,15.456935,38.931175,-11.788072,28.439503,8.307101,24.742714,-2.9925742,11.337697,-1.7683935,6.951828,-6.514003,14.562518,-3.139675,7.256102,-0.9684796,8.583368,-1.7281789,7.3856244,0.7648026,4.900082,-4.311912,11.4693365,-0.3073708,3.696221,0.54817015,0.27444825,3203.8698678346905,564.5282134521982,5829.959671585648,1016.2329949758335,2384.0835411179783,450.16752063985,18.250493799872544,10.673119971924635,0.22212577160493827,0.06577124058661167,0.017713245,0.056281094,5.64
healthy,641a25a8-413c-4a45-b74f-a46edc276724.webm,-416.18628,180.31818,48.283855,53.08844,-9.859294,44.648,18.60185,23.357021,-21.81375,28.892593,12.45104,27.317429,-18.957214,24.281364,-2.2377615,12.44284,-15.048914,14.817139,-8.5845785,9.09287,-1.305667,10.194107,-8.651452,9.27447,-3.866587,8.502092,0.4548532,0.3037045,2921.238666175301,1049.7912241774902,5280.816552473262,1750.143442976584,2076.1673058873084,477.25753802447986,21.71319103944144,15.268810040658222,0.23876692012032086,0.12403134770958009,0.035349492,0.06884056,4.32
healthy,20ec0719-7d3c-4dcc-9583-5bd689adeba1.webm,-408.82257,158.04631,31.69399,47.34649,-16.758131,34.227318,7.7496943,18.936913,-6.6689672,17.13587,7.3130064,13.808379,-6.2245803,14.27639,-1.1601763,7.3978386,-9.23256,16.902678,-3.520649,6.8772264,-3.555683,7.0659103,-7.9743814,11.864223,-1.80998,6.954865,0.5258684,0.28501904,2460.864239346381,866.6189332663743,4465.265192751024,1465.8435744212677,1961.188107822825,477.3494390956014,20.01678500138318,12.642764187365211,0.1897401474677986,0.09363360317044148,0.033627864,0.07653695,9.9
healthy,027887b8-1da6-477a-be4c-0f11958f1eac.webm,-421.28052,196.59094,45.782814,59.083675,-22.749468,33.359272,7.560697,17.942114,-21.983753,29.78852,11.281879,20.782417,-9.407735,15.437314,-3.1326587,8.709086,-12.34303,16.54607,-8.334099,11.203465,-2.3139825,8.001622,-6.3384023,9.481564,-1.6365689,6.0611644,0.44887254,0.33556893,2339.90473653505,1324.727039125547,4420.940091824645,2407.9669642992053,1881.025103138288,883.2380071947501,17.710584035017803,13.241431820171135,0.21900686833530805,0.2181442453584023,0.037138753,0.06421597,9.78
healthy,8ff466b5-8b08-4828-9b8c-0565162e5e3d.webm,-277.41113,160.6586,113.26979,59.00085,4.3498726,41.331448,14.731298,21.171,-11.374743,28.595123,8.927837,16.195637,-16.770144,19.684526,-11.4700985,14.967822,-15.007701,13.713175,-10.164148,12.496337,-5.878136,9.555896,-11.587067,11.077461,-1.4338223,11.679715,0.40632942,0.30769396,1273.6865868841576,632.388812082462,2448.4400390625,1578.7955744873407,1407.9248137211787,489.3897065741506,21.44630285361331,13.586172254949695,0.07447135416666667,0.046047365027566865,0.12333779,0.16136836,8.7
healthy,6fa31539-a5e2-4294-bfed-308130b92706.webm,-455.42105,177.41841,29.510387,38.439323,-18.599333,36.841934,1.9597417,23.643198,-15.446906,23.803734,7.182283,19.596262,-8.71684,20.521471,-2.5197778,11.6944895,-9.546755,17.63802,0.16900983,10.930178,3.3112822,11.477002,-4.1083384,8.813441,0.00077021617,6.9169517,0.38619956,0.3094559,2119.6279214033116,742.0354810933213,3978.4557481751826,1662.9632448805326,1954.2488430377045,512.231513395015,20.024792840209926,12.08581036603947,0.1550322669555961,0.07392139142212337,0.031076366,0.06839846,9.54
healthy,e61e9d35-7f7e-483d-ae80-63c2eaf5ee10.webm,-481.73706,151.60176,46.21094,74.3353,-13.730592,26.215544,1.2382904,19.611086,-12.92674,21.836674,1.0786605,12.028023,-5.474596,11.483644,-7.9745183,12.027542,-2.4450233,9.364276,-8.861465,12.984257,-1.6055478,7.532374,-1.27508,6.698958,-1.5815483,5.7672806,0.48794153,0.33737248,2460.7080608582655,1676.6656028401044,4369.29500804228,3000.375985496237,1761.959630456441,1041.494843798982,17.080968511541364,10.720715375595658,0.19224945837710083,0.19429295541892638,0.023526032,0.05840656,5.52
healthy,8021af98-3a92-49eb-b491-1908cacb6751.webm,-513.44116,112.37816,14.383047,46.355923,-6.702868,30.592375,6.710981,20.555866,-3.225019,16.568464,1.0664338,9.766212,-3.627023,12.375115,-4.18946,10.845991,-1.8032227,7.1778717,-0.17933777,6.396856,-0.8902081,6.8220754,-3.412926,8.590231,-1.002529,7.6014805,0.08901395,0.22523265,576.7949879102154,1233.125405843128,934.7644733932783,1998.3412930681218,362.4200002605132,730.1466967372759,13.596225056729454,7.717693140474727,0.043086213885613206,0.09434781553460264,0.013761045,0.041801237,9.84
healthy,572c8c42-71de-4572-834d-1dfd17f7ee68.webm,-453.31177,194.84846,39.364998,58.4668,-10.66899,31.687294,8.920454,18.635422,-13.56678,26.644625,4.8133693,12.605138,-12.962393,20.27499,-0.37859598,9.408164,-9.414569,14.449905,-3.5537503,7.050406,1.4967916,8.571928,-5.3484416,8.254967,-2.3231237,6.9495893,0.6064648,0.24292287,2905.7203122790615,812.589835386244,5872.495543281987,1633.5442637177325,2446.765194054935,514.4926696009234,18.733978646993783,12.329267269374682,0.31439208984375,0.16998709434475842,0.03815452,0.09053065,9.84
healthy,ad7a293c-1665-4357-bcc2-147332f7c4b8.webm,-477.08878,65.614334,10.617656,30.768457,-0.008449898,15.083068,5.5961337,16.143679,1.5948533,7.6691775,-0.65929544,10.547777,-0.26191023,5.313798,-0.5232062,5.183111,-3.2075503,10.303608,-2.4453201,8.354718,-1.9157155,7.5749054,-2.3318946,7.003431,-1.3583646,5.672127,0.058028355,0.19133534,319.3947964723391,851.9962141680456,586.4736258701125,1512.3927618268906,289.8672052499179,663.1819407354442,20.76345050557946,5.911057587616177,0.019999861152251185,0.05536603261194873,0.011026582,0.04730832,9.78
healthy,504644a0-6445-470c-8aef-0d3b22ea60d9.webm,-448.14008,151.83963,26.581253,46.059097,-7.502081,25.110666,7.740941,18.691483,-7.7917447,17.898605,1.8483206,11.050897,-5.0033545,14.162437,-2.9294212,12.810291,-2.5096736,10.980004,1.0135729,7.8281093,-0.39287063,6.2916427,-2.6310513,9.810806,-0.49913496,6.1983795,0.40035978,0.33334723,2211.354979155497,822.854181939613,4344.569012758543,1818.2297730785085,2173.7322800763377,499.4697912959407,19.410832631805246,11.21273178430765,0.18119449752697842,0.1251931125692154,0.034445196,0.098627575,9.66
healthy,6672e40b-7e52-49ef-8220-86f4654e466f.webm,-492.3031,157.33588,56.945553,76.54776,-4.4023585,27.8121,3.6244833,20.68282,-10.145153,16.779922,3.1375935,13.917586,2.5529687,9.628311,-6.386428,15.089824,-2.4169283,8.726636,-0.12008807,8.185266,-1.7183975,7.520773,-3.8774192,7.6608086,0.17954174,6.9433546,0.43388382,0.32189137,1954.7558228430853,883.5283068050334,3736.11328125,1867.504943128731,1844.6122657226542,630.0014346103937,18.91641666063416,9.731600478338674,0.2246396019345238,0.1839784811817016,0.03043635,0.06760879,4.86
healthy,88cfe774-8259-4baa-a706-0bacaa618281.webm,-525.40485,114.06952,29.71458,40.367832,-16.61692,32.123463,-2.5847704,18.506021,-8.85362,16.257067,-3.2196565,11.208351,-7.1413856,11.717627,-9.104323,12.709121,-5.2072587,11.126869,-1.0131869,8.094485,-1.4858706,10.955516,-4.9099813,9.007354,-3.0087347,7.2967215,0.36663523,0.32088032,2484.53302018489,753.7808595105056,4673.436299308401,1499.9664056149734,2048.3414450465543,537.3886395139264,20.79716966805805,11.376890596303669,0.1663792630269321,0.08444638493126276,0.009540335,0.03615661,9.9
healthy,17ab3a12-10cd-48ee-a917-dd179ad9130e.webm,-651.6222,110.3298,10.580613,37.116283,-6.12905,23.53029,2.5662136,11.594163,-1.3558818,8.847532,0.6284067,7.46738,-4.0594125,13.237817,-0.41686922,6.1645894,-1.961491,7.305423,-0.56443954,3.3505182,0.47955668,4.4214344,-0.88424975,5.7154484,1.6984863,6.3362217,0.05885468,0.19109447,307.3123826532132,888.3209839139275,558.2304317239336,1608.4785607384495,234.2756300806532,645.7367699273761,16.362153200020654,5.589056909322922,0.019348433797393365,0.05815502075769184,0.0032912442,0.013114554,9.78
healthy,c809b134-73e8-4fed-a317-55ada259e72f.webm,-403.03882,145.51338,69.982506,52.772243,-1.36358,42.64092,26.809217,24.37166,5.4300785,24.266056,13.870081,12.933251,3.6789384,12.36123,0.3914287,13.695793,3.6432798,10.10154,-3.9597635,10.977249,-9.316859,10.805285,-9.405319,11.546991,-4.1481204,8.13711,0.5097143,0.2867126,1608.9462872233864,876.3043941093076,3028.527063756556,1589.0001688307086,1545.0749389578275,520.4743212974889,21.237419111799127,11.696930060243117,0.13068523273601398,0.09767807917710881,0.0315239,0.061707746,9.96
healthy,3bd86824-2d39-4371-8787-93df4eb204f7.webm,-431.16486,105.60697,50.918915,30.872858,23.166742,15.274779,12.884028,5.525089,7.3844385,7.9240108,0.98308945,8.206191,-1.8816609,10.408411,-0.8048809,7.0982494,1.2467533,7.2630486,2.5455768,6.3696632,2.6172357,7.7733455,3.2777898,8.706515,6.19236,6.45686,0.44584602,0.30080986,2558.2148026357827,535.5876492930147,6926.714447661713,1946.1865638796528,3168.0310711545953,464.64878788878514,20.467973418666702,11.052969942041914,0.07910270068473194,0.02455362614031628,0.023190945,0.06775648,9.96
healthy,7583cf44-cd67-4966-89f0-b2dbb30ad49a.webm,-618.14526,130.96436,23.335514,34.58001,3.0312843,13.29776,1.9168158,12.590811,5.323133,11.472015,3.3575163,10.961984,-1.2700136,10.973603,3.364524,6.575263,5.8636217,10.207536,6.533068,8.875122,1.9208589,5.354861,-0.2587671,6.370674,0.7767189,5.343225,0.53139275,0.30467957,2757.9504594265713,1227.8173746358182,5478.393213232081,2736.340104873782,2563.5798749620594,727.6227994460486,18.652215922808274,11.286354529746822,0.27205346736596736,0.21549777884284743,0.0043849293,0.013958638,9.96
healthy,77b9db74-5261-4a13-b495-4ad15345f68f.webm,-289.42102,212.87929,78.53711,61.076298,-32.78476,44.613144,26.582335,27.441721,-15.743959,29.231071,22.110205,17.909529,-16.959017,17.556925,-5.381,12.698451,-12.946489,12.717996,-9.012887,10.8312025,5.2670918,9.670507,-13.089782,12.006694,-0.16982037,7.4778748,0.5593402,0.27924368,2267.7843120068824,973.4444307906318,4435.509735683225,1873.0851435225713,1901.90349110649,584.5781089681125,20.001112982893602,14.02541561939019,0.23369670364091982,0.20366727918435543,0.11877107,0.18388578,9.84
healthy,79502d3b-b7e9-4369-b8bb-23289521ad8a.webm,-360.34622,202.40852,61.588238,29.055815,-18.872908,38.371445,2.3493323,16.763708,-8.926929,17.021725,-9.718541,12.900303,-7.4008374,14.483509,-2.966951,8.115018,-6.507738,10.322191,-6.2006025,10.556822,-7.339815,8.071127,-8.309535,7.1700087,-2.7487395,9.135836,0.4899865,0.2778532,2232.1130838837503,846.885424000846,3948.1997282608695,1688.3132916520142,1938.9168746544378,462.1666148614793,20.050187807123116,11.446878965910539,0.13865974378881987,0.06473087695083202,0.049514066,0.087029666,3.72
healthy,4d6f32e2-01d5-4265-9b3c-d413a2fe9cd0.webm,-491.9086,170.32762,17.52105,38.523827,-19.22423,37.957737,10.60505,18.564827,-11.72136,23.73769,11.532152,18.674055,-11.687175,21.341022,-5.533177,11.166111,-11.21274,17.73962,-2.3699381,7.1616836,-2.058443,7.004534,-5.6611934,10.505946,1.79017,8.474412,0.18998806,0.29082116,1436.2787352883759,1812.9294231781453,2484.7400102459014,3022.392171459267,909.8106539597906,1060.7128575456695,16.19490309886695,12.42718943302798,0.09942984301814989,0.14123924180802305,0.017483674,0.04315875,9.9
healthy,85a8416b-41c2-40a1-a371-6a637a3e6690.webm,-436.57675,180.0123,18.07604,29.474401,-17.021757,30.83412,14.635284,22.715914,-12.488073,21.834793,4.0243306,10.68314,-7.4084616,12.920469,-7.581881,11.804047,-1.6739923,7.9268537,-8.20119,12.993446,-5.732629,9.717198,-4.429222,7.3737664,-7.672089,10.613626,0.49320102,0.30502334,3709.7423365092895,998.9815500074413,6370.8415851726395,1732.1657536970695,2431.8369282070166,545.0071720277076,19.683852342211523,11.653291882404726,0.38463245738636365,0.22596366745687116,0.034511734,0.07487922,9.96
healthy,47dcf1de-e363-4dd0-aaf8-bcc60e9347b0.webm,-440.69678,185.30707,29.429256,52.16303,-16.65336,33.030792,12.39911,23.737188,-16.350714,28.835224,8.461425,19.116459,-6.895882,17.908108,-4.551567,12.59136,-1.4472756,10.374113,-4.089193,10.790402,-2.7169807,7.812508,-1.1134572,7.954822,5.229655,11.606526,0.22574279,0.3228583,1301.615035696783,1461.6598155369547,2393.8641357421875,2576.6409985212326,1009.8914623256599,1036.8181023875172,17.863251904195256,10.646983345592577,0.08762342664930556,0.11284172526445009,0.044061583,0.0844116,8.34
healthy,b5ff3f51-38a2-49fc-a659-75cb66484155.webm,-663.079,166.86166,20.836535,45.340866,-10.672248,23.812252,13.357088,24.181028,-3.8240454,16.67699,9.175,16.117992,-5.412859,16.631508,1.3825948,6.972429,-7.099585,14.076895,-0.33066878,4.2158914,-2.0418997,8.232928,-3.6322455,8.267698,-0.6238917,4.437071,0.17476894,0.29898,1041.4197504448698,1572.2418162144634,1880.1813346633583,2768.4085556105297,763.648927668283,1049.260098340325,11.671818599140586,11.141661403150534,0.06267184146995708,0.11380217582358679,0.004535537,0.012992401,5.4
healthy,f1293c21-a5d9-41fe-838d-2dea5b90a242.webm,-441.32123,112.06952,36.19495,53.122917,2.9570415,34.600327,8.748096,13.954198,-0.8256615,12.068324,-2.1028967,13.408017,-5.649881,14.527829,-8.906272,16.0835,-7.871074,12.6334505,-3.9439428,9.973152,-5.0549064,6.444294,-4.0699525,5.839081,-3.2545955,5.66906,0.46494374,0.29408136,1982.877481341254,661.484447971134,4117.02880859375,1645.5892599307142,1927.091559158613,638.7463896663506,21.279886121072707,12.107383726346528,0.12168601707175926,0.04413746965000921,0.039632037,0.088951945,10.02
healthy,4bdf67be-91db-492a-8f45-ab3a697969de.webm,-448.34134,175.60107,45.888947,45.056843,-27.438475,44.44157,13.216273,19.30793,-10.944135,23.98286,-1.0007592,16.422743,-16.683939,20.512531,-2.354154,11.7886305,-11.066785,13.136216,-8.179494,8.219563,-2.4690678,8.253362,-5.6759524,6.8656793,-3.4716592,7.564022,0.4844331,0.28299952,2566.795238032093,788.682786370106,4783.951556096312,1329.029565516435,1987.7807449231582,424.6791958732727,20.9116379714432,14.86299041226622,0.18594710553278687,0.07299679383386781,0.022601666,0.05055106,9.9
healthy,16975398-b8d6-458c-bdfb-814f65cbf5e4.webm,-537.92163,144.41885,16.397995,36.171413,-9.719685,33.792347,4.2730327,13.147652,-5.9385495,19.116285,4.6594467,12.491898,-4.841248,14.648648,-1.0481989,7.1538014,-6.170339,15.015202,0.031457666,6.5051303,-1.3260009,7.261439,-6.6685724,15.014135,-0.25005078,5.151785,0.52867097,0.34023854,2745.5806973670888,1540.0956057251685,5225.180503970287,2788.5501429163523,2150.7134699524418,1010.9521458745004,16.87062778231742,11.596211803846524,0.298767518662178,0.26813532017393743,0.013197247,0.045412313,9.9
healthy,ec626cca-a57f-47dd-a403-232f50d5c2ad.webm,-507.95328,135.5574,34.255726,50.389908,-4.376059,36.125202,12.034501,22.87815,1.5016521,25.101974,7.5422726,12.263836,2.573762,14.761532,-0.7822689,9.936149,-0.76029855,10.146451,-2.8547335,7.952597,-2.214826,8.874505,-2.4941928,8.989968,-5.2614937,8.722499,0.37885448,0.3310478,1721.789535949233,1461.457862198642,3261.221263447746,2549.7024319601164,1484.79975380316,947.579784076461,17.297404970532227,10.369263152351191,0.11124464834601873,0.1149529068979784,0.018568102,0.05573875,9.9
healthy,1c4f4eb5-e425-43dd-9431-34776b25b593.webm,-474.2226,201.59517,40.163147,48.37985,-18.248203,43.48758,12.283984,31.244825,-18.622252,30.991772,13.065123,22.908695,-11.3246565,20.688974,-7.63547,14.414562,-10.458156,12.324123,-8.026248,13.404698,-4.249357,10.558001,-13.735174,15.023871,-1.8112577,12.8460865,0.35166124,0.314265,2636.227417502023,1047.414732689727,4803.386655061141,1749.1957943947705,2044.325155361622,535.119806225145,20.69190248936905,11.731439044287528,0.20819180253623187,0.14278019477695145,0.038934935,0.08710283,9.6
healthy,d660cbf5-528a-4cd2-b741-a10e9cba1ccd.webm,-337.08966,217.12624,75.01851,93.16857,-31.194738,43.60141,26.80431,29.42934,-20.285612,28.20954,5.522901,15.235109,-17.582108,20.396215,-3.3108847,10.901772,-12.407715,14.632443,-1.5242316,10.87574,-12.466773,12.04168,-14.028694,12.463202,5.839967,12.294102,0.5199616,0.2833385,2370.5421659996423,1078.5300463239544,4263.331883666599,1788.305271210626,1768.2760090605375,585.0194636419739,20.51588702116574,14.102254104908077,0.17220156752411575,0.10799999414474606,0.090403445,0.1116846,7.2
healthy,efe3a34f-2569-440a-8c3b-c1da08bbf930.webm,-625.0127,67.33209,10.798067,35.33838,3.3184361,15.39969,1.7268815,11.421005,-2.1456714,17.589014,1.2280754,8.67353,-1.2823727,5.671533,-1.838608,7.1702013,-1.2416427,7.2664175,-2.331318,7.732795,-1.9829974,7.236472,-1.2351007,6.222908,-1.5401924,5.6591225,0.080945276,0.22136037,369.0434486569556,1023.3484655583752,676.0073454483696,1921.8447744517277,328.43132546281703,803.6164098835419,10.845549348231275,5.707449764849829,0.019743546195652172,0.056111683738466846,0.003356348,0.018248642,9.6
healthy,b8b19600-e35c-4e7b-b865-e0400792b0ac.webm,-446.51855,153.07468,46.09281,66.706406,-13.951001,35.84049,5.920704,19.644878,0.11801898,18.012083,4.6376376,16.658335,-10.36907,19.860786,-12.988256,21.484398,-9.997339,17.645494,-5.49554,12.041901,-0.8683256,8.68529,-2.5201693,10.006436,-0.01435237,7.594698,0.27904093,0.3371026,1219.0732440885988,1302.8216235790949,2304.657882940574,2466.781438253807,1056.5288907705703,1022.3485666960178,17.56864635321553,10.244017295414947,0.10610568830503513,0.1574929720465097,0.03134811,0.07013811,9.9
healthy,d778f0b0-d597-47df-93ef-1b30f2c9f7d9.webm,-368.7713,216.32265,52.655754,60.43931,-8.279878,41.698704,25.008795,28.99802,-18.064337,29.654253,13.507141,22.210415,-12.998089,18.442377,-0.6283622,12.837721,-3.122958,13.831107,0.34621242,9.186311,-0.14926337,6.1491227,-6.2067957,6.7308917,-0.9643628,9.174528,0.41837722,0.29810867,2310.687848834804,1072.748578831708,4159.002795190869,1548.1157389891991,1893.90863538288,367.8761372208788,20.980443216527576,12.967268643545452,0.15406442973428144,0.10793109509133009,0.082284905,0.13602163,7.74
healthy,6dfba306-a8df-4f75-b993-291995ee3cca.webm,-401.55756,127.33367,86.1759,27.111675,-14.943314,15.874127,-1.3207251,11.445638,1.4378498,8.902315,2.5541577,10.099588,3.215287,11.6794,-2.235594,13.027843,-5.2341228,10.0097685,1.512216,10.907375,3.5990005,8.493966,2.9790947,8.252795,1.082104,7.0748096,0.31991455,0.30222294,2573.652997657507,643.2839616839244,5474.252212631119,1648.2610770773067,2611.873625223224,401.3588721139084,21.1347211985137,11.20779885358274,0.14335664335664336,0.04618317465167538,0.017079266,0.026796034,9.96
healthy,5d7fa55b-a619-4b41-9515-5d7c0f42bb83.webm,-330.2846,164.58466,68.50585,55.72713,-7.479026,24.926826,14.300609,25.757048,-17.225008,21.242764,15.690974,17.316145,-12.089983,17.954908,-5.1297455,19.17295,-10.190253,15.9381695,-1.5356095,11.830519,-7.302921,14.919407,-7.6906877,12.216343,5.310499,12.3407955,0.45391336,0.3156987,2253.886824650409,953.1237599291703,4570.157610783812,1791.076218877028,2096.8057679617405,498.20345071396207,21.547672498777544,14.474525673188452,0.16545301522248243,0.10403276422403603,0.061708454,0.08744937,9.9
healthy,60c3afcc-fe9b-4d91-b713-0ab357d5c825.webm,-389.9087,174.44667,40.25153,47.52062,-0.7771971,22.920593,6.862716,17.69507,-1.2363209,14.914226,12.357799,13.820341,1.5920457,9.57947,-6.049337,15.616429,-7.6603875,11.3886795,-3.3964975,8.010444,-4.4262385,10.194835,-0.9342635,7.761314,-5.939077,9.189541,0.423212,0.30630234,2029.2352271119844,835.5014042473792,3961.47067829714,1698.7255473813252,1994.3997382241334,521.7026202543486,20.183284623332003,10.47600194524392,0.1420608779131356,0.08881873023095502,0.048327453,0.1001919,5.46
healthy,0b07843e-a9dc-488a-9455-1d704d1d0e5e.webm,-386.64987,180.06726,78.66884,56.838493,-29.8852,47.61723,12.296898,39.094025,-31.756355,30.361988,10.947256,23.385345,-26.759285,28.133734,-4.876954,22.9393,-9.566794,15.368204,-6.6697907,12.324138,-9.401158,16.175282,-14.427131,16.510187,0.7843281,12.296909,0.3664364,0.31554917,2436.4433262033754,1027.6254311712523,4311.192358993902,1635.1116459555012,1825.3102158778415,451.33030834804845,23.540182976011195,14.712133657657008,0.17135694550304878,0.10070063922544438,0.039779376,0.06327465,5.7
healthy,abe6b861-2428-415c-8405-dd397ef76de3.webm,-387.41806,222.7025,36.542843,49.406384,-19.614614,33.110134,21.754625,30.702553,-19.85497,29.113735,1.122277,15.514159,-22.32043,29.483084,3.0457082,11.280819,-8.4086485,14.046521,-1.3736831,8.42772,-3.3247905,8.588046,-0.7851227,6.8667626,1.2598171,6.5097485,0.2578466,0.3307866,1401.3803239020249,1476.577519985829,2694.62372535883,2750.2984187376696,1122.1240157071427,1095.667703281139,15.42931040599279,13.20062117274883,0.08926178688226744,0.10219719366104471,0.070617795,0.11729837,7.98
healthy,735dd4fc-e9be-4275-b174-eff16f3dc2f6.webm,-355.78354,177.94986,91.473236,80.009895,-23.8785,35.51707,15.79577,24.700039,-16.134373,21.841415,5.94561,20.060938,-7.426918,17.492323,-11.487378,13.000976,-6.076876,12.589444,-13.772632,13.317741,-4.2128487,7.253998,-11.223783,14.673058,0.92904663,6.336061,0.49204567,0.314514,2142.886664015807,1311.657940553381,3851.650137271521,2244.113582959686,1698.0560093864042,687.4317080743344,19.723251091921856,11.824441337618023,0.19949283239976415,0.19279183876870146,0.07288984,0.09650008,9.84
healthy,c43dc045-fae7-4f1d-bc22-28ffbf94a7f9.webm,-413.8128,153.17621,50.211952,69.19417,-21.820818,37.465313,-0.5498265,13.937564,-3.056349,12.06785,-7.492311,14.592818,-8.994639,13.92913,-6.1034045,12.064732,-7.18109,12.648166,-1.979161,6.0345626,-0.025205493,7.2882504,-7.575869,10.273793,-7.921782,11.244084,0.4385591,0.30936074,2067.4511276356284,1032.51563655046,3877.055732353584,2109.713528034788,1751.1264506009256,831.1095321971219,19.390940640381434,10.981998066735768,0.16995374417249418,0.10533192672524548,0.045141708,0.08752705,9.96
healthy,78d26707-212b-4fc6-b718-8cf3baa1f051.webm,-468.7421,133.78833,31.692633,46.36207,-5.8845453,25.628521,3.8741112,14.398884,-2.6355698,10.087143,1.7668067,9.80014,-8.695984,15.170718,-1.1681832,9.200969,-5.6916656,10.467368,-2.822194,7.7454066,1.0134575,6.6654425,-2.9264693,7.091389,0.54524744,6.4932485,0.39128,0.3140452,2151.5486305330596,630.8260430880845,4530.444736168033,1379.8508784322962,2172.6658603936103,401.84627681589035,20.10858563415556,12.538101954383793,0.11644650175644028,0.054800003322280307,0.015362311,0.04362585,9.9
healthy,88ebf228-d0e4-4eba-a98d-6e3a4d241346.webm,-502.26843,147.5978,28.984642,49.070415,-4.6420536,20.573515,8.037335,17.113935,-2.4800618,13.618781,4.1228423,11.861862,-2.7693708,9.513506,-0.223784,8.8216,-5.5833592,13.097197,0.41307676,5.4896193,-1.5835416,7.0806293,-3.7234118,8.450281,1.3937683,6.1513166,0.5671994,0.26754734,2604.505180431933,723.798529912289,5179.573318193544,1345.6135470594477,2330.0633831724253,431.44585705242577,18.570418557075918,11.671165351012064,0.17915776090801888,0.07675864317388774,0.014913916,0.04231521,9.84
healthy,ff38fdd5-2277-4cd1-82f2-ea4576255756.webm,-435.99612,156.98235,59.027283,63.01233,-28.566786,39.661343,-11.70183,23.108286,2.2324395,22.50852,6.1011305,12.825067,-11.200098,15.878337,-13.183202,16.405622,0.8475367,12.4801,2.3591776,11.511489,-4.2431307,9.68795,-6.9783373,8.981236,-6.071117,9.08097,0.41911328,0.31269473,1948.4799416241565,610.7123880010978,3266.268936710654,1263.4259117164495,1537.6735174373985,498.0300270372512,21.06536932558519,11.228204850033242,0.1467259856703368,0.056568641795635935,0.038479287,0.08471684,8.94
healthy,769bbf38-8202-48dd-aad5-abe789f7ff46.webm,-492.9385,156.69142,20.043655,43.375927,-15.392141,40.42282,-2.1191516,13.573353,-13.386181,31.751366,3.731857,14.454676,-8.484801,16.885515,0.0090694735,6.5677733,-7.3059545,14.599728,-0.065360025,6.164047,2.4732842,8.1791935,-2.2689312,7.158701,-0.5756672,4.2351565,0.49651226,0.27347973,2652.828117314802,821.0224030347441,5516.593372479034,1464.0690860007342,2491.0784527637306,511.11435176483957,18.844041851475154,12.32904215170823,0.25956594448881787,0.18315699291501186,0.022460107,0.06335329,7.26
healthy,cc73e9eb-0583-4538-85d8-729308d1ac9e.webm,-347.25095,182.75468,67.91421,61.234856,-7.583925,35.02751,19.518593,18.33773,21.022413,19.332788,6.177854,19.053013,-1.0485802,12.840589,1.0297589,13.355328,-2.1414,12.845486,4.629549,13.499599,-7.8232822,12.144639,-11.689032,13.664476,-7.8027697,11.078699,0.42833087,0.31528944,2332.8695885736543,1429.224561903377,4666.330446896854,2967.055108838354,2384.1266899217007,838.915984147183,21.047048863891227,12.207435157105934,0.1392489346590909,0.13350373397768078,0.059182253,0.07651042,9.96
healthy,833d3cd1-b5c0-45dd-96a8-120b43fa371c.webm,-479.20078,148.49304,33.185707,58.38477,-4.3573666,36.106228,4.602961,20.83613,-5.03219,24.199997,2.62975,15.005728,-4.3919725,16.779675,-1.3430803,7.9625998,-3.1411178,8.960393,-1.5076857,7.359814,-0.7237424,10.814311,-4.5317206,9.81158,-5.3491178,10.760265,0.1924341,0.30698657,1008.2144458171838,1484.8418909593504,1804.7008010576355,2573.8520863341387,821.1298144160702,1018.2343414440252,15.801100704766663,9.325657992709164,0.05050371278007076,0.07943552727227551,0.031201545,0.07747026,9.84
healthy,954c1a76-5f77-4080-a155-4bb8663bcacd.webm,-292.13327,174.17938,95.74567,41.95963,-38.179237,31.06927,16.753391,36.739685,-29.10801,32.03764,18.668873,18.795795,-19.229715,19.596428,-0.20470239,17.007418,-22.565966,19.418299,-9.747303,12.093369,-10.4512205,12.73994,-23.03696,12.570526,-9.199645,11.072516,0.3605893,0.30567116,1970.3466800090248,634.5968831057985,3797.3888487327754,1130.5422646422649,1758.2175572252413,226.45911630684168,23.746133543219745,14.561317195384234,0.11140501968503937,0.049822114862659056,0.083315335,0.094983414,2.94
healthy,c90a94f2-7a92-468f-9d80-6d0d3b91fee3.webm,-437.5805,130.28073,21.131685,36.471294,-2.4486015,14.653792,-6.2100363,17.62767,-4.0755634,12.317464,0.6487762,9.360287,-5.412057,11.334926,-6.840202,13.512228,-1.9023105,6.3673196,-0.7663863,7.00354,-4.2418146,9.861001,-5.405379,10.8980255,0.8745475,5.8428273,0.6276479,0.2734716,3523.319989160474,1086.86962426896,6819.6461161629095,1993.2439770048,2787.942850232628,472.33958664747144,17.848197051121936,10.597332944944998,0.4955471494437939,0.2790051270001506,0.019675408,0.059039637,9.9
healthy,942152b1-4a8f-4d9b-a4e6-43f61504e589.webm,-381.47678,188.992,68.48693,65.15274,-8.492546,33.775406,17.593699,20.296797,-7.5136733,20.834763,6.396921,8.77319,-15.428809,24.620918,3.1691823,9.529708,-8.565808,13.914628,-7.9163995,14.005799,-2.5340016,7.005373,-2.4977543,7.6333947,-2.2139902,9.4759445,0.44332725,0.32486615,1835.0461688555988,1280.5158794039824,3473.5197368421054,2420.5231034372455,1712.4330962726858,780.4836980769554,19.787716159285655,13.839617812699814,0.10816143548976608,0.096371794877029,0.050884955,0.07326014,3.96
healthy,8352ecb8-cc64-43cd-ba6e-99f5da16a448.webm,-425.09695,199.9008,40.53977,43.43662,-11.097756,20.044739,19.389545,20.111168,-9.454561,16.091412,-0.10403755,9.411256,-12.363576,19.859488,-3.722343,10.783859,-9.149327,12.594608,-2.791195,7.9694057,-0.771706,6.9278793,-2.4191067,6.3412023,-3.1695676,8.876965,0.5078016,0.27503896,3088.4977422176676,828.9956008074328,5897.186407342658,1357.5298836219638,2464.850845230172,413.6328911635752,20.595804408846305,13.00547342946213,0.21314785474941725,0.08358757745256966,0.03986266,0.0814525,9.96
healthy,e607a9a2-e15a-48a9-aaec-506a91c4e918.webm,-421.6924,174.71268,45.151035,74.157425,-20.684704,38.31931,11.755056,23.545591,-9.502566,20.270197,-0.5177928,11.819165,-1.0853344,11.041549,-5.8955307,13.222598,-7.790682,12.372493,-6.920832,13.841994,0.882143,9.186059,-1.4617424,11.736549,-3.171489,7.8126354,0.2570729,0.32812738,1258.332288074522,1436.0786429138204,2218.8024301997953,2476.825893875021,959.3545666081473,987.8419713720452,16.10231304414132,10.30569382549764,0.07364356154859485,0.09605454402640774,0.05379267,0.09834296,9.9
healthy,7af1ee82-631f-4da5-8fd1-6b0bb608789c.webm,-529.37396,169.86191,20.100903,38.75781,-7.995183,22.661219,5.214505,17.544113,-11.7944145,26.431316,6.028874,20.164604,-9.808509,24.656942,-0.693947,9.488442,-1.651257,5.691573,-2.0066726,4.394559,-2.957721,6.5619593,-4.8542795,8.388898,-0.4286301,4.1339755,0.48886067,0.28678718,2857.8225107417306,542.1284653307487,5251.8525390625,932.1827239387051,2202.1097886761545,306.28682191391783,19.546602922400744,12.181606526549794,0.22250868055555556,0.07175350110139349,0.020550067,0.055010393,5.22
healthy,d32d80ac-4372-4d90-b9cd-ac9d44a31223.webm,-502.19888,177.13525,45.793617,71.4501,-23.496813,45.263813,-2.9736218,18.011282,-10.572604,20.719265,-1.8938965,7.991659,-4.069067,9.53578,-5.222593,10.370442,-5.8508368,9.683765,-4.6214943,10.277461,-1.2991966,7.0988297,-2.6363149,8.486783,0.6797518,4.557398,0.21071002,0.30955675,772.2130607306951,990.7608823722139,1310.5248623206967,1801.4827941350495,629.4484614803108,790.8088483561328,13.601339187155675,9.797231587487754,0.05974870096604216,0.0819303850520928,0.028441556,0.06402685,9.9
healthy,32d23963-e40e-4f6d-9d88-d80ed375a8ac.webm,-540.5856,146.99277,52.727535,52.900066,-12.568996,48.971874,15.704092,27.499357,-8.546318,28.35368,-5.6592045,17.91376,-1.8255508,16.797573,-0.75130373,11.171872,3.3957627,10.678907,-4.6350093,12.565894,-1.8431832,9.212041,-2.4641569,7.9080186,-3.5958304,9.924559,0.44728273,0.32183737,2238.4588067447226,961.8955658421611,4067.720894191576,1851.6120161726337,1883.7239023997304,570.5928143177379,20.865202149632356,12.978296550978206,0.14674974524456522,0.08054215908123565,0.009313654,0.018621143,9.6
healthy,1eff6dde-1550-42a8-89f3-968af39d25df.webm,-497.5322,175.6476,25.896374,54.22315,-9.594022,24.522913,6.8438697,16.327951,-5.0204854,16.674011,8.427699,18.228083,-5.6835346,13.368898,-0.46099457,6.039665,-4.835607,11.281263,-0.8474107,5.1608458,0.009974844,4.2149873,-3.184023,8.006254,0.80299926,5.9531264,0.1410312,0.27670795,667.7040670209599,1247.9823741583623,1266.903974425118,2284.287474408865,539.2943016327634,908.3757696819192,11.042116469030422,9.85329919378258,0.04315185546875,0.09778899006391498,0.028729614,0.07817361,9.84
healthy,4375f206-82c0-4678-8f5d-d99c4c0f3a67.webm,-420.095,142.32916,52.854523,50.841133,-15.836121,33.379436,18.394018,33.338303,-15.090551,25.68368,5.53455,17.49244,-14.506345,21.046106,-0.5994193,11.762924,-6.3814974,12.325001,-5.5570774,9.146853,-0.6809198,10.372493,-7.9085393,7.4390717,-0.079253145,7.578536,0.39279026,0.30139497,2502.943384075336,940.643755833932,4621.689673147747,1505.7495560430577,1930.626695318865,449.74945593290414,21.53075220354891,14.272394401867421,0.18393647774046792,0.10513075150848518,0.019340508,0.046101954,13.38
healthy,b472ea96-9aff-4444-b1b4-72e34bd8fbd1.webm,-514.50323,103.214226,18.567799,36.310978,-3.7356918,17.597765,0.17676803,8.433159,-7.036286,15.868642,0.14071257,7.164984,0.29832396,5.398555,-1.0415664,6.50367,-2.7499745,11.326202,-0.51976705,6.1101675,-1.0833833,7.13106,-2.110152,5.7119813,-2.6221378,5.035622,0.37488848,0.29085776,2860.9289973370946,816.3576796712085,5566.458492679196,1567.4442485867048,2440.7138177643883,470.8759144791193,20.241148855580974,10.369227944939778,0.3051826103583916,0.18665661107887777,0.0073391884,0.028029567,9.96
healthy,3b1bdbe5-cc82-4dbf-ba1a-a55fb58a71fd.webm,-364.82013,204.34946,59.00465,52.872364,-27.996721,33.875683,25.201014,26.570276,-19.710133,27.331001,10.632303,18.522316,-16.96872,17.673958,0.24123436,12.80846,-8.934341,12.365068,-1.7296511,12.385389,-1.6204232,7.5985494,-5.5973587,8.795547,0.49749956,8.547565,0.5317183,0.28409475,2698.1445270096024,881.3256491069895,5007.2252775493425,1118.3942195563995,2066.367989872635,352.8408993498104,20.595098101299424,15.307118725200235,0.19991476493969298,0.0922027972914997,0.04836729,0.08088561,5.28
healthy,ffba0ba6-bd58-4fc4-a692-3d996c449a42.webm,-491.20657,219.4287,29.037563,41.38244,-6.376463,26.613005,10.932222,16.01457,-15.573495,23.524113,9.573264,15.2372875,-5.8178697,15.384831,-5.063838,10.461064,-7.662791,12.515499,-2.6779163,7.615989,-6.305137,8.596265,-6.1530995,9.389712,1.2448215,8.803855,0.49314505,0.29061958,3472.0059416278746,910.1792761489792,6125.655253808103,943.6208730085865,2451.4456150666715,397.8255748783451,19.93632540200108,12.126598347995339,0.2698428666771357,0.09810354846183252,0.01778799,0.03328134,4.62
healthy,90794373-748c-4a8a-b252-a55bf2ff627c.webm,-531.5117,127.080635,8.346825,40.473618,-13.900215,38.068893,7.597597,20.169632,-7.270555,20.241419,3.3276143,11.381223,-4.170075,16.105232,-2.5250413,9.391809,-2.8736737,8.402981,-1.7060018,6.7586184,-0.33083114,6.8372226,-1.385549,6.3721213,1.335873,7.021706,0.1685193,0.3031426,1006.9734450529764,1587.9228037275082,1709.9851788214917,2648.951729655984,659.233479209808,1003.9351631755954,14.925792210898026,9.175010546629302,0.05813195570459906,0.1076105773470508,0.01488615,0.045983784,9.84
healthy,1acfdd63-8116-491f-99b5-d7ac34391425.webm,-429.2201,195.14227,43.869347,40.805428,-4.5601883,33.61174,1.0489837,22.801886,-3.923062,24.282906,8.650242,12.4338665,9.24325,11.228706,3.6466115,11.043312,-0.66985095,11.631947,6.717249,8.500774,4.9004126,9.800971,-1.4543744,9.739126,1.9736408,7.797713,0.4999555,0.2991791,2640.214130374404,997.4956253493748,5442.753199527138,2218.576678378608,2562.8122564081095,536.8857386173063,19.399340942882663,11.750370635214862,0.14538788377192982,0.07892387744283781,0.03582427,0.076941006,5.28
healthy,449beff1-69f2-492e-bc3c-e9f0377538fb.webm,-524.7262,152.9841,24.048721,52.48479,-6.092579,26.439974,8.874562,23.612444,-6.6980886,19.73062,3.2133586,11.526029,-3.2047362,9.7276535,-3.0714934,8.940225,-5.988133,13.427566,-2.4214025,7.1706624,0.59608567,4.9189982,-3.9406374,11.329609,-1.1982218,5.104555,0.105580576,0.24759547,514.5617888814613,1102.4420451738497,948.0222295245853,1967.5221265123716,433.7791905325463,820.3364867474863,13.346347075307733,8.651137426815191,0.03203796097452607,0.07085942428798506,0.019383421,0.048478995,9.78
healthy,c43ac2d5-d6aa-4d51-ba32-e52c4a446ec4.webm,-491.46765,128.07106,29.048752,54.396626,-0.25962088,20.095413,7.7834888,15.046611,-2.98706,11.875129,3.0133965,10.823885,-6.9242244,14.454869,-3.3268712,8.316362,-4.0578485,8.563404,-5.622749,10.549572,-2.968488,9.447079,-1.2207556,4.28544,1.2741181,5.009224,0.58786315,0.29044592,3130.412585331242,1116.4372080022415,5707.986812268274,1897.6961528457457,2379.137532403763,519.8195132331035,18.657868163882714,11.42652095787631,0.3281560348252119,0.1949012851114974,0.020941552,0.061574087,5.46
healthy,754aa899-2a96-40c3-aef0-3f972d605341.webm,-459.066,133.4801,16.897732,35.792114,-2.2345576,18.462406,0.8773261,10.628477,-0.62552285,9.14013,-2.3440025,9.822746,-0.5371286,6.2745776,-3.3631573,10.849265,1.3803657,4.9242697,-0.6268056,4.8221183,-5.7749844,13.01951,-5.3330383,11.736578,0.8048407,6.8459024,0.39030853,0.27977467,2862.193599428354,705.3568990749199,6934.519606370192,1927.5539028397925,2985.22394319828,505.4332870261607,20.361477343742035,10.530949183417581,0.13738003532925408,0.05616085051453689,0.022749776,0.062244568,9.96
healthy,ffa08364-20d1-4b7d-ae14-334a7b781826.webm,-417.93176,190.88452,23.527044,41.656124,-35.721054,51.245113,9.266545,20.474245,-24.170223,36.34078,4.938346,14.3209505,-12.540061,20.3798,-6.9233117,15.463479,-5.9471946,14.971158,-1.1218524,9.267169,-7.2632804,10.636045,-4.9820037,11.680251,7.638935,12.613159,0.38440022,0.33581087,2913.038634557585,1287.8316220490678,5146.036783854167,2263.2592601305532,2011.8363664770643,816.2710603835974,19.652096075192578,13.56087653122915,0.27757482960390945,0.1844850122847697,0.041653275,0.07021921,5.64
healthy,79a9f645-1ac0-4bd8-bb9e-703ab0da6fcd.webm,-583.248,114.63567,18.901762,55.009644,0.42651013,19.450361,2.9057133,10.257659,-3.16372,12.754082,0.49894038,6.5671325,-0.5636508,7.044053,1.7881912,6.591799,-1.6620424,8.337183,-1.6923724,7.4991856,0.3530214,4.2730722,-1.71007,6.923173,-0.83051324,4.152052,0.30400795,0.37461624,1337.1847142374866,1752.6778257137928,2547.270773937352,3220.9937612799035,1098.9459696471345,1273.4369116633216,11.392084175998272,8.109103193597882,0.11006113929206161,0.17523660147066708,0.011137471,0.04238933,9.78
healthy,ed289aad-e37a-4caa-8f21-a660bccd5d1a.webm,-471.36826,158.55762,38.032646,64.14438,-9.887757,31.617626,8.305437,18.044056,-12.314959,25.013073,-2.8467162,11.866943,-4.2395883,11.313524,-5.9734406,12.098381,-10.470435,17.055597,0.47511625,9.769289,-2.356711,9.193829,-5.622353,10.781867,0.37187347,7.2028766,0.20698635,0.31222934,1025.0315504331347,1394.8783288515351,1771.6656071124692,2386.613091596745,775.4249009157166,948.1304024957667,15.833659080333579,10.61012580871841,0.0721036703279703,0.10500932418062218,0.03211419,0.06548576,9.36
healthy,69fe9ee9-8d3a-4e21-8acf-4944a71e5ab8.webm,-257.31946,147.53128,101.141655,36.94133,-39.34466,42.099407,-16.273945,19.63735,8.162446,17.321144,-0.69341683,16.669529,-10.41894,10.119111,-6.078812,11.709259,-6.5380144,10.701934,-3.9887006,9.918401,-7.223691,8.432925,-12.806058,10.12477,-5.9672885,7.248928,0.46201238,0.29358047,1685.6344031546062,520.585628957419,2664.947210992133,955.9330833015391,1566.1549452608103,311.9004279745374,20.62219545473419,11.640621498244101,0.11117560824592075,0.03897605984853697,0.10988868,0.16676746,9.96
healthy,bde86e6d-60e8-435c-9895-5c0a13f1a3e8.webm,-434.06235,143.10767,55.91343,58.354664,15.213545,26.412977,11.0777025,17.476788,2.9717443,11.839366,6.6854997,10.88864,3.570202,10.388909,7.9711657,11.045328,4.1749473,10.463018,0.28920025,6.3170514,-4.262391,9.814545,-4.9897103,9.063125,-2.681305,6.998995,0.55646247,0.28576088,1833.490695404248,1181.6256284920314,3543.617344569493,2445.368426160839,1864.9139088578968,700.1704004464707,18.89809553609829,10.807298612630811,0.15771939648892774,0.16643526550796325,0.033808492,0.09989346,9.96
healthy,f1d66c42-07df-414c-8da1-9c4329032f12.webm,-543.66614,133.43869,15.694761,44.191555,-14.641434,32.431618,5.392151,19.805513,-1.4967077,17.12224,3.8038054,12.645767,-3.0540679,12.2107,-0.030156333,10.357337,-4.504453,12.0951805,-1.0818361,7.696658,0.265165,7.5236707,-2.0979111,8.880962,-0.0035156035,8.099748,0.38537025,0.31108096,2565.1716761606326,742.260505640968,4430.151827830188,1279.244009080169,1952.3182784204655,422.31980794114565,19.710283690433343,11.638135642443336,0.19076941148290094,0.07755799205402877,0.013356719,0.052524094,9.84
healthy,5289b3d5-116b-480b-900e-741196cafb24.webm,-479.79984,142.8043,23.736172,36.15622,5.0032973,19.450956,14.117194,24.08413,-5.1975207,20.66839,11.639642,21.279125,-8.460696,18.43675,-0.095370434,9.945138,-3.7129407,8.008981,-0.6019355,6.621649,2.4333324,7.912953,-6.9011984,10.910018,0.37278107,5.436497,0.5355323,0.28107494,2925.2240539324935,860.1839623206733,5685.320344518443,1441.2294852449425,2445.9234920945123,404.22875009480697,19.129292820041407,12.624105813761407,0.1905669093969555,0.0875530278662016,0.021799002,0.05926913,9.9
healthy,6e86fbd6-222d-4112-81b6-463c0832e71d.webm,-384.06094,194.44963,44.248047,57.640823,-26.6918,41.209534,1.5900327,19.06989,-25.61943,37.078983,4.1773524,19.662727,-17.549623,23.643652,2.7311666,12.149282,-8.865317,16.263811,-13.545465,18.093822,-8.057566,14.363119,-5.2067995,10.09287,7.6754637,14.609947,0.46585765,0.36595508,2932.0849831021415,1543.608517426594,5377.034505208333,2344.888035756733,2157.017058841158,707.158422279367,19.228943674214204,13.588392286226156,0.264638103505291,0.21803623367440825,0.07585649,0.10951096,4.38
healthy,0718a0db-2728-402c-8b89-c8669e37aa8f.webm,-516.6701,137.82893,26.899624,45.05716,1.0194159,28.511606,22.874727,27.551388,-2.179238,21.92488,1.1350459,20.320309,-12.484902,18.166367,-3.121376,13.702125,-6.7244225,13.570581,-6.731627,12.538924,-6.9998727,10.723397,-8.259989,11.127507,-3.714665,12.174579,0.36590847,0.34701386,2367.6665069207843,1391.1753661632677,4319.086176806157,2259.4479203184933,1894.043985980735,785.8850138249717,19.50220039708353,12.37263527555503,0.15235825340346534,0.12383070759011151,0.015134221,0.04476452,9.36
healthy,16cc27fb-0bec-47eb-9311-708cf43dee91.webm,-427.4147,169.90025,31.920893,54.026127,-15.597419,35.33681,9.313955,19.178774,-12.620899,21.729916,8.96406,20.781282,-17.430922,26.185907,0.58281827,9.346448,-9.319016,14.540966,2.9591079,8.541845,2.7763078,8.086546,-10.553479,10.479741,-3.4840753,8.193413,0.34354928,0.31968763,2687.002467750426,1463.6581663864433,4628.864602481618,2114.409219054052,1809.2590746596293,724.8102776035149,21.211997077640778,14.228028321913973,0.2294092116013072,0.15407420430477672,0.04352118,0.09190879,3.54
healthy,041fbbcb-e6cb-4a4f-97cb-f1e389d5fae6.webm,-459.66516,172.87848,31.541372,59.923378,-31.075537,43.92752,3.4248853,25.809563,-15.351474,29.25976,12.30439,23.312256,-21.95917,25.484833,-5.186001,14.363715,-5.210949,15.282808,0.81125385,10.88753,-0.23835185,12.957103,-3.7690017,11.775078,4.685301,11.341853,0.2785363,0.31655204,2526.065336086218,1862.415223949128,3855.91614921138,2615.45622176946,1304.7539601372275,857.9132462102327,19.224360584151075,14.326937291495838,0.1781719855542453,0.15364290608252923,0.024510715,0.052465804,9.84
healthy,8985c68f-0fd3-40af-957c-84971d883380.webm,-572.1369,148.76227,16.889769,41.111526,-10.104207,35.509403,7.5359774,18.705494,-3.0023124,18.563314,5.4492464,17.373562,-3.90856,14.581035,-2.332586,8.469095,-2.9739683,10.31676,-0.18405464,4.412115,0.9772353,3.9086757,-3.8166091,11.082066,3.3746128,9.681192,0.2973554,0.367624,1254.7176600779223,1572.582068873094,2425.8906022892443,2960.638195925769,1052.5013729635623,1207.963198603986,13.31114742354595,9.259690791622571,0.06954260537790698,0.09696418842610936,0.012553705,0.037035305,4.98
healthy,169f23bf-41bd-41b6-a754-8faa6a72a4d4.webm,-325.1439,195.823,75.840836,51.29061,2.1689527,51.359467,28.510777,22.392345,-9.07118,33.42947,8.024013,20.409098,-16.143223,24.168787,-4.750555,11.7330065,-8.637789,12.663678,-4.2050695,9.257352,-4.6335692,8.464617,-10.105853,8.938005,-1.9629719,8.814203,0.5402055,0.2837632,1981.0075273664845,1138.029648310421,3819.276067839196,2215.877345980374,1793.396222342361,659.8362308351313,20.325265465594416,13.97806380377499,0.14384176743090452,0.11043832013864822,0.09775345,0.17465016,4.62
healthy,c8eb4e39-bac4-4a04-993a-1f902f5af58a.webm,-541.1106,158.5674,20.4299,53.154926,-4.6929374,17.740551,7.59711,19.835472,-4.3322062,15.241639,1.6656933,10.956663,-5.5368495,13.560918,-1.2770033,5.9121118,-2.3287544,6.301687,0.061056282,4.589366,-1.9477522,5.37319,-1.3395435,5.057519,0.699871,3.0698633,0.14089063,0.28037813,894.099013632788,1797.9989911158748,1467.7243319424715,2613.1341056916776,580.3046233007419,949.3410524177307,11.58806099615935,8.177009680621053,0.030364065459280304,0.060709386782834024,0.02304876,0.06522524,6.12
healthy,914cd0fc-3623-4424-bc67-759743a0c593.webm,-444.61554,142.89792,20.079077,35.10434,-2.1124616,17.894016,3.0680487,11.694961,4.514991,10.064638,7.3184323,12.332797,3.1149886,9.156385,-4.449669,14.242845,-2.6022227,11.026373,-1.2923836,8.83723,-4.5657797,12.219346,-2.443175,8.6006775,-0.61848974,6.214337,0.45209903,0.30909654,3317.3807812622185,1495.8971041009374,6688.74494645979,2483.659271975563,2904.6996625760617,577.3078654781344,19.311610938993656,10.293936046051877,0.21502585955710957,0.13923615291278324,0.026294727,0.065958135,9.96
healthy,8b1be2d0-24d0-4a84-9cd6-a065d5d01835.webm,-543.1138,198.61906,61.740353,68.723076,-39.906113,48.651104,14.680015,23.741009,-29.875175,33.09585,8.648206,14.720887,-10.835382,15.845018,-18.67706,18.02764,-0.122446366,11.913367,-15.615989,17.406555,-0.4140243,12.915887,-7.9035587,11.402971,-1.7548262,7.3518567,0.33188254,0.3242388,2035.6083872480863,1540.2746944102466,3617.0956593639444,2482.809676338723,1402.484123553977,893.4346359642466,17.769974539987185,11.806542339207143,0.1628406452682783,0.14389512416285105,0.0108410185,0.017886192,9.84
healthy,24f7177c-c147-4ea8-9a9e-6f273d4f6fe4.webm,-469.1426,99.38811,50.372555,31.281664,-3.1913378,29.65164,0.8470266,17.018116,-11.798464,13.464609,-0.86874074,9.973387,-7.8525424,13.489631,-8.114872,13.192492,-8.225932,11.288425,-8.192775,8.912497,-5.0473356,9.560368,-4.890982,8.283559,1.136949,8.175533,0.38749987,0.30705094,2109.0738565108827,764.7186957613023,4056.037816461527,1270.271182755851,1786.1851681293435,312.49066213136877,21.56990307118065,13.892808484758513,0.14516117887676888,0.08407449115945952,0.010410597,0.03372397,9.84
healthy,08a2ba30-27a2-4408-aa9e-a5ed0649e431.webm,-489.51562,136.70454,24.962404,45.30525,-12.623214,31.27758,13.497893,25.957005,-9.348153,24.218683,-6.243595,16.824554,-9.7011385,18.659935,-0.592046,9.903569,-1.4085188,12.34059,0.11635309,8.733087,3.509277,9.828292,-2.059776,8.287582,-0.67302006,7.0639524,0.18826847,0.29969147,1253.7361701081,1556.654019333175,2183.5273117315573,2644.1993247211262,880.5282039328035,982.6247537582484,17.971824765125877,10.340801572449772,0.07150633050351288,0.10400543215240582,0.015292607,0.035495523,9.9
healthy,5602c7b0-fe42-445c-84de-85a47d89e9de.webm,-508.9752,152.09734,46.057476,46.146973,2.5072298,33.89152,13.574161,19.532309,-3.0402153,18.202938,6.8308315,20.907291,-5.2964535,11.826653,-7.679987,12.865901,-6.1042333,9.495099,-2.2789187,6.1729,-7.521881,10.087183,-5.4852147,6.225544,-5.424115,5.511125,0.5282449,0.26553506,1751.1303609667164,699.2704831783172,3266.188524590164,1028.7985299856643,1764.0750979197555,331.17775577000316,19.654844529755717,11.056365755067851,0.10013196172423888,0.05975587242606495,0.020161616,0.054837372,9.9
healthy,41ad13a0-4ce1-4f88-a59d-4c615fb79586.webm,-464.18646,156.68443,40.56472,61.889473,-8.482551,28.666594,6.2149687,15.089141,-7.945939,16.761444,2.7052233,13.433553,-4.6168623,13.361116,-1.4647127,8.264843,-8.053732,16.506454,-1.7572128,8.884854,4.7013726,8.493409,-0.48596823,5.809915,-1.4540943,7.306464,0.55134624,0.27831438,2391.8598720420937,752.0892050258832,5154.319148493039,1577.1541499674959,2351.9574281703744,586.4462473910936,18.889143629179173,12.23149574672106,0.17432681983116113,0.06873496279467763,0.027089648,0.06297566,9.78
healthy,29610045-0f0e-48bc-b6c0-fb47ae6e4712.webm,-424.21088,174.31842,56.351067,70.63654,-37.134357,45.909203,3.8966503,19.920385,-15.458935,21.322914,-0.746182,11.59574,-5.743141,14.430055,-7.05916,11.032809,-12.720553,16.477314,-8.62073,14.733503,-2.4106095,12.292798,-10.372432,12.961158,2.5171764,8.92331,0.24922249,0.31626317,1319.6853767752934,1288.5214324340393,2343.5302734375,2282.4721306251554,966.3254632044333,863.0510626622685,19.26218370683475,11.982144470782176,0.095546875,0.10218841417521346,0.03392283,0.065227024,5.22
healthy,ffbbc942-d2d1-4f46-a09a-9aa0f7e1c8c2.webm,-540.27765,165.782,53.53533,71.27157,-8.954791,28.603178,9.096044,16.056643,-7.9892087,18.098513,8.755073,16.273045,-2.6100013,9.066292,-2.5687778,7.7674313,-7.629482,12.2395315,-4.155552,8.7121935,-4.3589654,9.811889,-10.450012,14.563444,-1.9102198,5.625489,0.3281937,0.34700802,1506.2685963137355,1546.7336190764927,2732.4329723011365,2661.331528368965,1246.3957055103683,1002.8684435334471,14.954977700006694,12.220789131367463,0.10774554628314394,0.146641493244637,0.014294679,0.02607589,6.12
healthy,e6ed76f0-8596-44cb-abe7-e7560144a5a3.webm,-487.71158,138.14955,31.31521,46.762024,-4.842903,30.913538,5.0298734,24.106253,-5.154968,20.322615,2.2867916,15.886892,-8.685931,17.19892,-3.5460238,11.064289,-9.45126,14.837045,0.9253412,8.856237,-6.6670175,12.078968,-6.1417127,12.003101,-1.9506588,9.189114,0.2041506,0.3088566,1312.2092003820055,1562.3070760467383,2553.9221280944375,2967.610016592923,1106.9770814534702,1137.10047595331,16.569009502628425,12.071244383836213,0.07332933794315404,0.10225853520273494,0.016432228,0.04053909,9.48
healthy,7dfe17c5-a067-4652-a282-33b98a498ebc.webm,-418.40756,191.12434,67.074234,50.98371,-18.483551,34.96735,16.395718,20.434301,-18.771168,26.199774,16.203974,19.157253,-21.558334,22.302423,-0.8819421,13.312624,-17.553677,16.27402,-4.0230503,10.28025,3.4674792,10.126188,-9.978729,12.347443,-2.0748057,7.554334,0.41276348,0.29778785,2361.969667464113,751.4962129878219,4931.780457639408,1457.347134731513,2174.384709331138,390.62680529892236,21.552117020888637,14.638068686099928,0.15580557634730538,0.08248463374825976,0.026367022,0.041450065,7.74
healthy,09aaa59d-0263-4475-ab15-3bf00a32c0ef.webm,-516.02594,100.13266,9.042642,26.174677,-4.9982634,17.893723,3.0659788,17.55365,-1.3316461,7.3216457,1.435452,8.111619,-3.8432603,12.963203,-2.0750084,8.041196,-4.026364,12.92986,-1.7798588,5.5927806,-1.2013799,5.677346,-0.724015,4.0167665,-0.26668128,2.131637,0.104067326,0.2497765,556.945243641209,1218.3522054634905,1021.6590737396816,2110.783140539231,448.96728849815634,880.1156573392188,15.392860590433775,7.13400800761896,0.02949725456957547,0.06982154743170589,0.00892753,0.038574256,9.84
healthy,5c238c36-c101-4c8c-bcc9-9ead4cb89908.webm,-504.5674,165.24428,24.279032,51.857952,-16.59174,37.603367,5.4765587,16.318048,-11.658588,26.387545,0.67644274,10.059381,-4.2058473,11.924167,-3.6554508,13.464993,-1.7137707,9.15551,-0.64765525,8.247832,0.79301083,7.656877,-2.0744789,7.5155544,1.1238993,7.8023057,0.13266607,0.26453996,890.8112090158138,1420.6745047946479,1601.931583180147,2476.9935447969237,619.0133062272042,921.7097116716753,15.586189722079203,9.071342094362677,0.056481967787114847,0.10316728045626666,0.027376773,0.07161724,8.28
healthy,3b2028a4-f2e5-4462-b618-7d5240be8af7.webm,-517.1238,134.78961,17.053524,38.444057,-3.7935898,21.716679,3.5804296,12.040083,-5.1790347,15.708177,0.96445376,8.699855,-7.52392,17.182634,-1.2331411,6.4166956,-4.696276,12.816906,-3.8472793,8.347755,2.1320767,7.657446,-2.195026,6.8658805,0.037945516,4.570388,0.33065513,0.34350443,2294.0140585400727,1905.3891417735972,4339.862569173177,3305.239511647379,1802.4196449155506,1267.1603044565493,15.876596878048712,10.172914832594332,0.18204639576099538,0.21438204886308435,0.016189532,0.054999214,10.02
healthy,bee5568e-b137-41e1-8042-b47227883f94.webm,-414.64682,141.36502,37.327267,56.440613,-1.090161,17.035929,4.9413424,13.827558,-23.735384,38.000114,-1.0782524,11.516081,-1.9372311,7.6295247,-4.0935116,9.19412,-8.253212,13.911613,-13.720829,20.779392,-3.8071463,10.447395,-5.274853,11.477397,0.6566293,6.39476,0.14564896,0.26945993,772.5755115119082,1087.337288885578,1667.3408840013587,2201.8746559146884,741.6279024020101,914.0899674717491,20.1589027587015,9.386675509455824,0.043438160477053143,0.05765333538855989,0.044963375,0.096665435,9.6
healthy,5b915794-6012-46d2-bf4e-740c5b9d5bea.webm,-479.1304,140.3001,49.929047,70.97252,0.6742566,27.22984,5.5340886,9.218779,-3.361535,12.186808,0.25117207,7.660192,-1.3081609,9.193995,-7.615223,10.354249,-9.718468,12.797452,-2.2206795,6.5744724,-4.171077,6.7120714,-4.2667174,7.819771,1.3114235,10.685426,0.36791041,0.30648035,1688.0751348520373,859.918751848948,3311.7818898168102,1988.8352135677321,1838.504592320576,732.456149614169,21.171207173711654,10.27483064930825,0.13742591594827586,0.13664693733210334,0.032036535,0.074120894,4.02
healthy,17acf0f2-d97a-4881-bb20-766e3ef20991.webm,-393.4142,177.1497,67.84894,67.975105,-22.564587,31.797623,6.4089117,21.240692,-16.26019,26.120956,0.7427453,13.56565,0.35305217,12.408148,-0.62748444,12.951137,-5.4219103,10.899073,-11.928155,12.882352,-6.411322,8.904178,-3.3857594,6.019425,-4.681074,7.352296,0.45111167,0.31040922,2053.776326819242,839.9226777289333,4030.461658778527,1763.6692486894483,1842.2475419693421,640.6159194745766,20.949205039612107,11.374021221293754,0.19981846473029047,0.19710997910835823,0.04321241,0.07382052,5.58
healthy,a25fd880-c122-4fd2-aa8d-e3fcb6d693c8.webm,-523.5024,159.29828,19.084112,47.045513,-7.3072805,28.154707,8.0599165,21.903942,-6.4728217,18.990715,2.809842,12.9526615,-6.228835,16.717237,-1.5939854,7.5751176,-2.6603715,7.033329,-1.543619,5.3644114,-1.3870103,5.7875977,-3.6428547,9.38448,-0.13379507,4.4059534,0.56018686,0.37165833,2780.969591475801,1748.5585485770596,4954.907400122186,2828.0636711632105,1928.5638974537887,987.0916673942751,11.832585073679004,10.692404118286381,0.14739961307760663,0.1397152851543177,0.022203354,0.06419339,9.78
healthy,97b9408a-f911-458e-ab65-396f03fa2c6c.webm,-626.7917,161.3105,18.161575,36.68234,-9.848527,29.425695,7.99457,18.590425,-6.8823814,19.811403,4.560307,11.351601,-6.4068756,17.701664,-0.34222278,6.9584656,-3.6392603,10.647314,-1.5482966,4.519645,-0.66055554,3.8678668,-2.4628158,5.616896,0.08089935,3.2491837,0.5612855,0.3711992,2774.762917306736,1791.464158065649,4955.724200080423,2796.387676401349,1937.0191832617104,1017.9274590000747,13.063602950591793,11.72446832572918,0.1560956169577206,0.13612334425509995,0.005958487,0.017394893,6.3
healthy,7b47a2a1-246a-42db-830c-c015034d1624.webm,-474.493,157.67546,54.198757,61.415096,-0.7326136,43.84786,20.748001,32.182945,-1.18024,26.737867,1.3723179,12.520506,-7.633126,20.280067,-9.753791,14.161105,-8.833078,11.586807,-3.0607328,9.323792,-3.7195487,12.243011,-9.445844,11.083061,-2.7031665,10.389613,0.4214015,0.34549698,1843.8378845053169,1388.0173419537873,3502.9036611880897,2454.083316758881,1651.944496017416,894.9929037767301,17.690016613647263,11.254446497224697,0.10221776422464622,0.08501647911707957,0.02482425,0.048905496,9.84
healthy,3987cfec-1d63-4362-9d51-0f98b1fa67fd.webm,-381.5706,169.17696,48.90731,53.20184,-1.2780694,33.56053,12.010273,20.599531,5.2475815,12.296134,4.6301417,11.978215,-2.8072388,10.922136,1.4684504,12.823783,-7.6289477,12.091152,-4.8978443,12.619343,-3.506335,7.9782953,-3.9677694,7.8686113,-1.4201107,8.962694,0.39996892,0.31737036,2240.3616088489657,1037.8927861566763,4281.769524420892,1981.2145219635618,2170.486816126838,597.3094092765763,20.295819752810186,11.034296087328434,0.16769786203379952,0.10383461969812656,0.04355351,0.08360219,9.96
healthy,afcd8d2f-54be-4743-bcee-03f9f2a33c36.webm,-409.74954,187.98409,31.555624,51.38674,-17.441961,31.92749,11.03464,21.119629,-19.110632,27.035425,9.239438,17.7752,-11.374449,20.801098,0.994051,13.444918,-10.403883,17.88109,-5.7765684,11.117839,-2.9851375,11.084443,-6.380584,9.9601,0.23665018,7.3279247,0.2707043,0.32275113,1929.3544463846372,1815.6452876535159,3366.1958378073164,2925.910601986001,1290.259291773408,1035.5749718953007,17.75631576695053,13.261975479668044,0.13251166321090047,0.1421611817565673,0.04688592,0.09432852,9.78
healthy,ba4236d5-99d7-4e85-9ba7-64007eb60b15.webm,-575.7163,135.67975,20.021927,41.882763,-12.245481,27.587124,5.533417,23.501934,-1.8879535,15.044949,-0.73380065,9.550704,-7.600787,16.163519,-3.4573503,7.6078134,2.4903512,7.4742165,-2.7928512,6.7877617,-5.2703238,9.455424,-2.4428983,6.5268726,1.1979746,5.102132,0.13738899,0.2646844,907.0218877336995,1306.4609464794366,1542.769820601852,2242.8804878967185,674.363164303561,937.3793951459509,12.044246162564548,9.068502332448155,0.07218926826131687,0.12247775550487011,0.010634137,0.036647007,5.64
healthy,c1d5cce6-2eb1-4624-8c49-0a70387dd09c.webm,-508.67645,161.40758,28.8192,46.091835,-12.279712,28.957388,10.832539,19.315157,-9.163678,19.900663,8.576882,16.450386,-8.686413,14.572056,-8.627666,15.066277,-5.2338247,10.200833,-7.5719604,11.929238,-4.388502,8.7086935,-7.071019,11.319912,-3.5029955,6.607908,0.21195166,0.31269586,1241.565664631869,1476.5182129461,2431.3781198147126,2719.5298335315,994.1086537229725,1074.1290765812041,15.00262246835068,10.805229209512772,0.08224298257743363,0.13268953941662978,0.014821629,0.036863834,7.86
healthy,4f51ecc6-15d8-4545-8d0f-2cd22b36ac02.webm,-355.56766,186.81432,65.59173,45.34276,-28.923838,41.049747,28.777952,28.085491,-25.077534,26.490309,20.106972,21.60824,-12.797039,18.989874,1.0704428,17.709496,-1.7177163,17.207577,-5.264885,13.7736,4.728774,13.249919,-10.322746,12.576777,4.3274517,12.308358,0.48322886,0.29378414,2722.983754309105,927.112381772,5068.283571896854,1353.6904200530462,2050.654655239701,402.09866270223324,21.711611821135527,14.808348186226535,0.20802374708624707,0.09681054635440323,0.03895287,0.061770715,9.96
healthy,ff3a45af-6cac-426e-aae9-be02793675e6.webm,-374.21948,178.49481,55.16111,68.3302,-19.697868,35.231926,-1.7256761,15.672651,-10.97434,18.845285,4.8089004,11.465404,-4.082255,17.044611,-4.018923,11.514042,-19.819717,21.08335,-0.551546,9.799371,-0.49073052,7.7876425,-9.580891,13.523399,0.76227355,7.5071473,0.45826623,0.30906156,2636.6229679478924,1069.801053562431,4889.205011917373,2112.9158094433105,2145.4718350349635,704.3604304070926,20.454815550481765,12.233285469008775,0.1880031779661017,0.0890484130926927,0.054190256,0.08307047,6.84
healthy,85de4a3b-f588-496c-9cc6-df20494ba43f.webm,-340.59427,197.22981,28.482817,29.037268,-27.382626,31.984184,-11.108965,18.692266,-23.718018,22.54671,-16.735546,18.482021,-3.6334736,13.719726,-6.55732,14.410672,5.160372,12.705134,4.6720386,13.148216,-0.1482768,9.775006,-0.25114086,10.775804,-6.491483,10.664498,0.35428825,0.31032297,3175.2518661295835,940.32156787179,5960.429175491528,2023.5359816699165,2559.678763465302,572.5840152594125,21.884614522535497,11.212020617977084,0.21034806585677748,0.08307527257897948,0.051727545,0.086268924,9.06
healthy,4f4588e4-7105-4730-b541-3ce45c6e6237.webm,-437.11053,155.981,20.666344,37.329597,-14.146986,33.265717,10.951855,21.368395,-11.175169,24.478878,1.3919574,12.150543,-6.7914324,14.933483,-3.7525928,12.094159,-2.8773808,12.260822,-4.8044186,9.903587,-5.661313,10.253117,-6.2887096,12.395313,0.02708071,8.182624,0.19685401,0.30073202,1298.52572618219,1501.574143868073,2305.5502473021584,2623.940051724584,933.5060195122239,1027.0443102562008,17.631883963256755,9.961163752109258,0.0754283292116307,0.0987806342232109,0.032341264,0.0869745,9.66
healthy,754f4e01-2ca8-4e6c-adb3-6cf6ae2bfc44.webm,-440.19186,177.91441,41.518837,62.267582,-13.766974,30.234358,2.2464702,11.630928,-14.950615,24.770641,3.024749,13.772482,-7.8417907,15.030876,2.0108297,9.569532,-11.183342,17.731447,-7.3752913,13.870995,-0.45968592,9.065232,-5.237364,10.287877,-0.23492627,7.823958,0.2239324,0.3216152,1077.8642461988702,1302.4602866175485,2108.570030176244,2529.092381494961,988.2831589194399,1066.600917363293,16.283412131583066,11.231384796905513,0.056688064647511846,0.07900138804470988,0.041523907,0.081491165,9.78
healthy,a0adac9e-d2d6-4c75-afef-a3d201a68fea.webm,-392.2581,147.40417,45.45312,59.043945,-17.750355,34.437325,4.227862,20.838846,3.3631608,15.789433,5.788992,13.663991,-6.352171,12.811176,-7.3104963,11.650243,-9.619859,13.441008,-2.7604108,8.753131,0.88371605,7.8443227,-6.1505566,8.078102,-8.77577,11.0832205,0.4406597,0.29840526,1912.33354689272,797.0010183906872,3205.259950010927,1420.0990212272293,1620.2227405852311,549.0852041250367,19.98018538204269,11.145582420027017,0.13516968057983683,0.05464863158614182,0.036930975,0.070823245,9.96
healthy,082bd6f2-b8ac-4df8-89b3-892eb2c44f44.webm,-405.5724,216.47536,52.850525,70.44927,-26.707493,41.419575,4.5343075,19.777287,-10.456117,20.75919,1.9839472,10.810999,-22.379421,28.209156,-6.4385443,12.542501,-10.034346,15.703278,2.1452618,4.9354377,1.2595524,5.9229035,-6.9653163,9.415365,-0.43428534,5.7332926,0.4488291,0.33650038,2555.3142545956493,1371.3826249168324,4562.977372839096,2596.584499029483,1905.396680659535,884.6270101524648,19.262741836894353,12.293899650091358,0.266845703125,0.23413940655123286,0.076718986,0.12348647,2.16
healthy,477b1db6-e0a5-43dc-bfbc-b74ac50548b8.webm,-565.90125,113.156944,11.0425415,31.20222,-6.2249975,21.593765,0.45154265,9.745349,-4.048952,14.633456,1.548784,7.966712,-3.5006495,11.396051,-2.2294242,7.3074694,-1.9958613,6.5003653,0.18194792,5.5224657,0.23741972,4.2093415,-0.6304013,4.4625554,0.1763768,3.597219,0.5805999,0.25800967,3106.927090410292,548.2612340958634,6464.688991646778,1204.103568097752,2735.5646164118475,421.49490183146935,17.268104329102535,10.40844059729721,0.43490360232696895,0.19123330301179492,0.00752158,0.040747818,9.72
healthy,c8aa7738-000b-4783-84fa-5ebb6af0e3d8.webm,-545.9683,122.18241,47.63309,53.462856,-5.1474414,34.211514,11.815648,23.249855,-4.0238686,19.146606,0.8324941,16.166145,-4.9782276,13.560671,-7.003216,11.551852,-6.235218,13.715447,-7.722334,12.0513315,-4.5591836,13.34731,-4.7359424,11.541918,-5.9937263,11.105621,0.34769917,0.34141007,1764.4719072723824,1149.8671499188872,3369.863680866368,2178.5298114138345,1666.8015330605774,812.1703091908798,20.333638466966807,12.040449336227068,0.09594789002557545,0.06976216483546546,0.008471267,0.021882731,9.06
healthy,bb746422-878a-4a16-9b44-b152ccc9ebca.webm,-415.3107,200.36049,39.4967,57.046776,-10.868072,26.532715,10.463476,19.125858,-23.785192,35.248783,8.694278,18.730999,-12.966765,19.043299,-3.7349865,12.75931,-10.660586,15.282449,-6.68715,10.784983,-5.3900714,9.734273,-0.6657982,8.238266,2.62457,8.823995,0.24151242,0.31958795,1578.6446886399995,1723.9526879060713,2901.624634367595,2989.2196994601723,1177.7040913644182,1131.241648822393,15.536315828062378,12.861637541743358,0.08937976710604266,0.11586385393091034,0.049343158,0.08892797,9.78
healthy,dbc00524-4854-463e-9329-7e46427a0d77.webm,-436.25937,193.052,57.83646,58.17386,-30.38433,42.08293,6.174359,16.122276,-24.77981,31.879887,-9.312961,17.97122,-18.508656,21.689766,-5.422908,11.670777,-14.053894,16.590199,6.0948625,13.175927,-9.038949,12.070648,-5.4839416,10.228843,6.2538233,12.738472,0.44906136,0.3281892,2356.7995954854396,870.6731042694889,4589.144147028688,1984.2333903410447,2054.3963205024556,649.8421203135498,20.875759262511057,13.99399277788919,0.2929961943793911,0.2501394238755631,0.032708466,0.05180191,9.9
healthy,48ffc657-8c93-4912-a6a5-81dee99b6c55.webm,-395.80856,184.93259,72.766396,71.810905,-38.454693,60.9044,-9.549612,21.487305,3.720265,12.668227,6.2482233,13.29756,-4.4236636,13.820885,7.594183,15.427891,-10.993105,16.177916,-1.0044763,8.675747,1.7392446,8.85582,-14.240169,17.358376,-6.6772966,9.775244,0.4160303,0.3095891,1589.0933375324664,590.1811657235384,2914.7818497785433,1374.4483354967294,1488.9169140389313,665.497052319383,19.845560349924376,11.781391399982647,0.10738150529035433,0.06428619637831173,0.068382606,0.105102204,5.88
healthy,4c4a9757-651e-4cd2-8d71-f9b75ab4bf31.webm,-561.8075,153.38948,33.77465,55.45783,-4.265114,24.344011,9.693115,21.975676,-6.4667215,20.254522,6.9926205,16.430153,-3.950566,15.460595,-1.4669496,6.6840706,-2.2470224,6.2072277,-5.211297,10.174146,0.9761177,8.901611,-2.300711,8.124801,-1.6507103,5.044971,0.60808855,0.24689108,2841.807957965773,811.6225906877185,5390.766302144752,1357.679643316068,2275.104503700752,403.1900828526224,18.413641233597247,12.268045417268901,0.1953217128537736,0.07097910278146587,0.011103913,0.033025876,9.84
healthy,e86faafc-0038-45b8-94ef-d51abccb3810.webm,-329.99823,187.24753,70.6647,65.76919,-37.2262,41.27655,11.587596,18.777155,-18.40143,22.29415,-3.2114348,13.96348,-18.594076,19.507027,-6.3445654,10.770102,-19.203304,19.441677,-1.2358818,8.482705,4.052942,10.062481,-12.739468,12.481201,-1.2076925,8.307278,0.48884735,0.28884602,2313.6398825462943,719.5239496965739,4334.180458470395,1419.213619547297,1845.266665372395,466.31374849402107,21.015015067291746,14.150189539093525,0.16961520010964912,0.0675745657627804,0.060591392,0.08765404,6.6
healthy,e02b509a-d93a-400f-9755-479ce02a53db.webm,-512.8852,148.0941,21.440237,49.40984,-7.863101,31.6541,5.3868203,16.119642,-5.0528502,17.61347,3.6985068,11.313266,-2.4776733,8.546461,-2.885863,8.0165615,-4.030154,11.306509,-1.8291875,6.4615607,-1.3074518,5.904471,-1.8191257,6.8962016,-0.9246714,4.4891896,0.2036057,0.30876416,962.5771558823992,1249.7505040855315,1941.9749709795105,2508.228023453142,896.8423135250418,1104.2406663259144,14.841264239709583,8.993541027386286,0.04792526533018868,0.06632186803684695,0.020757858,0.060572162,9.84
healthy,12278bc5-38bb-4d17-9a6e-217225ee310e.webm,-443.50748,164.52496,34.505493,59.896915,-17.205774,36.878307,2.143237,13.144533,-5.88964,13.026695,-1.3439946,14.688166,-7.6006804,14.366516,-2.6491477,9.056264,-6.1706147,10.675354,-3.1239114,6.6828113,-2.2775059,5.009151,-5.9698796,11.839998,0.4079465,5.4406047,0.6327145,0.33986303,2520.4326648885353,1358.4383163581313,4648.625417369035,2377.1554813850844,1965.2784216183613,818.1704325597568,14.063455615907248,11.29446485228824,0.15924046939834025,0.1492488942781014,0.040282004,0.104308665,5.58
healthy,7118790b-9804-4871-90f5-b29821eed3d5.webm,-326.02133,220.50581,24.025038,30.546658,-31.677511,26.741364,-3.2280343,13.642874,-4.933285,11.890733,-13.118716,16.203205,-13.014589,11.64919,-24.009716,18.707563,-6.197541,9.894699,8.566624,9.613096,-5.622294,8.886855,-4.7923827,9.01857,-0.71017534,6.9036345,0.47140056,0.29849604,3239.243022126682,814.0917221279894,6052.411187445367,1753.0487836989346,2544.9497165566268,465.0188015074709,20.59090216728585,11.610796727487047,0.2679821805798368,0.11686951797564454,0.07173905,0.10634393,9.96
healthy,d5fe6984-fb17-41a3-b0de-e39a738d7756.webm,-502.6259,146.07996,33.19579,56.4077,-17.625803,31.025764,-1.3736216,17.963985,-8.553901,19.186172,-1.7616655,10.757344,-5.1881356,12.231752,-3.965035,9.778555,-7.810964,15.696171,-4.509053,9.635615,2.625089,10.470971,-1.7533838,10.677513,0.2850996,9.556233,0.18419403,0.30057666,1111.772797979401,1357.8594191019363,2008.199727760171,2401.230874244386,895.3178640718013,986.961105834515,16.36838894034506,10.345394404817021,0.06398557267099056,0.07504089561493475,0.021405494,0.054332677,9.84
healthy,2bb1b207-483f-48cb-9b02-0b5352c2fc37.webm,-466.12225,178.45387,59.814842,82.74371,-10.958883,39.300137,10.800812,22.88909,-10.519498,22.643139,6.877698,19.05482,-5.145396,13.148232,-9.096175,14.671781,-6.841885,11.733265,-7.970084,11.060302,0.07515813,8.607598,-5.1588616,10.100568,-4.619482,9.190397,0.34228936,0.34205422,1454.9235452082312,1492.7349775710024,2558.379767922794,2595.015629324257,1112.0486929935312,970.5167107112883,15.438080524256243,11.297233971692265,0.10705258665966387,0.1309418795212593,0.043410957,0.08909369,5.52
healthy,c0cd479c-63b1-47cc-921e-f1aec1da2293.webm,-490.5881,186.50673,36.93972,53.17029,-18.118383,34.65158,12.768561,23.434921,-12.582932,25.580576,8.577106,14.907875,-9.364521,17.359118,4.4348307,10.833256,-11.219763,17.589825,-2.5034328,11.548115,-0.657456,9.49958,-4.8999586,8.330385,1.4086646,9.134273,0.2819123,0.3248288,1755.8732844784747,1703.7267580033651,3151.5885149846313,3007.222902988678,1249.7771722570922,1089.3363573131728,16.280136343235824,13.6048240103987,0.1246580887734192,0.13939144100161982,0.01832468,0.037773628,9.9
healthy,77b10e13-74b7-435c-ab67-854ad713af63.webm,-337.2604,209.958,72.09377,48.95292,-13.856778,32.886326,9.463491,19.588936,-18.601946,32.37847,24.350418,21.666275,-25.512676,30.672834,4.3603396,9.812997,-11.162023,14.447628,5.821856,8.982859,2.5066886,6.8075147,-6.770913,7.8031135,2.8329124,7.145798,0.44937125,0.32122925,2417.1656231133234,663.5139589659602,5360.95500442217,1183.2136219910626,2287.5734716671814,359.6635322175315,20.732522132607446,15.615956776958424,0.1306705114976415,0.0847453418436781,0.07521767,0.11276627,2.46
healthy,559d3196-444c-478f-9a69-1ffb1c05e643.webm,-374.25168,194.4086,73.49385,61.030647,-21.891836,33.10831,33.012238,34.208332,-18.532394,23.188356,-0.6009146,16.224686,-8.702001,15.650537,1.0481421,9.964142,-5.303765,9.689956,0.10524787,7.5507526,2.802401,7.134796,-8.136811,11.622024,3.1352448,8.242127,0.57440823,0.27251023,2267.0558096073178,642.4875765189012,4372.570373961976,1125.7577793079593,1913.9567727532105,398.78997136405945,19.694657731782335,14.056460668031121,0.16225164809149184,0.06565464681842091,0.047765397,0.08242563,9.96
healthy,8f16822b-8f05-4eaa-b8c0-ef25b9f2b03e.webm,-514.46124,138.67094,17.718544,43.346848,-11.041352,25.390476,1.9618062,12.665758,-9.772576,22.485123,0.030266406,9.474267,-6.257694,15.204127,-1.4732975,6.4407654,-3.4928625,8.830401,-3.104798,8.063905,-2.5242174,7.6284094,-2.1130478,6.2334557,0.86923397,3.963979,0.17370069,0.3007363,904.0037557059923,1420.9990397002282,1698.475044869088,2543.4950372509347,688.4458102639194,992.1715413419871,16.123946078726057,9.141674167092994,0.06064849028716216,0.10415155276413349,0.017485088,0.05571843,8.58
healthy,c50ec21e-0fdf-4e50-b654-1c7d4bcf1039.webm,-581.67786,158.98863,44.095524,64.55687,-3.729884,24.604523,10.933978,18.672379,-2.9433365,18.431597,5.4140625,11.65701,-3.951564,14.980009,-1.0606542,7.518929,-9.70603,16.131039,-1.5087203,6.2434993,-2.071552,5.3988953,-2.9020605,5.95356,-4.133485,8.866356,0.23419476,0.3223916,1024.784919478697,1409.9231539569369,2008.6412159670065,2688.5340673436317,953.9663044482733,1078.7868039685484,14.308767643484204,11.448218586497239,0.04720610917381974,0.07752677108096215,0.009953128,0.025280958,5.4
healthy,e418ece1-b18d-40bf-baa0-968fa1e9fee7.webm,-430.34097,162.24883,38.41927,47.635307,5.199569,31.153296,38.90587,39.924862,17.923483,22.88176,12.947494,23.117252,-3.971715,20.403185,-3.8276274,16.325325,-11.493443,25.364319,-2.1379738,14.592021,-0.11453524,11.651202,-11.463849,20.621265,4.721661,9.136395,0.45322374,0.30845687,2741.920344171847,1074.350197826726,5446.394572224651,1848.5722677820477,2412.2844263417246,661.5291730454894,22.090191028704208,12.371952205745796,0.15486027644230768,0.10375390205689906,0.02725888,0.04405662,9.96
healthy,9212428b-382f-452c-9ecb-8673bc6b4cdb.webm,-505.44168,142.20308,36.94907,59.63555,-13.066757,34.881405,-1.2167823,20.529976,-6.3832917,22.580057,-2.784065,14.943651,-4.327341,9.662334,-3.0401745,12.571968,-2.4809587,8.842984,-2.3795633,7.6357393,-5.742443,10.494511,-7.2280607,11.663761,-5.129722,8.233939,0.5947909,0.31271037,2491.9337257473817,1019.9858631472215,4641.8822801500455,2028.6905205476944,2044.8841004688193,715.1438570984568,17.051579262761578,10.38349403260444,0.40447138707129965,0.20908283427726643,0.018487293,0.05039121,6.42
healthy,7a7c2f1a-2924-47e1-bc90-ac8c4029c6e1.webm,-555.5049,136.40985,18.514172,42.126446,-6.2450976,23.261513,6.6472015,16.570107,-0.52449405,16.060669,6.4930453,15.12724,-4.3192596,11.152604,-0.79060984,6.0778832,-4.779682,11.601298,-2.5441487,7.509221,-3.3230317,7.6478853,-0.92776716,4.9817753,0.9383059,5.3318324,0.17842637,0.3126217,824.5605656791322,1431.3036673029892,1551.5000640368853,2521.188761244146,702.0293878744691,1044.6919532448205,14.040263645144966,9.46698577679231,0.04164798924180328,0.07896873545046307,0.008963584,0.026597643,9.9
healthy,cee0bf7f-38d8-4dd0-8418-57e0b0e56049.webm,-445.63458,168.99402,38.142685,43.043034,-1.147226,33.42877,11.806795,21.15571,-19.818981,25.746824,4.7602954,20.913082,-21.838228,18.667065,-14.085799,16.450836,-14.515186,12.480049,-9.813829,11.731447,-3.140948,11.032097,-9.267238,11.873219,1.0360421,8.758022,0.33647862,0.32264563,2679.908768782288,1132.8986480798412,4932.923955502717,1643.006705445675,2083.4075706054846,427.7686159023865,22.379140258647052,13.387407229417164,0.18470004906400966,0.11855256717362758,0.035850644,0.092586786,9.6
healthy,cb6156a2-e9e0-4543-8cd8-8ab2d6a97bab.webm,-318.76566,201.87614,63.399014,64.24286,-35.315315,47.90517,1.9378514,22.902805,-17.97996,25.49883,6.974869,15.510504,-18.916864,16.191908,-7.6635466,14.6009,-11.460095,11.288109,-9.562946,11.097256,-0.2670177,8.851657,-5.1925125,8.536863,-0.4574063,8.634016,0.44502634,0.3086072,2378.749377435211,1101.44191353332,4128.046154585041,1582.8870270105933,1733.1977252658899,494.1138049685462,21.03772053958577,14.183856323648333,0.1915617681498829,0.13115574054364748,0.10479638,0.17153236,9.9
healthy,4619f7e8-fae5-4477-971c-0568ede350a2.webm,-375.51718,172.16212,74.77671,57.94413,1.4922085,17.41688,1.6989013,15.124688,-0.8565105,18.60592,5.3351927,9.910075,-0.7109445,11.416451,-3.103721,9.473482,-4.5085545,14.287589,-5.930082,9.425709,-6.540626,9.273014,-12.168321,10.235619,-6.29137,8.93237,0.43783754,0.2949602,1696.3966614753624,468.04559176599463,3341.754439584632,1185.1714577087355,1800.777732128209,470.16802665852526,20.477400783075925,10.453116090151784,0.09586385598503741,0.03239205788114906,0.04895635,0.07167607,9.3
healthy,ee37e9a0-880d-4441-bbd9-e0c313a48913.webm,-396.38037,168.5042,94.0112,76.13687,-25.524044,58.891075,31.991964,30.818285,32.11803,34.0612,-12.5315,23.10794,-5.694315,17.975494,0.011358061,14.726045,-12.4391575,15.988271,-5.106549,12.135272,-6.1533527,9.974942,-6.4870358,10.669635,3.4099967,11.081144,0.41835743,0.31847525,1593.043077993233,875.3092758801674,2961.89208984375,1545.0970700877958,1396.4801817962336,648.7333963534072,20.4561011470289,9.921200273260858,0.15771019345238096,0.1277798672034858,0.068215676,0.098459855,4.86
healthy,9dba5970-9b51-443c-881b-f6a127b6229a.webm,-399.4207,195.89398,27.226805,44.923447,-33.90135,40.67926,21.131346,27.87422,-37.180126,40.775646,12.013517,18.359993,-9.667499,20.93698,-3.957735,16.538845,-16.968235,21.554455,-2.0281339,12.285083,1.7227577,9.453568,-13.330194,16.71547,2.9730375,10.308278,0.4381901,0.3297091,3301.884079787915,791.9132527020297,5788.3941650390625,1116.8685760451447,2158.1955915963176,545.2865436810475,21.79315009400485,14.949290585635733,0.3039573813384434,0.13080694058660688,0.048360124,0.075035594,9.84
healthy,85b43ea2-0a12-41cf-9a65-fa1aa4e4ca68.webm,-458.09155,170.96527,64.157455,62.535213,-6.739407,40.71239,6.37001,19.892681,-5.5948753,26.822905,11.807317,14.565967,-2.5288754,18.648312,3.0007195,7.3663554,-3.8533769,13.993272,2.2003438,7.4608674,5.2497506,8.583071,0.3866775,5.5279446,0.90508336,6.0280685,0.51312935,0.29472196,1855.0331613806172,841.5346219101981,3781.23046875,1751.1650096752737,1905.4524624165817,646.4065013154486,19.70148791115899,12.547819979781476,0.13834794207317072,0.12980863030149029,0.029899072,0.07296315,4.74
healthy,5fedcb53-80c0-4622-883a-f6a8d6221008.webm,-394.55417,131.31366,64.01381,38.564182,-11.092978,34.517654,7.2911296,16.743746,-11.534222,17.624382,1.3504815,10.139348,-6.7305384,12.804079,-2.274105,8.346376,-1.1092966,7.2591023,-6.681852,7.3966203,-4.2613626,10.993142,-9.2365675,10.326706,-4.171474,9.139014,0.4734464,0.29621032,2230.017921850259,570.36876564442,4455.390385981206,1060.0478594911199,1879.968839006188,277.98122493660316,20.280005592648976,13.938225901687602,0.15333169434731936,0.04768315025470297,0.031834826,0.09457032,9.96
healthy,1be0706d-fe6b-458f-9f56-a35eee978430.webm,-566.80554,146.639,26.627317,39.029022,-3.0522285,21.690636,8.836745,20.087711,-4.688487,19.75424,10.406659,16.990446,-7.427168,17.694427,1.2173383,7.6551175,-1.7970253,10.594209,0.11205778,6.558243,-1.4143456,6.521257,-0.8844407,4.5766854,1.6941222,6.632267,0.5136794,0.27960873,2806.3188605390496,714.7100395816558,5826.89989433914,981.4829154941889,2531.2401313091755,346.3124722392561,19.153668908983878,12.62647625299921,0.2090026712529274,0.07949354214893986,0.009325086,0.034838255,9.9
healthy,9fe79324-64de-4c8a-b895-ad1edc1e2ac5.webm,-499.77966,145.36006,34.716442,59.49471,2.4458559,23.986364,6.049196,15.885548,-8.06624,19.612028,9.252155,18.14205,-8.96272,18.079685,4.772333,10.859925,-6.291959,11.960982,-9.723459,16.82343,-0.7970022,7.628774,-2.443605,6.203081,3.3561094,7.1695404,0.33304036,0.3572648,1684.5547887844066,1697.5985071711996,3310.72998046875,2982.603143920964,1454.615484191777,1163.3747516867743,15.116954341118298,12.145526496147665,0.08200828627784654,0.09626171993042723,0.019287637,0.04496391,9.36
healthy,67b3b18e-2cf1-44c3-93b7-bf1da3b08a11.webm,-437.32355,135.40086,53.57089,47.858868,8.903462,26.968105,23.62408,22.878914,3.3297431,23.724874,6.3806877,11.8789,-5.8344316,14.115845,-7.997964,14.860342,-6.969873,12.204629,0.85372025,8.69274,-3.5805984,10.267031,-12.118475,10.837598,-6.007709,8.184065,0.34165433,0.32139194,1809.2617918268747,724.9960968662567,3804.2412429559427,1428.2073587696366,1873.5026219648355,394.70633763216796,22.686967663138613,12.441056279374,0.09634235033665105,0.0642598026488699,0.032977298,0.08144283,9.9
healthy,5b032d4d-c031-4de1-9416-ba361565220b.webm,-287.79288,171.934,97.011475,71.39767,-36.328423,43.783966,-2.226729,20.974092,-20.462751,28.670616,-9.4128895,25.290016,-23.939846,22.125784,-10.239347,15.078216,-12.639459,17.865255,-5.1544476,11.766329,-4.337954,10.932273,-6.610005,12.511363,5.793824,12.784767,0.32104656,0.33377114,1657.2263036589961,724.2005998762195,2950.83471145073,1544.606942846483,1423.1399379936095,577.6361205322322,23.138272707875505,13.19718501166309,0.10315565123175183,0.047877568613960524,0.1531687,0.15238187,6.36
healthy,4fed34a8-aa75-4f82-bc3e-231591d65dba.webm,-357.29456,144.04349,103.971504,43.91437,-3.1188135,18.86384,12.770108,19.307028,-11.897546,26.443405,17.31685,22.80675,-13.649419,13.26103,-2.3457181,8.461159,-10.762001,12.186314,-12.57665,10.142951,-3.288327,9.043334,-0.129373,8.839318,-2.1731274,8.506444,0.50377536,0.29418796,1669.7612834836061,454.1056952829809,3490.509796142578,1154.4341984541647,1786.0866988292626,316.97712709329005,20.65757730551671,14.339012001344113,0.09107208251953125,0.03205854666107108,0.046310008,0.0712069,4.44
healthy,69a5ecee-4637-4262-bcb9-d66ac0afbbc6.webm,-424.8584,213.2886,69.56863,63.115833,-29.956604,54.879646,9.633876,30.197144,-14.7940855,26.254246,11.394765,17.778692,-9.416863,10.855522,-15.8047285,17.2708,-15.201813,14.952889,-3.271518,11.564203,-0.7846764,9.698389,-6.817865,12.578158,0.4961945,6.9761033,0.43757534,0.31649745,2131.9644101918857,1112.6303486916877,3824.498748779297,1947.4626624052603,1734.38279010448,634.1885769488152,20.628589721192146,13.659877818274216,0.13274129231770834,0.06302241616980506,0.04433504,0.07467613,2.22
healthy,14f7bd25-053d-46e7-92f1-fa076c058416.webm,-461.8144,197.3128,39.62902,56.876095,-25.382282,39.759342,-2.1296751,25.043976,-23.519348,37.277744,12.043957,17.39081,-3.6346834,14.881544,-11.0107155,20.435814,-8.113289,12.773354,1.8099616,6.050038,0.99770015,4.0516505,-6.8803205,11.151006,1.3043944,5.5460196,0.27814445,0.33024165,1165.287611588512,1267.3759837140638,2293.117904663086,2460.1835439118195,1005.7884941111788,1031.6209578350706,16.575441819946988,11.311347997323796,0.061031341552734375,0.07488529891933464,0.036877826,0.08412823,5.94
healthy,dff03188-e6f8-4423-90a7-050cb60a9d24.webm,-531.57996,212.79655,13.738399,29.76275,-3.9337986,20.964005,14.096743,20.901384,1.9167391,13.574962,-2.1719875,12.099979,-2.3777065,11.973112,-19.193857,23.78721,-7.946365,12.413993,-1.8082436,12.955549,-4.7214823,8.879819,-10.841477,13.436583,-0.7135045,8.063307,0.51483274,0.32455447,3995.736009918145,1112.933375790174,7293.360439373297,2073.8410188718535,2752.8599001804973,471.3332842183965,19.69004048664136,10.835674078406084,0.4229526779632153,0.21993789900873223,0.01613633,0.029882364,8.52
healthy,0b02e75b-91b9-4afc-bc5d-243b90c406d0.webm,-438.1239,130.92784,29.680557,41.72192,0.04328289,27.184906,17.688326,19.228024,-4.550911,20.4888,6.6451855,9.062366,-3.2877026,12.097724,-7.8399,12.184932,-4.2423143,8.829451,-5.343424,7.5170546,-3.7504387,8.44122,-4.0262446,5.5442834,-3.014965,5.372573,0.44470406,0.2888716,2034.989974251484,796.4945166831961,4159.396682419143,831.5759796162782,1971.0935627890767,289.5770904823625,20.01703955139002,11.596919684563945,0.11237753132284382,0.08946379637435195,0.021913242,0.062197592,9.96
healthy,d283ba4a-b0d0-44d6-b1ef-af7baefae5d7.webm,-430.7385,149.92168,30.068193,57.069115,-14.5636215,31.012009,14.446559,27.398594,-9.234246,15.336887,5.636582,17.774382,-5.179645,18.955528,-3.828464,10.599441,-11.232242,17.133572,-7.0127683,13.366444,-0.16283922,9.938067,-4.8465977,9.178032,-3.5797794,8.685043,0.42816845,0.3134286,3315.1590006169217,1228.9519477599263,5488.657344576095,1663.4118370315562,1962.3866476206067,580.1232833827869,21.922302966061306,13.927823003739382,0.2831573947318731,0.13377618401451066,0.033840656,0.07259492,7.68
healthy,fba3d26f-e7b9-458a-9a01-0bfa196fbc43.webm,-355.6402,145.9315,86.19371,50.78675,-8.593716,39.01048,17.891878,21.303896,-5.9065366,25.613976,15.2468195,23.859753,-24.967258,18.820456,-12.98469,16.689917,-10.897446,13.201048,-10.454707,11.761749,-8.281904,11.328723,-17.724617,15.208179,4.6783643,12.463863,0.35792267,0.31356975,1824.1523283428753,972.091759943159,3510.9786123599647,1977.915887217871,1722.3669475258564,536.2094029336673,22.746831965485562,14.373059594588337,0.12477428508254718,0.09434645050009988,0.039678898,0.058427807,9.84
healthy,14366182-126b-4a01-9067-b862c4547985.webm,-448.79214,198.79684,50.683483,60.78859,-21.09338,34.713203,3.6990812,20.869438,-19.400301,30.138647,7.649786,17.130568,-14.213551,22.09999,-3.4355307,9.371848,-12.387526,18.034855,1.2202488,8.135602,-2.0092692,8.97089,-2.8271525,8.739113,2.573966,7.506079,0.29554132,0.3316928,1603.6348019862637,1639.122375794182,2986.1575720445167,2860.4651250652214,1266.874623173532,1078.074147644793,17.663913384167994,13.165406060623756,0.0966232587706368,0.0990422861034795,0.027516661,0.04838103,9.84
healthy,81e81e16-5ece-4c87-8068-15c29ff17625.webm,-890.45447,87.04514,13.45035,24.96738,3.3261943,17.430222,6.212962,27.078688,-3.9806786,13.224736,0.732897,5.4623733,-2.3500152,9.851789,-0.06352193,3.310637,-7.3761454,22.882038,0.39545846,5.6175075,0.77076536,5.024363,-0.9392078,6.593716,0.6555078,3.9257078,0.75865626,0.2290866,3528.9673028008856,547.003258097331,7051.05579665062,705.9910355189486,2796.83111847035,223.92701648415112,16.997481834082834,12.774771172659255,0.5901242248694517,0.22435290396144883,0.00024753224,0.0009843076,8.88
healthy,e43729ff-9cec-4fb7-afc2-1981973262c0.webm,-499.4064,218.93362,8.033946,31.028448,-13.407614,26.236507,6.3278756,11.810425,9.073501,13.299513,-4.4802275,11.265275,-0.3291912,8.247285,-2.9747436,8.869988,-9.794164,14.400409,0.1455459,6.314235,-1.2222365,6.9436812,-2.8636544,7.5964875,-2.3774602,6.0094824,0.5111835,0.27509952,3668.1634680368893,816.9173328908827,7520.333158052885,1445.8162013029003,2980.473526578634,362.61176102827454,19.65319205450641,11.603679366249,0.2503243826486014,0.09126778242426531,0.018271614,0.03952416,9.96
healthy,e026352c-1fbb-480d-94df-1ed2af7160da.webm,-466.01514,169.28447,34.59954,46.615578,-7.6603594,34.625355,17.514341,26.043526,-2.1885538,12.438947,3.7689035,12.728634,-6.4239664,14.193222,-1.6608775,9.567434,-10.266873,17.48442,-2.040234,7.2108126,-0.78282946,5.9126163,-4.136026,8.485297,0.60764086,5.732099,0.55289596,0.27998614,2449.864513746776,783.5436010943893,4955.2338146772545,1620.1353957649276,2279.0262717185174,563.3812006064885,18.347788018057436,11.650522285884346,0.18546568537763466,0.08231848155426846,0.026183462,0.06186046,9.9
healthy,140e720d-9782-4df2-9961-b526332cd17c.webm,-470.82385,177.28221,18.789902,40.259315,-17.359163,34.31228,4.1845293,11.448752,-13.622499,27.566622,4.477613,11.695942,-13.020843,24.15306,1.4179894,7.166715,-7.2585864,14.848376,-5.2033353,11.291532,-0.49743822,7.7412148,-4.368598,8.221947,1.5439335,4.689279,0.16843121,0.2956454,1141.9801119565261,1754.1271896358007,1911.8095901411803,2803.504126752262,698.253236621531,992.0055633971346,14.833986093165562,10.877140940607365,0.08929350412436549,0.14697634866705872,0.030439118,0.077873155,4.56
healthy,1afe9de4-589d-4dac-a711-afbecec53010.webm,-560.25397,164.92055,29.10234,44.555172,-1.7095159,17.671274,10.849016,19.475016,-15.809405,29.550097,10.8542385,20.392874,-2.9588106,11.582578,2.0166671,12.838276,-5.091687,11.3322,3.2307937,10.033675,2.2800333,8.896357,-5.333896,9.212162,1.6340183,6.1553426,0.55820805,0.27381948,3025.305572637738,625.641711619877,5747.37328701332,788.6985184428648,2403.2194313611903,325.5245522438078,18.893893336124847,13.195762731025908,0.23268831418325528,0.07573128494738313,0.010816396,0.0317658,9.9
healthy,05eae3a5-8352-4b3e-b8a3-ff97ec528636.webm,-626.288,106.959015,7.420533,26.91803,-5.288349,24.32883,1.6436096,9.7582445,-1.8285508,11.127516,1.939669,10.1167555,-2.4144254,10.362958,-1.1270175,6.8616643,-1.0963393,4.748158,-0.009352328,3.2033288,0.64941865,2.7511811,-1.500837,5.3113832,-0.31780568,2.7211378,0.16084331,0.30208063,833.4885837863752,1536.647972002479,1452.3231362396816,2596.4139970228407,606.3628065881867,1026.9570195244798,13.886406320108625,6.795102881532454,0.048726783608490566,0.1007701816254227,0.005844957,0.031659096,9.84
healthy,416e2dab-498e-44f5-993d-ad33cf59d482.webm,-508.581,113.745865,66.66214,33.468433,5.3556666,13.327653,5.9393983,10.953526,1.7189889,11.334914,4.957613,11.0791025,-5.3066225,8.480755,-11.68409,10.564534,-5.7071724,14.089792,-8.150207,10.3021965,-10.960298,9.72967,-4.7576504,8.486514,-3.2100582,8.209892,0.4573176,0.30043492,2840.161909478565,847.4648428339384,5851.509915865385,1829.7976031190196,2701.2772388878466,441.0548060761911,19.579566196089026,11.669397733960285,0.1696009069055944,0.07491083658021064,0.0075557027,0.013796755,9.96
healthy,e0bfeada-24fc-4e96-b9cb-e7e8af58a065.webm,-277.16476,189.1229,76.502594,56.79565,22.555178,16.019278,-14.269294,28.161976,-3.1168263,17.33704,14.979004,14.219167,-1.6623986,14.168764,-6.3937297,15.045501,-7.9683533,15.7423725,-5.1802883,12.061933,-4.1328793,12.273895,-5.146661,10.771126,-5.106596,8.680563,0.38586274,0.30240923,2709.283191642444,1402.0415542702708,5535.403951009114,2777.677134661343,2657.2332265209707,751.64106548874,22.22563853034752,11.367090289675353,0.15128467701099538,0.12079332579176918,0.10839915,0.1384943,10.02
healthy,3b9fd6ff-883f-480b-aea1-722e5cf6f9d5.webm,-392.80966,214.63861,47.73832,57.45481,-35.217945,42.349125,17.914457,24.992516,-23.830011,29.134766,4.947379,15.944174,-17.530457,22.491291,-5.1820536,9.145687,-6.836846,10.137587,-8.90066,11.725063,6.553166,10.74846,-6.7107987,11.553111,-2.5441973,9.016765,0.3850718,0.3386401,2012.0231347414328,1296.753590759304,3850.387939453125,2364.2939317326372,1554.2476158057666,938.4339266471127,17.511286485303632,13.182343690053722,0.12384602864583333,0.09704337058858327,0.052122585,0.08117418,6.96
healthy,d9eb75dc-00cf-49bb-bcd6-3144fc37f645.webm,-481.4731,158.11082,83.67854,78.38719,-10.617524,35.703728,11.246283,16.141367,6.341821,18.147774,8.825233,9.716113,-1.5144753,12.454751,3.8988023,9.136781,6.2880297,11.509187,-14.461233,17.295225,-9.726702,13.181908,-4.849913,9.215503,-4.8713136,6.594823,0.4336224,0.3067601,1529.299595601053,691.5316542010039,2941.1143056162587,1329.7682936218139,1634.6588305289922,562.2628883442227,20.665715210540597,9.733196550373657,0.08768006082459208,0.05860920461221794,0.020677393,0.035182238,9.96
healthy,b8dad2e1-5f4e-4223-a493-59abc79c2e54.webm,-713.83453,121.16387,32.989727,50.263863,-7.149664,32.460136,-1.7289695,22.92073,-14.504028,30.15261,-3.3684335,18.800058,-6.90903,16.805965,0.6085559,16.72913,-6.447713,15.592535,-3.0008342,8.8213005,-0.18264109,9.49699,-2.8124268,9.219729,-0.9933654,7.1505384,0.5774843,0.3352842,3098.8493242558666,1211.3238569941645,5793.98060924602,2228.9030412438874,2413.3326732972196,631.9032892832998,18.906736105912383,13.699536537498503,0.3773872807340802,0.25581839934298173,0.0014889807,0.0035330532,9.84
healthy,4bc46833-20f7-4378-91a7-77ba5f85f7ea.webm,-565.9416,158.47838,58.730885,61.995167,-11.086601,39.040348,12.494122,21.478914,-0.294924,21.704866,-0.19656172,10.0695095,-16.225824,19.02205,-7.2568116,13.516323,-3.5844414,8.328434,-9.702723,9.605136,1.0172585,9.565328,-9.030128,9.676378,-6.2873106,7.815723,0.44255415,0.31648403,2069.6026945173226,855.0740824479078,4227.487540409483,1891.0722506078275,2037.7995741184286,636.3455839911503,18.947200829695035,10.891334312406395,0.2470770474137931,0.20666504069317573,0.010207522,0.024416054,3.36
healthy,8d8fefd0-c5da-4edf-99c7-aac27903136f.webm,-466.71667,217.5016,19.610607,35.12592,-28.507288,36.125015,16.388,22.830826,-26.587091,32.688923,8.138828,17.612185,-20.441507,25.991734,-1.4401727,9.012108,-12.147209,18.524828,5.719482,10.639419,-4.5487504,8.680865,-6.38774,9.807689,3.6548562,5.594448,0.59220725,0.26420403,3896.2312423135586,621.9237423379112,6602.415519982726,772.456505520585,2355.538285418889,353.4820851884308,20.159921616509674,15.240679069747756,0.47072766174623115,0.19937714599193646,0.032285657,0.068828404,4.62
healthy,54550c30-26a2-4b3b-8dcd-9c0d18176b1f.webm,-411.75998,162.82816,54.02673,56.810555,-28.32948,36.21278,26.69229,21.346628,-11.905315,20.7098,10.562715,14.997894,-9.423531,12.352161,1.4554478,7.421591,-7.8652167,8.555201,-3.3973713,5.8585677,-0.44731367,6.037854,-7.550032,6.925955,-0.8984572,5.8294306,0.538536,0.25583825,2545.6296381283023,798.370254127695,4716.24803887039,1190.6094748089622,1932.1543736090277,355.67120354413225,20.346974056738194,14.328172364451524,0.19325131275614754,0.0909024240383808,0.022800863,0.058826342,14.16
healthy,18df8766-52b6-40e3-b1a0-1411a452057f.webm,-510.5903,133.40929,7.529884,38.163525,-6.787336,20.608372,4.0185704,9.03853,-2.0617666,11.172196,-2.1493454,7.9769425,-0.80405,5.9414535,0.38588583,5.2682347,-0.7205451,5.4431458,-2.3609436,6.077518,-1.738649,6.361595,-2.121677,7.407887,-1.115666,5.194209,0.59783304,0.24876791,4221.898897968389,884.475271808882,7805.706576643319,1786.8728127102538,2854.737994437224,511.50334840159167,18.453282790855237,9.943007510287025,0.34299111953509853,0.09453066776225626,0.014678362,0.05701628,9.42
healthy,9288d1a7-d97a-4bff-9ef7-c72b8c99c88d.webm,-424.03702,159.75304,82.776764,78.265724,5.561655,31.398527,14.688113,21.280397,0.26555803,18.833254,9.139497,17.02537,-1.5388225,15.439371,-3.565498,14.010622,-7.63148,10.509025,-7.534614,11.944077,-1.4891417,9.191832,-6.635757,10.3964,-3.9802952,8.595525,0.38883886,0.31467947,1616.1568732572807,996.3472962160427,3047.7046778944673,1973.257228257487,1616.563694388862,632.6474069611518,20.458892788198003,11.088593154526816,0.0899718237704918,0.0717433866117134,0.0468121,0.07811805,9.9
healthy,441ee945-ab7c-4b1b-8daa-ae8443044b22.webm,-561.8625,158.28778,27.632225,58.49094,-13.05719,38.11753,1.0956562,13.366967,-4.904168,16.775146,2.2560756,7.6281633,-4.141268,11.255026,-1.7600255,5.3277106,-1.4657893,6.241253,-2.043816,8.03368,0.5478972,5.298021,-0.5258811,4.5948315,-1.1685697,5.15126,0.25090197,0.3371382,1205.1990588949304,1635.4600379628255,2174.166285738032,2913.2096458094293,919.6249178141751,1144.0558449228524,15.546359838748796,8.424320424464643,0.08956770041793313,0.14801326243204124,0.01589354,0.045473192,7.62
healthy,43fe5db6-f8bc-482a-a64a-315039fedb5f.webm,-501.38193,87.89104,10.680747,35.361755,-1.4829057,16.47179,4.4208612,13.804041,-0.58817047,9.613014,1.3039879,5.6950274,0.47498408,4.7993426,-1.6963922,6.4347477,-1.9618901,7.273,-1.1212112,4.330899,-1.5072988,5.1272116,-1.3223631,4.623239,-1.1064118,4.842457,0.12672216,0.26685983,560.1303872172848,1084.5675367349775,1127.2448463161497,2209.970070426439,562.8234689727229,1006.3356173715976,13.977907714870058,6.482370865997272,0.05433940655413625,0.12840790649439027,0.011197776,0.046906132,9.54
healthy,720409ca-6b1e-4237-9fb8-14e8ddfdcb37.webm,-408.05835,168.67476,62.812244,36.48015,-3.050845,39.577736,26.257444,10.142968,14.124557,9.240053,12.058619,7.56015,8.880093,11.612526,1.4975227,8.429232,8.504456,7.142085,4.542197,11.275517,-6.6300883,11.061971,2.3350444,6.2720866,5.530609,8.92926,0.50394773,0.28992426,2371.0464699010995,501.6796658134733,4826.373845880682,1233.0559513324913,2454.3968422266603,535.7816959080765,20.89335427696679,10.910807642666034,0.10420764131701632,0.049346267866565506,0.032332312,0.06478193,9.96
healthy,86d02f15-069b-43bb-a7fc-3e6743445184.webm,-434.7545,150.569,33.588486,49.584324,-7.069097,25.836515,12.243612,22.720083,-11.674323,23.49658,1.8442705,16.760363,-9.90333,17.615662,4.049257,12.940517,-4.3458533,13.916672,-3.6537795,12.71748,0.22813077,11.356508,-3.9018977,10.447174,0.8471931,7.647412,0.46363726,0.3178896,2864.8836294492953,1132.073675287075,5388.445660784528,1816.4345798922418,2249.4572028099774,644.3908090523212,20.313339673467542,13.349629523880536,0.23934203817016317,0.1329002309993489,0.026725018,0.054202043,9.96
healthy,f2661ffb-2456-4b96-ae3f-b7e50849dcfb.webm,-380.43335,213.69875,72.73638,84.034164,-16.519707,38.514988,18.440405,28.608505,-10.087629,19.953306,12.250422,15.87836,-5.0831633,12.902387,0.04061787,8.441702,-7.735743,10.66501,-2.6151931,8.189089,-2.709771,5.767269,-6.7614317,9.072479,3.0672927,8.120047,0.49740535,0.2989285,2406.738709050571,1248.008870127993,4417.021696671196,2291.00524085667,1961.5989476451712,746.8123201018888,19.062063836803556,12.42039823500567,0.22886803668478262,0.19709735629420705,0.07372446,0.112163454,5.34
healthy,aef008d6-8ef5-4403-83fe-c73c5665dcae.webm,-401.62982,180.95029,50.90077,61.70464,-26.072735,37.20664,3.874628,19.129547,-0.93034315,19.73923,10.28732,15.698032,-9.127044,15.49548,-1.5584129,13.131263,-14.259899,17.209698,-9.124443,12.36712,-5.3164415,8.815968,-9.734824,12.793608,-1.7331158,8.136123,0.5185839,0.31085506,2538.2379902200887,1213.9748483926594,4692.232082201087,2131.6416059949856,2055.494627889875,649.7082435559402,19.15463121999405,12.526184686506733,0.24901737189440995,0.22569981602135836,0.041728105,0.075114824,3.72
healthy,07f8318c-d1a7-4b6c-a6e5-e50f97311d56.webm,-489.90753,155.91551,72.57468,55.276207,9.625421,19.120472,0.87631947,14.860253,1.6203823,12.00506,-0.63411325,12.085009,-3.8252954,10.257576,-4.643524,8.934034,-8.316059,14.489087,-0.018752836,14.739226,3.1469388,8.943316,-4.4993,10.121045,-2.2249477,8.604018,0.37216735,0.31281886,1926.4019441643363,807.6824071039105,4145.674853054982,2087.524927218154,2403.405098049348,577.863676107131,20.868104153820443,11.108589091190945,0.08409723245872641,0.05094251425122579,0.014298531,0.023291716,9.84
healthy,df627151-083c-4b91-8a78-ad39ee66f399.webm,-358.2566,152.47025,88.13041,46.106968,-5.602104,41.61667,1.262742,39.394085,-39.09879,26.483614,-11.14016,23.760065,-28.227264,15.818886,-17.511658,13.8384495,-6.729889,12.770469,-1.8137181,13.611215,-1.329888,14.530249,-3.3220415,12.723722,2.1921163,11.642273,0.32891268,0.31587642,1781.3890630334113,899.2014031648046,3293.9893917549875,1792.6009854955664,1572.7393314618457,526.1030996074503,22.718301477937537,13.439828358549732,0.11565933798316708,0.07786383703500314,0.053655893,0.09649703,9.3
healthy,0908fd5c-9e5c-440b-a90d-832d76899be0.webm,-424.73477,158.17947,41.79328,54.127666,-12.030806,47.707527,22.12608,31.357815,-10.766459,21.68164,3.9187346,19.539986,-17.181128,16.787611,-12.734351,14.477132,-12.429728,14.44877,-3.4886203,12.821833,-10.843896,13.681375,-14.579176,16.285404,-2.2031047,9.006394,0.39017364,0.3335093,2602.7543382450103,1289.9018314957336,4562.574772224115,2143.33591499729,1935.4086877034167,682.0712803068632,21.81643904724415,13.644674400817175,0.2766864994891008,0.21896832968568336,0.03377059,0.06370858,8.52
healthy,e1066f3c-2dad-4d66-ad5e-af77bc32c252.webm,-566.7788,157.86244,23.743937,41.111866,-18.944637,43.84394,2.6532423,10.866416,-8.002872,19.400955,3.5091352,7.707994,-2.78356,9.502733,0.92180073,7.2308536,-2.684175,8.195976,-0.4082382,5.4007683,0.959838,6.402469,-3.6209278,8.4679,1.3699824,5.926067,0.58395356,0.25852716,3420.2105252387314,1061.4358100022382,6037.77451402559,1704.9324474682187,2354.709132910256,529.8194168635769,19.580588333266796,13.195921685272667,0.38421006090059057,0.22697595820037447,0.011936557,0.033976357,5.88
healthy,e9da4ad2-8341-4c0c-acd4-a160e06ba3e1.webm,-645.20624,147.90521,21.342632,36.31151,-2.8032277,22.542242,11.346717,18.96633,-6.9339824,22.114103,3.9711955,10.292937,-9.630684,20.443043,3.7633655,12.161763,-2.251787,8.737579,-0.23183122,7.004697,3.6670253,8.258551,-3.8031213,10.207054,1.896906,6.2516484,0.60392606,0.29496935,3514.7982193883277,896.3522700490977,6630.1951282429245,1423.1302290570059,2663.3196614341546,488.15618577805384,18.335509409751385,12.741687075046885,0.5428996535966981,0.29714830456546054,0.0049011046,0.016444005,9.84
healthy,13fd2781-a5f0-4e46-b9aa-20ecd95d89ea.webm,-429.3274,172.31761,39.35129,51.808884,-18.036232,36.360466,11.002094,22.916937,-26.60344,37.394783,-4.5035853,19.734177,-14.661811,20.5239,-5.608942,11.154481,-10.619868,18.492434,2.284675,14.671901,-6.461511,11.660146,-9.871195,11.476525,1.6445786,9.536944,0.45656973,0.28974837,2354.4052609649943,848.7098932893132,4358.803565903465,1216.661620942668,1940.1628349056075,444.5268157015431,20.890563612882165,13.461949132430655,0.16532751908003301,0.09229189294213956,0.033964265,0.068539724,7.02
healthy,c01c4b93-213e-4598-b6e9-6734d20d84c8.webm,-545.96063,130.32758,27.421118,55.72585,-9.043136,32.803932,-4.3137813,23.249228,-12.619486,27.841509,0.42350826,14.380366,-0.50297344,12.001702,-2.3514988,7.7242613,-4.7634454,10.988326,-4.417015,9.700078,-1.9311812,7.157497,-3.8329,8.342836,-1.1478254,6.4535728,0.14459951,0.27495256,837.8497538922419,1338.3049541840448,1487.2891983895931,2404.422254078083,640.1172225928601,930.0460278518154,11.723048553167347,9.545912612066578,0.04893407281839623,0.0775658518653718,0.012887882,0.038447514,9.84
healthy,bd1d79fd-8910-4723-9f1e-a4d586f29405.webm,-372.30215,199.09015,32.961365,43.605778,-29.745638,40.359924,1.2711316,22.550123,-21.823654,30.469215,11.351621,17.208466,-15.751209,20.69633,0.31100816,9.459425,-12.437543,17.56991,-1.8938948,8.559963,-1.61335,5.3290515,-10.560918,14.412734,1.75973,6.0986743,0.6117827,0.29067928,3406.8245259348287,740.1169963648124,6232.028576927463,1136.943836984458,2382.052024745297,380.2659990360848,18.689656686061642,14.779827069780131,0.4318378383515815,0.2323875030773457,0.06381599,0.120094374,9.54
healthy,a914633f-dd15-4888-94c1-efeafc80fbd2.webm,-318.21896,164.9307,77.37403,51.215424,-43.993526,48.075077,33.337093,23.563921,-37.378796,34.598183,12.86085,21.625387,-3.388204,12.1679535,-15.613972,14.440062,-2.1411104,12.425626,-5.4138536,11.257224,2.6845634,9.27341,-6.4234877,9.412705,-5.627248,10.183582,0.528067,0.27924445,2599.2643396765047,716.0767433413482,4517.304619208916,870.7744872614753,1732.291808986269,255.77972975309922,21.08779602417629,14.749611499998608,0.22379557291666666,0.08469301329307793,0.054391883,0.0727131,9.96
healthy,5242f393-31f0-4b74-a93c-5a9accbdc5d9.webm,-541.0358,158.29974,17.670137,40.100407,-13.742683,30.19082,7.727712,19.00001,-6.0637264,17.318697,2.6420734,12.839572,-7.7837324,17.030575,-1.3432106,7.9533143,-1.373374,6.6020436,-2.4766078,6.1181636,-0.7989172,4.2473483,-1.9606692,5.7938066,-0.3041803,3.707864,0.27396753,0.33918253,1426.8165099953053,1590.903066982338,2668.974505730395,2913.8281113315093,1093.871058819867,1174.9630593702557,12.74246731293959,10.180051043182669,0.08155218160377359,0.10110907206834086,0.014086589,0.046732694,9.84
healthy,d02f5615-c0dd-4877-86d7-88b79ed57ba4.webm,-425.85178,152.77048,26.423477,56.273403,-10.095628,29.360184,3.2194474,13.094545,-10.93038,26.688192,0.34179574,6.951757,-3.4490209,8.9524145,-2.9078896,7.849918,-1.6554382,6.0725975,-2.3208299,6.4531975,-0.16742453,3.924715,-3.2681406,8.669192,-0.6390759,5.686982,0.57723975,0.26251906,3141.7330823707607,897.6900991021673,5725.125509862742,1493.075477982671,2364.205524004769,547.112502536551,18.82224512090582,11.555525834691743,0.33941481785220995,0.17517625806057172,0.040521808,0.1016265,8.4
healthy,689735ad-83fe-43ab-a09a-e9f9f6aaa8ab.webm,-524.51276,148.07248,17.106632,42.78296,-7.5922246,22.419653,3.4792495,11.084564,-5.362189,16.28825,4.224985,12.498196,-3.72872,12.790362,0.091100775,5.7663417,-4.0395093,10.852356,-0.38008875,3.3880255,-1.7316669,5.206124,-3.9311438,10.072302,0.6413585,4.238076,0.20102079,0.30805722,1319.4552782490998,1768.7168539912102,2435.8238345286886,3152.137039731086,975.1888595376114,1214.842447855109,13.881474995368531,9.246508283081237,0.101165700014637,0.17078255190901928,0.016289646,0.05147547,9.9
healthy,abb11855-0da7-468d-844b-91a228cd3eed.webm,-544.5666,89.364235,14.101014,36.20041,-3.130968,17.557991,-1.6933721,7.650958,-2.2826543,7.220658,-1.4197688,5.9953957,-2.5372343,10.321874,-0.6397985,8.126262,-1.3978251,6.0187144,-0.51923794,3.3596559,-1.2440964,4.649171,-2.08667,5.245159,-0.47159916,2.9015265,0.41067275,0.31069493,1932.3149727453817,1156.9612749432456,4097.30677037806,2796.239460019058,2009.564862904066,1097.6689406247915,17.33694016178171,8.647641704624714,0.27594264459498835,0.22831882726873198,0.0063433177,0.036871746,9.96
healthy,fc55e500-fa9b-456a-8c0c-c8236cc5a364.webm,-530.27985,104.420204,14.201516,40.000755,-0.48473787,18.841461,2.9120212,12.630952,-3.8703346,16.639814,0.33943978,9.827464,-3.4929976,11.950416,-3.1271944,11.034499,-3.300769,10.050724,-1.2390325,6.931627,-2.3980355,7.764107,-0.0976829,4.5001493,1.2602144,6.0704045,0.111128174,0.2634249,530.3689614175476,1162.0575728507943,1034.1270014924823,2201.876180515021,475.68325288669547,939.3642127628148,14.662294487182065,6.782726875715275,0.02415264777417453,0.05149687788920976,0.01171617,0.042646777,9.84
healthy,0c674610-c846-49b1-8a6d-20e63936f655.webm,-364.4561,187.5555,77.25024,59.817696,-38.236576,69.54141,19.420254,39.925987,-28.545732,34.196934,0.24802119,21.084124,-4.0333147,18.3921,-5.690713,17.020493,-6.7885222,19.210342,-6.261668,19.562862,-7.184026,14.141201,-14.970577,17.087513,-2.866048,16.450132,0.32692662,0.32880685,2027.5920534131747,1043.936175285523,3591.7789099351417,1674.7893712126659,1560.8562003993752,578.0621269669275,23.379961339894315,12.950701225165997,0.16060192180129718,0.11668680042294385,0.065066695,0.082347505,9.84
healthy,dfb974e5-65b0-4ea8-b10b-a6349d7e0cbe.webm,-494.43408,172.5614,51.46396,62.08575,-14.897281,32.715107,5.636303,19.128689,-4.9437547,19.063538,12.195308,22.774626,-20.078638,25.397947,-1.4627739,10.638386,-9.286079,11.705989,-7.742294,11.170049,-1.5759444,8.508796,-5.5473614,8.062496,3.189576,9.925374,0.2853999,0.32997403,1490.5294183941687,1525.650828910924,2840.8126831054688,2786.5383432749754,1248.8347177452126,1043.0095418617634,18.039330917229943,13.054085141466127,0.11212412516276042,0.129722442404503,0.01809592,0.032843284,4.44
healthy,474834ed-baa4-4fda-9888-8df7139d01f8.webm,-463.2306,183.70163,52.232925,64.900536,-33.459717,42.921238,8.805379,23.366938,-8.775874,21.523129,2.54304,16.401924,-14.270741,17.593737,-8.345474,11.984451,-4.6615815,11.908408,-7.712708,11.399687,0.39159468,7.2186475,-4.845053,11.257479,-0.7104127,6.590659,0.35798636,0.33825707,2023.378546085641,1516.4950795030907,3408.1880389519456,2441.598924309564,1368.2157838679038,881.270618749039,17.86144318017165,12.047972428670635,0.12746098356426888,0.10644367043982612,0.025041886,0.049942985,9.84
healthy,c91f0ba5-6d0e-415a-a27f-b9753d758533.webm,-518.14386,113.41362,24.62881,61.284775,-1.5336726,22.627447,-1.0546685,20.308989,-0.6258583,10.297979,2.313924,8.643806,-2.6344554,10.23517,-2.666003,9.578831,-4.6876388,12.545109,-1.9945844,6.305493,-1.1912507,5.9115567,-2.5160615,7.8066716,-1.5642838,7.9091244,0.13481806,0.2795146,431.92772473591157,919.6724978812681,878.3479284067623,1799.0510523446687,483.56285009959106,894.6014174309983,11.591549050032949,7.632053045321885,0.01962616181206089,0.04275999872900527,0.020894239,0.063011184,9.9
healthy,575efe83-c5a2-45c2-84a8-b1d2c6814a5a.webm,-394.6737,179.90631,81.46044,94.675606,-18.909672,41.559044,12.390968,22.969366,-3.725286,21.932972,-5.9067845,26.11833,-6.550477,14.083084,1.912006,11.745454,-18.398684,25.648996,-6.1232142,13.501116,1.9599383,8.805593,-2.5787635,8.132951,3.0623243,9.80438,0.36647248,0.3450864,1577.5020534453163,1443.7550696524895,2975.0828280770706,2356.3797356543246,1289.2375750878364,913.081177430687,19.31115541863793,13.004308564783132,0.09944012413726994,0.11591592478812181,0.071504205,0.0980934,7.56
healthy,ce0f03f6-afe7-418e-94a5-12994ee2da24.webm,-423.6652,175.31491,42.250774,56.008617,-28.915123,54.129818,9.448456,22.491447,-9.602168,25.8513,1.856284,14.754504,-18.380775,26.27431,-9.852772,15.92043,-11.129148,20.343704,0.9594086,12.051825,-2.5584812,10.849574,-7.2933135,11.381969,-2.755658,9.945212,0.4589927,0.35185102,2265.4610555111653,1560.157522161887,4091.8843478442514,2802.1606773992694,1753.4883828085274,999.0911638413861,17.894481789561937,13.46978087697913,0.21912861380347592,0.21241625001190617,0.041784998,0.076648705,4.32
healthy,a9f865fa-989f-460b-8c57-8de2755cf014.webm,-510.20932,152.41313,13.919246,35.61459,-17.976582,41.47305,7.3948216,16.555033,-5.5803995,17.04014,2.794951,8.589523,-6.3497276,16.38468,-3.4364061,10.463056,-3.0647779,7.9105096,-0.36687928,4.641436,-2.0044994,6.698541,-4.3067384,8.983322,1.0747386,4.895368,0.33730423,0.35714564,2092.76315026713,1831.0910822884896,3774.91675204918,3050.9085469792167,1508.1337178267179,1186.6075563814309,17.0298179359803,10.693351237151377,0.17713059865339578,0.18789536932726478,0.017272878,0.053652544,9.9
healthy,820fa9ca-c973-47a2-a303-f79726399dc6.webm,-418.86755,162.04346,51.90119,68.59169,-8.262588,30.844324,15.856441,21.941866,-6.1986127,20.342598,-8.147181,15.94598,-9.684755,16.885088,-6.884146,11.973279,-13.606967,18.710058,-7.8866363,11.748591,-2.5154912,6.5836444,-6.8455744,10.224804,-2.7753437,5.8034906,0.1680811,0.27752292,684.0746202312157,943.9292764223633,1332.269654791039,1811.5434480307986,698.4261324734275,809.835996982744,18.932257230179577,9.687412548079212,0.030279320406626505,0.039281319087229136,0.055388283,0.09790602,3.84
healthy,56c9072e-e82c-4a00-acf1-a490b412f50b.webm,-517.94946,182.41537,26.294384,40.58623,-5.2582297,16.541393,-5.9015846,13.189865,3.1420944,7.505305,2.360764,8.666156,-7.091206,11.574713,-7.8339014,12.978161,-6.062133,10.908449,0.48959067,5.97072,-2.876141,6.8452783,-0.6544887,5.2794886,-1.9911563,6.582667,0.4849911,0.28535712,3522.098415037625,919.6065228828251,7116.9996995192305,1870.6726758497934,2924.9845702948455,420.753332200541,19.622947469079993,11.735509725286423,0.24229107481060605,0.09020808309633416,0.012841879,0.030254025,9.96
healthy,d194693e-b6d6-46f9-9c05-c505f438798c.webm,-407.28564,205.47792,24.435122,34.644558,-27.991417,39.106483,18.062067,23.878696,-15.934288,23.026102,13.941123,21.527905,-27.569464,32.253647,2.5111828,9.660646,-14.717196,19.239956,-0.009051427,8.872731,-5.11688,9.642469,-9.081901,12.079913,2.0994146,8.208803,0.34640968,0.34095037,2666.9505217129367,1983.231379338252,4572.897150844195,3158.6617934626806,1608.8940659734124,1117.7152492679115,17.661552714798905,15.175338678715388,0.19973942905805686,0.1703534110893025,0.040051125,0.0671489,9.78
healthy,e03f9d25-b298-4613-917a-22a54d0a38f5.webm,-468.58472,176.22536,56.94395,67.53416,-14.121781,42.323467,11.035373,21.612846,-16.269732,25.98013,-6.569661,12.45084,-5.5002036,10.586769,-2.2462378,9.62508,-8.313462,11.450013,-6.8481355,11.688836,-4.261836,7.8452363,-7.6998816,12.720893,0.6318004,6.07659,0.45266485,0.32272276,2095.970646912178,1311.9406757757556,3704.2866915942514,2086.837890267234,1636.6659835603887,732.1713564241444,18.91894302076401,12.476813147175392,0.1417373412433155,0.09792264970130843,0.028407296,0.052200846,4.32
healthy,cffd2f05-7935-4bed-89ad-27e3745deadd.webm,-430.4876,128.49734,32.332565,47.67765,-17.402304,33.375168,7.1115947,21.632753,4.012936,13.768178,4.482611,15.807023,-6.2624483,13.149868,-1.0966768,9.247614,-3.1133914,7.884305,-3.3538418,7.8759437,-3.292425,7.0233035,-2.9798496,7.031555,0.6379586,5.8452334,0.5657783,0.26843333,2544.0687580988565,767.7247107680441,4744.947958892247,1570.1092141874976,2030.8887684984807,541.8068107807228,19.73077063771187,12.84657497413892,0.17531484927771226,0.060308413573557304,0.021970123,0.057398178,9.84
healthy,fdbea893-36fe-4773-abc2-b1ff456ec925.webm,-362.5645,191.64258,51.87426,57.928944,-24.82377,38.280437,17.71435,26.35203,-29.648672,35.01079,14.476423,19.00491,-14.925883,14.328036,-11.338444,15.149622,-2.4053907,11.615651,-5.2363276,9.932111,-3.852532,7.6508684,-9.742058,10.730892,-0.96565515,8.120878,0.4762343,0.3021876,2751.8936473245553,1037.626264488671,4841.9346235374705,1507.2689489810602,1927.5466679752412,447.895906452207,20.446101637030555,13.656014532088038,0.22308899215047392,0.12184988368765783,0.05777153,0.10785476,9.78
healthy,e8cf7993-964c-4949-8aaa-ae973eafd7fa.webm,-372.9959,168.23537,61.90705,46.692116,-22.33202,40.073505,10.207566,17.682055,-16.252457,24.06117,2.0790846,20.38992,-36.210945,28.297552,-15.364683,14.190624,-16.969187,16.005255,-7.909576,12.265973,-3.1350615,12.286451,-6.463219,9.368336,-5.9333673,12.109447,0.37179446,0.33619457,2217.5576092213387,1003.1553754412871,4348.881371620974,1801.992623504683,1935.8793442772653,517.1901372790616,21.925990009784538,15.466554247318038,0.1428267590107362,0.09932566546397005,0.046714846,0.08338455,7.56
healthy,f49faa07-bdc3-4558-a732-b42c4cd9c530.webm,-464.49957,178.62852,44.768406,53.45642,-17.200598,39.265488,-3.1789062,25.285866,-9.450286,22.929567,8.175121,14.043439,-5.8276286,17.9042,-2.0965405,10.931208,-12.560212,22.899694,2.4019918,9.4845495,-0.8612723,9.467144,-9.126585,13.599683,-1.6054242,11.409634,0.3296991,0.32280654,2091.4347081321644,984.7518541063804,3585.7607859485556,1973.800013648196,1809.6333100162012,586.2509632389099,21.901319319880376,12.078170505485987,0.1590011884581368,0.10102987031830774,0.030848166,0.06910133,9.84
healthy,3ead6129-1713-4a8c-b632-de4f3e879375.webm,-429.1566,180.37474,72.53359,62.948162,-25.981947,35.279144,7.9550433,19.86158,-13.455043,21.714151,7.2291274,20.939991,-11.496763,16.073328,-2.227346,16.42808,-15.171051,15.962774,-7.2801185,16.42001,0.23985508,9.997245,-16.288483,16.227507,-1.1994879,8.486248,0.35645658,0.3324774,1662.6064646614748,1132.0526981211503,3249.8794555664062,2332.874731281179,1482.398273164729,890.2202528353356,20.6761285570405,13.091843658905303,0.11430576869419642,0.11247314631832919,0.02204347,0.033334926,2.58
healthy,f887bc76-4c4d-4c78-8fc8-93c98d82956e.webm,-440.85153,163.92337,43.47694,58.10268,0.056445748,20.335892,6.8944273,19.219269,-13.032233,22.120844,10.655451,22.828943,-19.490162,24.418987,-4.569772,15.344259,-14.256892,18.133429,-8.946249,12.878562,-3.8587897,9.790322,-0.18536867,8.391253,-0.66982543,10.026735,0.2568053,0.32025644,1443.4497961138438,1592.7871152003752,2781.63578898762,2907.430704173806,1249.2840018565173,1146.0701550968854,17.15596990247589,13.100787529608764,0.09507600339456869,0.12328558311820736,0.041683972,0.07779038,7.26
healthy,f430ebc8-23c5-48cf-91ca-e54f91894f49.webm,-500.0883,126.84387,91.18791,42.18028,9.42447,19.907314,2.7240653,11.554522,7.7380977,8.026982,2.9640284,9.181448,-0.69799227,6.758488,0.6441982,7.0150046,-3.1502109,10.668545,-3.090058,6.6179123,-7.967535,9.39208,-3.3906486,7.1646185,-1.888269,6.895378,0.486914,0.26925543,1673.3290418802815,386.36754540222745,3161.7167012674827,877.9088908453421,2029.5062587172056,362.3620699792462,19.948115240170416,11.06627773603482,0.08064380281177157,0.023972751714210705,0.013241774,0.029326672,9.96
healthy,b7b39ecb-3ab6-4de4-b4d0-0fd122efd905.webm,-559.9739,116.03025,2.5081728,35.171597,-2.0978012,19.958477,4.9040904,14.6561165,-13.289787,28.711765,9.323308,17.266167,-10.202911,19.039194,3.6077764,8.747523,-4.4000463,9.706277,-2.4279525,9.084419,-0.5861561,8.861231,-3.7656791,8.794918,1.7667373,7.6820297,0.16395295,0.2863917,2165.355217903508,2462.935587618266,3157.564357069672,3402.9469590420367,952.9511811176478,1069.4828376480925,16.18647754943898,12.432292419932336,0.14895093859777517,0.20410442792602265,0.009233399,0.034273632,9.9
healthy,7c857fc2-2253-406d-bb21-7a2c214b15d7.webm,-562.9536,95.213974,12.023339,45.126194,-0.7823711,15.112001,1.876741,8.480041,-0.4282271,6.03312,0.66555464,4.3342514,-1.0233275,5.031438,-0.5440053,3.3273315,-0.7854309,3.5534642,0.21516256,2.89445,-0.17926209,1.7129893,-1.1281859,5.227269,-0.15301651,1.2770815,0.52952975,0.25306708,2649.803837946499,599.7911124141181,5466.843515072229,1190.1960283177402,2448.6480235974414,421.47242350301275,17.15892190518178,9.147778025991377,0.11619251179245282,0.050179084523502226,0.00976485,0.047355194,9.84
healthy,4a4d5e24-36a8-43ab-8a0d-d25c6b62412e.webm,-462.52798,160.33636,41.27677,53.745846,-16.703339,29.953735,5.6797395,28.415794,-15.7205515,21.39799,0.7560234,15.807366,-1.3922771,19.780981,-4.6422973,16.795776,-11.263749,14.840576,-2.8391588,10.222444,-0.65766203,9.746258,-5.284701,9.648922,-0.5767419,9.7877445,0.36603072,0.3226697,2342.5854382058014,963.2078709524169,4044.966499760466,1865.1956748344526,1831.2355989960056,590.683619944137,21.224826285398024,12.208215105394997,0.24239939563679244,0.19907673301656156,0.023204444,0.050173156,9.84
healthy,1b9e53c2-a125-4f5c-8945-d8d09a8e7bbc.webm,-550.1441,107.98308,8.128177,24.846758,-2.650258,19.41248,4.5692706,11.244489,-0.19497606,10.638504,2.0591736,5.955028,-0.74479735,9.197811,0.40494037,2.992543,-2.1944716,7.533039,-0.6660788,3.9757204,-0.69076324,3.5729468,-2.35926,5.301671,-1.4526602,4.26301,0.5405027,0.26196396,2717.812371630265,483.13809502401415,5595.194527152535,761.4200343314187,2511.4971909522665,357.8771815801047,18.39868788629286,10.075937758626255,0.2721524894376457,0.10727660599129737,0.010867313,0.060078006,9.96
healthy,0c4925f2-1dbd-4a95-a7a3-18215479084c.webm,-412.73254,215.51385,38.78612,54.505764,-25.88154,32.128483,24.230738,29.188656,-29.165092,33.113804,12.544808,18.205484,-23.74452,25.934345,-4.918024,9.679442,-6.83276,12.763405,-1.9976163,6.8805056,-1.5926129,6.7500553,-8.430741,10.983619,5.471757,7.7469993,0.42522562,0.33072028,2496.8246010454245,1530.2222052687487,4470.581912689697,2473.9848373051987,1713.6053824955418,934.091459862752,17.826975327198458,14.717632941243355,0.19339525509185304,0.1506144742443812,0.04523611,0.08084766,7.26
healthy,a600c297-c86d-41ad-8049-6c21bc3898ce.webm,-524.12,170.73526,29.325161,55.919647,-9.2967005,29.000391,1.6571202,17.619934,-10.960886,26.512768,17.360874,29.318941,-7.6607547,19.001657,-8.104198,18.439798,-6.224861,11.453027,-7.462904,14.000093,-3.1722481,9.147857,-3.7558968,8.852931,-2.4215257,6.7301345,0.14620832,0.27122217,848.2566214234496,1318.7761875010203,1589.9919181034484,2492.2702576805177,678.7011267133125,970.5364756279652,12.90480379960007,11.380437812737124,0.05042766702586207,0.0882580382435491,0.022857057,0.055994745,4.02
healthy,b8b3a4c8-5f73-4e09-9966-395215d8c05c.webm,-405.44186,202.1639,67.99368,37.88995,12.378611,32.604202,13.7073765,13.081517,8.077117,11.182135,9.483696,10.080378,-0.21049543,6.71814,2.9176693,8.850184,-4.2386303,7.0018167,-2.1253917,8.862678,-4.4884887,7.4776034,-6.718065,5.867379,-8.753664,5.8677607,0.40354294,0.30617425,1820.0216064526335,811.2032023024453,3814.7148505791083,1828.0225113860479,2329.6745953813506,428.183811623253,20.337645605198464,11.473071905910235,0.06988454254079254,0.055881880517944536,0.04689764,0.0904265,9.96
healthy,f3b672d0-24a8-45d2-9c4d-d7eb618bfb88.webm,-607.6626,144.1315,18.985813,38.763245,-11.48743,31.320473,7.821066,17.753822,-10.30085,25.280716,3.258325,10.329333,-3.5768187,9.1595745,-3.4978352,9.584959,-1.3593389,5.0155787,-1.4478904,6.2876916,-1.3205231,5.1574464,-1.8387762,6.127867,-1.4937588,6.0554843,0.1365049,0.26839128,746.9053961489985,1313.2080058548383,1351.8718412137146,2329.878004512123,559.1374222050187,933.8466568509996,14.169870901088101,8.929840303783786,0.05260709789691943,0.0988575348947987,0.0041308845,0.012703696,9.78
healthy,b3265112-26fc-4103-a947-bb0607e57a20.webm,-447.28455,164.9187,28.694386,48.64135,-19.825993,39.88708,3.6145859,20.619822,-7.2021046,20.432764,3.755833,15.854215,-5.299067,16.34266,1.3491142,12.359247,-12.091839,17.032522,-9.245344,13.646202,-3.6038485,10.171716,-6.9068074,12.744145,-1.7450022,6.694263,0.62045383,0.3245546,2859.7598988228,1054.293760816848,5139.304060788499,1943.460266849415,2085.850636800911,608.2748557169173,16.85691835561826,11.669858084381817,0.30202586380476804,0.15725827880233526,0.03366947,0.07545416,9.0
healthy,b0bf1733-f965-4482-9768-1c93b47eb415.webm,-472.50668,171.51746,27.472437,39.85154,-19.00897,42.711845,2.7857583,22.121,-12.447717,24.11184,8.340108,22.855257,-8.101629,17.867155,-4.9319253,12.144995,-6.2128925,15.737068,0.17373702,9.318361,-0.43012643,8.088015,-6.2115607,11.251912,0.5255977,7.9497676,0.37019086,0.31963637,2269.1707684529033,757.7175294102673,4452.35324871885,1584.0621719209857,2151.007261962474,466.65031563113774,20.18907487576785,11.666371065042023,0.16697020699356913,0.11946404256811285,0.033526395,0.08175425,7.2
healthy,b424b8d0-3a22-4200-baca-4d804eab8f15.webm,-553.11304,111.03774,9.6698,37.132668,-5.149655,18.947056,2.962052,10.896143,-1.9326285,9.850293,0.89455134,6.8143406,-2.3458798,10.493512,1.049848,6.291096,-1.831533,7.664401,-0.25753626,2.0483837,0.2679727,2.569352,-1.5282068,5.4929857,-0.35372043,3.1164396,0.32398263,0.36130476,1488.3596574283429,1598.3304178325957,2854.8196505817423,2980.0012106438353,1239.4074331219492,1237.9703883582101,13.672815980458475,8.815847170211883,0.07512888760441527,0.09712466036689903,0.010966285,0.047610037,9.72
healthy,72bf1cb5-9f60-40db-9666-470d6d02f02c.webm,-448.62405,178.85103,38.35628,66.27013,-13.624717,28.169565,7.039837,19.942932,-6.1686206,15.6460705,7.3086987,12.36798,-5.568189,13.1557,-5.554007,13.656546,-5.748747,10.188489,0.40075475,5.9522223,-0.6634572,6.240444,-5.8298016,9.906658,1.8736718,4.6767693,0.29792693,0.34330267,1396.958170659463,1605.628728123748,2500.086140182783,2733.492550508588,1075.2160539990396,1054.703316233396,12.615694203670746,11.302305780347751,0.08720196418042453,0.12389736451079694,0.04709382,0.12151422,4.92
healthy,854816a1-bd57-4f72-b86b-19dd736a9728.webm,-364.08496,173.43408,52.583477,53.77101,-29.772957,41.051598,24.005116,31.118902,-14.839778,24.793133,14.20061,19.961733,-23.654581,20.693968,-9.564275,13.309863,-11.4091625,15.036824,-8.337019,11.639482,-2.3369465,10.474099,-9.7934065,11.417818,-0.36303896,11.630148,0.42301953,0.3106607,2599.6881524829423,1006.5004347931125,4769.725126378677,1488.8077366850164,1863.4891741929266,407.07089822358114,21.562923422990245,14.76592705356004,0.19016161151960784,0.09798904224998226,0.038683735,0.060161714,8.28
healthy,d79c53ef-9cfd-4f6b-9b30-43b923168e5d.webm,-492.05307,182.31084,42.105965,46.279877,-10.017471,28.187956,10.884158,22.054728,-8.505837,18.605665,8.965542,17.502512,-10.179809,16.986435,-5.567271,12.062566,-10.467332,15.223253,-0.041327327,6.540319,-1.776642,5.5583234,-6.1258273,8.445816,0.044959083,6.0163417,0.51314956,0.28437543,2546.6257549858706,1052.81872782411,5185.701976102941,1606.43503414076,2192.0791654411255,557.2798665999247,18.585304286230244,12.874680682148163,0.20336783506016043,0.17773919099366065,0.02808723,0.06966714,4.32
healthy,4c0d7af1-ab1c-4cc9-a7e7-1de5222363c2.webm,-478.7371,111.641426,11.32386,36.387135,-0.9935904,13.2976055,2.4580805,11.3551035,-3.4428198,12.313194,2.1357791,9.53451,-4.8310437,14.74121,-0.11442663,7.2244143,-3.4501076,12.051746,0.60648173,4.960143,-0.6184129,4.0387807,-2.231778,7.291644,0.22450721,3.818764,0.07931454,0.22372895,414.09791908548164,1148.9579321235751,735.9062103781324,1988.8718794379897,333.63911463233603,801.7908528944988,14.012074752848688,6.883749852250169,0.02747659979116945,0.08160704469210982,0.015185592,0.055124085,9.72
healthy,a7b2afe9-4067-4ab2-8d9f-1d52008586e5.webm,-398.644,161.00598,46.58486,61.432644,-30.81689,48.558304,7.997259,18.833984,-3.923265,23.581453,1.2203463,13.250578,-13.171127,19.735233,-7.501285,12.5314045,-9.53216,16.829384,-1.4268723,10.616334,2.826039,14.457554,-11.532347,15.895685,-5.6480412,12.666965,0.20476969,0.30647624,1445.8390861877353,1447.4144346030625,2377.62451171875,2331.6300525778615,953.3037214391451,855.9977387214816,19.069747408876545,12.038179756641753,0.09875193425422706,0.10600753429471806,0.051701013,0.08357947,9.6
healthy,6aae23c2-2650-4ec3-b985-38e3cfd43c1b.webm,-505.25433,176.86891,42.808136,70.14748,-12.501459,29.15061,9.65158,20.499237,-7.7987533,16.768087,4.2898836,11.053132,-1.2511872,6.089402,-2.2609143,8.152346,-2.00459,6.3736515,-5.9959097,10.841736,-0.9324854,4.983165,-4.8234086,9.231062,-1.9683937,5.031418,0.4447035,0.35697362,2083.630366238914,1744.7424336522363,3841.4675730579306,2960.537255493677,1607.4624601312626,1101.8788666967037,14.479140001102293,10.412530024787548,0.1642352410082547,0.21128204343247528,0.023393856,0.053613152,9.84
healthy,be728c36-f5e8-4fc5-abe2-ebe7ee955fac.webm,-357.77487,182.58395,75.29588,84.75104,-24.774195,36.83267,19.317387,26.703821,-22.849623,31.671434,5.468201,23.486982,2.7622612,19.022306,-7.5188136,10.612278,-14.721416,15.976987,-9.551737,13.165853,2.2549865,9.60822,-6.766903,10.495071,-0.8272978,7.912762,0.22496589,0.30684233,1315.2001683214594,1496.7348919825993,2232.9729924436474,2202.447290194677,930.5089377602452,801.7978596255224,19.70326943475668,11.352206972840488,0.08779113912470726,0.12291305915499069,0.076583356,0.08970146,9.9
healthy,fa5a2353-99a5-4b55-b33c-3075fc559a5f.webm,-312.07254,205.30458,35.785404,28.6916,0.9280176,19.775,5.058476,12.732238,-10.764093,15.644862,-2.2944639,10.044864,-8.807649,14.070121,-5.1179094,8.917283,-19.628632,26.02738,-3.701998,9.585876,-6.7834277,11.501449,-3.0195258,7.4618335,-3.6204824,7.301208,0.41255283,0.31050053,3011.629090257924,557.0569109256757,6065.78369140625,896.9805556496125,2544.4754831917453,229.4201996447429,21.424037369385587,13.06835111636198,0.1890281394675926,0.06341139829554832,0.11084378,0.17774442,8.76
healthy,bc7c3955-9c78-43f6-ba09-c017e4cd9296.webm,-490.83374,169.1661,39.411533,61.047802,-11.0972185,28.021288,9.942383,25.216492,-10.090831,20.688032,-2.687464,9.393157,-8.7495985,16.794361,-1.5571597,8.810362,-3.5965714,9.379257,-4.28674,10.398412,0.23550865,6.3733006,-4.3385873,8.550438,-2.3057175,6.4265018,0.5233572,0.27132145,2538.651183185295,755.8761421671808,5031.10086692954,1514.0567097915402,2246.6259663537026,536.6993622147074,18.98134178200893,11.6490476090138,0.2158963185436321,0.11146973238387989,0.022299342,0.057338774,9.84
healthy,93515c66-24b8-4487-9aac-9b396948ede0.webm,-517.5704,123.98667,38.618294,59.163,3.7444332,12.997348,-3.7861989,19.695957,-11.256175,24.627607,6.012614,16.89183,-5.918473,13.389829,-7.0096326,14.619954,-8.11172,13.299829,-0.20724438,8.877807,-0.5985855,10.550347,-5.63986,9.806143,0.25217214,9.608933,0.4523342,0.33689678,2397.8978776132726,1146.9226735512966,4640.577999665776,2389.2853014661805,2209.7725113012298,605.1372853779873,19.202359123766726,11.23761217311749,0.30264820772058826,0.26235134804909427,0.015091271,0.03859565,4.32
healthy,fc323738-ed71-44e7-8489-81bca3ec07e4.webm,-380.28708,159.64195,61.676666,44.172153,5.3951554,42.606247,22.434504,20.780584,-17.542643,39.53657,11.540358,16.163307,-12.362808,20.218092,-9.977998,13.072705,-11.613626,12.022145,-11.104643,10.947874,0.7665749,12.518444,-8.516135,10.424589,-1.5309057,9.300939,0.35573664,0.31535023,1790.4776280571655,1082.11708499809,3468.31849296138,2161.3610835739487,1785.1053351107453,618.9670168010786,21.050677116677363,12.342626430497555,0.14907203530365565,0.13276361325677688,0.04215145,0.07464602,9.84
healthy,e79d154a-ebd6-4b69-b87b-605cecc383c4.webm,-497.45877,127.28738,21.821623,45.596943,-9.065512,22.238085,3.728649,12.352511,-3.7552366,12.433061,2.2951963,7.676701,-5.6200886,13.722748,-1.9131087,7.7690163,-1.9798768,6.8108025,-2.785026,6.9435644,-1.133709,5.0774,-5.934568,11.953751,-3.1462462,6.667316,0.65156806,0.3257481,3579.554892709899,1607.723335693516,6380.506143690664,2491.949071709746,2358.1163239703487,824.7902499071296,14.215092426228372,11.427961539910324,0.28536021558544306,0.24277309785043255,0.015000203,0.05677805,7.32
healthy,b049fb0b-9134-44d9-ba5b-fa08f3832f61.webm,-353.58298,189.7385,71.469604,43.34832,-22.495329,44.491096,27.807621,21.599483,-21.96306,34.282158,8.385166,14.35283,-25.24337,26.531979,-9.478139,11.361958,-3.7504568,9.752477,0.48829308,10.261392,-2.3551447,9.578534,-5.05115,7.3277044,-0.26421332,8.196329,0.45827585,0.29780272,2103.1243693359374,859.7514675639951,4206.472143796411,1462.436126893337,1928.6847262915678,330.52197665549954,20.810894953447505,15.048058790502045,0.1220171333539604,0.07551687781859394,0.043298017,0.06493609,7.02
healthy,d6de71ae-5b92-4a91-a656-bd0d33fa6189.webm,-424.07828,172.13582,38.464725,58.645317,-2.991658,18.315514,20.107578,25.107058,-14.751452,23.73776,1.6151165,15.047137,-14.339832,17.267235,1.686245,11.405754,-6.3166194,10.054328,0.14328,6.7080646,-2.5277934,7.2445827,-6.4931006,9.934002,2.545666,6.817226,0.53455245,0.2895704,2716.93749082567,1036.4176772405256,5173.717661372951,1584.3742121915304,2197.2803592453897,422.9584044700396,19.468259198062054,13.692590764479041,0.20655669093969556,0.1277880174953307,0.0401514,0.082836494,9.9
healthy,d0942e00-e7e3-4f03-a8e4-1d5c8e591e92.webm,-584.8006,144.4918,29.66561,49.564472,-17.684147,34.892723,4.918132,15.871678,-3.3407564,15.456849,0.22512177,8.029871,-5.5565124,12.169911,-2.6805212,7.7822666,-2.083573,7.4423857,-1.7862071,6.1731877,0.5195224,4.9436836,-4.1549273,9.123061,-0.51164204,5.4873385,0.34624842,0.35335103,1807.774413412963,1557.3318953274998,3273.097660856427,2726.3712830657173,1386.8641690301852,1084.7326514276767,15.358052416806512,10.492163031018812,0.1354462245725236,0.1392740000002383,0.006341142,0.021976698,9.84
healthy,ec031374-6386-47b1-bea5-d536cc4e9f2b.webm,-507.60767,144.1417,15.544518,37.770973,-12.718677,31.42694,1.4701711,12.214535,-8.625434,21.913265,2.7151768,10.466376,-5.60677,14.462417,-2.37053,7.1629515,-3.0638561,9.382763,0.056357738,6.333501,2.7559688,9.208105,-2.7662601,7.470308,1.5045247,6.3439393,0.18173961,0.30984575,1004.3295411144195,1388.9770567353746,2001.6483522811027,2661.6435848109754,843.1630798500345,1093.644850699612,18.012097771074394,8.879571927354867,0.055266758181014154,0.08127818746966133,0.018114537,0.054862726,9.84
healthy,6ae40049-1b39-485d-b5f9-3167e9abe11c.webm,-487.1047,137.86205,15.379762,36.133442,1.0252159,7.235705,-3.1965911,10.916563,-1.8462102,7.9721937,-0.18021253,3.3753512,1.9061189,5.8582582,-1.9253476,6.4903126,-2.5757923,6.975326,-2.6940784,6.553025,-2.4785554,6.6810036,-4.052659,9.702528,-3.0835824,7.4153256,0.30562603,0.36309448,2033.7358716758363,2102.398295174596,4061.2926136363635,4084.6365948277844,1652.615633489793,1568.5448975155293,15.361524831519567,8.122339170707665,0.15882457386363635,0.2283762656438553,0.016381871,0.049215887,9.96
healthy,89e9ed5d-cd0c-4ba3-b1eb-848d1272874c.webm,-417.4173,165.3284,73.654015,88.36755,-25.478659,44.797604,9.690314,16.260647,17.465479,23.613766,-5.819702,12.813811,-5.3150573,11.733068,-8.17378,10.569467,-11.244165,15.33703,-0.77693397,7.333807,-4.06921,6.671881,-4.484901,8.007027,6.013193,10.251621,0.47227708,0.3149173,1694.3337255184408,1021.5908435294723,3334.7387160697995,2060.262790498931,1515.455338705651,909.5193888793393,18.730551902997178,10.175504103606649,0.09871122262773722,0.0647629759485847,0.054684483,0.09560858,3.18
healthy,d07e4f28-d901-4c74-a849-ccaa432173f8.webm,-362.20575,182.91158,67.309975,76.45864,-18.346334,39.70222,13.773781,22.002602,-15.512028,22.904211,7.787904,16.84434,-20.74774,22.679745,-8.90695,13.510186,-13.754881,19.645454,-2.6594524,11.13169,-0.2797872,10.006123,-5.261607,11.703237,-0.025167285,8.461024,0.38887468,0.3234069,2370.9080179132925,1625.5704029377303,4162.205649321934,2398.888111064677,1720.1576619717905,722.0733780244781,21.085862786619494,14.388459872536577,0.15572832215507076,0.13638252603005094,0.06948866,0.09247932,9.84
healthy,3ac05f5c-5647-472a-bc89-ba8e1ca5fbd2.webm,-489.51135,169.81387,44.084373,70.56667,-10.555242,30.762278,13.901624,23.80741,-2.1318502,13.874138,5.1251054,10.637656,-1.5110095,10.093176,-2.9345784,7.6896663,-4.17963,9.006888,-3.0446537,7.537435,-2.8791816,6.486449,-3.6519763,7.5961227,1.142863,5.099401,0.29742953,0.3451067,1170.3648886212757,1513.1082477505843,2176.3587987818423,2601.196176043091,1007.6345136665336,1053.7694344029173,13.944856910370792,10.943130966082137,0.059602710308056875,0.07896465378204874,0.027809083,0.056465413,9.78
healthy,ce0c319b-da2c-4f90-9050-108a8156acb5.webm,-358.50797,168.52449,68.78196,38.671253,-23.776455,43.401367,14.049323,19.955402,-10.491926,21.199175,9.623043,15.269379,-20.534084,23.042953,0.80502653,14.657465,-14.931045,21.431774,-5.250674,10.906314,0.32887554,10.070158,-11.195594,9.652903,-1.3980118,9.161582,0.41360465,0.30484822,2264.2670126728526,674.9203829111358,4613.337321171675,1274.2886214096118,1939.9535310365777,306.7663529580889,22.500098980509016,15.315519261265065,0.15807200087915602,0.07132239087043024,0.043082297,0.06628036,9.06
healthy,76f80730-d0fd-4d23-ac53-f9912ff95bc6.webm,-396.2555,201.68875,62.22586,60.140507,-34.599575,43.58398,0.03852364,18.025053,1.0777435,13.722073,0.43050885,11.684284,1.1720912,8.634596,-7.9203715,12.328564,-2.9643726,12.321599,-0.4912906,9.567677,-1.0013318,8.682231,-8.276632,11.471284,-1.4784867,7.8167024,0.51953834,0.29158267,2764.572915010076,991.295248832425,5352.782861669581,2459.3008383837673,2331.9115324564013,791.0503437447156,19.501036625326357,11.739873495874338,0.19177160729895104,0.0704145022576524,0.045330912,0.0815898,9.96
healthy,c279a23e-3b7f-4bda-97c7-084e139c54a9.webm,-557.0826,160.97058,19.032806,41.009388,-20.486334,41.8406,4.1357307,21.152203,-10.325656,23.941795,7.100478,14.681139,-8.429366,22.698391,-0.34049493,10.80639,-5.6101065,14.554344,2.0572388,11.268791,0.10863813,5.883293,-4.902314,11.501083,-0.48665497,6.889428,0.27877742,0.35182872,1333.062021160838,1407.1323293737664,2613.979217099472,2706.008149200529,1124.9404525717187,1130.6207160699075,12.75418921250604,12.30733070195569,0.0824920224471831,0.0966538732707752,0.009343369,0.025166731,8.22
healthy,220ee992-c9d0-43e6-b709-3e5884f914f2.webm,-445.24997,158.1683,22.670609,51.20486,-20.75881,38.33339,11.969641,18.773563,-8.67553,22.968159,8.01007,13.691893,-12.57164,20.851103,-5.549374,11.6524725,-2.6897864,8.392229,-6.666915,11.517647,-5.4223757,9.703781,-5.450783,10.046414,0.9881916,8.221142,0.5398692,0.3032466,3317.178399953845,1113.4339177358754,5957.636378088663,1873.5156637132734,2316.2135123164985,642.6761511546725,19.214187648230954,12.59882366062303,0.4755904796511628,0.2814240461339925,0.028205637,0.06860104,4.98
healthy,20504dac-75db-4166-8d24-4c7dc5782765.webm,-588.00244,152.67151,28.18594,44.25887,-10.554606,32.390797,6.653896,18.407984,-10.083257,24.861443,5.5584736,13.508131,-10.099654,20.077717,-1.6872505,6.8384247,-3.8357587,9.013854,-3.2254083,7.5470777,-1.1990376,5.536402,-5.8956404,9.652556,-1.139791,6.844477,0.2877344,0.35098127,1285.908491068218,1489.5124486876782,2452.284855413211,2829.891028912359,1060.587138294347,1125.9674213478625,14.235547600703265,11.436793713665951,0.0789060185870853,0.10419364744874222,0.005112315,0.017047454,9.78
healthy,c5b14e74-e3fa-4d8d-885c-b11a52afb4a7.webm,-531.9515,152.15639,48.75122,59.804737,-13.816275,42.425697,22.136518,23.895704,1.6092975,18.781712,5.950381,10.411196,-0.54722434,13.234608,-6.597843,15.030743,2.057217,9.651841,1.5390596,7.5664377,0.4608217,7.81909,-3.5564718,8.199158,-2.2041223,6.885895,0.54092926,0.28190383,2471.4787196843713,815.9555357500967,4610.120271381579,1460.450109588028,1977.3445826966918,529.1338428650657,19.325911029798142,12.170578066910434,0.17265739217836257,0.0857967374509024,0.013004243,0.03114474,7.92
healthy,3e1aeb24-4a30-43b2-bd6c-feff2a18e748.webm,-415.3985,137.84148,52.893974,47.886456,-13.591392,33.102276,20.637411,29.242659,-15.620086,25.816446,-3.891827,16.797361,-14.077087,20.354647,-15.492113,17.200966,-8.689652,11.878771,-9.986834,14.275577,-10.052094,10.942987,-14.310654,11.60949,-8.532258,9.805183,0.32004672,0.3211699,2096.0014862395706,987.2582487461093,3735.847116023936,1471.4542282895331,1623.9895475126505,421.4579984210641,23.040389112452722,12.017790322384396,0.14271466565349544,0.09438622235485544,0.030257527,0.06518358,7.62
healthy,eab2ae4c-0531-4adb-a5d6-4d5059c8082b.webm,-482.81396,122.84318,33.78635,48.82281,-11.208038,38.166645,-0.022052446,17.539791,-6.3939304,18.001604,1.2925683,13.973844,-4.5869145,8.057831,-4.1331797,10.7768545,-1.1975554,8.833171,-4.468042,10.561392,-2.4374037,7.2861648,-0.2222778,6.2539697,-0.070198774,5.9097595,0.39310557,0.31106827,1981.7716986544974,990.9564144171571,3799.320602416992,2117.33624904648,1806.0114542321764,800.7118698076381,20.630072301701382,11.247254691285882,0.20151265462239584,0.17192329277066692,0.019852204,0.06683953,4.44
healthy,4283550e-8fe9-4495-9b3e-11ab3020d254.webm,-460.0536,152.93605,21.335447,37.01954,-20.82535,34.57638,5.7817106,21.737354,-3.8143373,18.336498,1.9354429,8.07528,-11.944832,21.635513,0.42111778,12.26842,-4.9133496,10.300306,-2.4152467,8.133096,-1.906049,7.8063426,-3.8769495,7.5222373,-0.40572107,5.698347,0.5234594,0.29314378,3134.72265668902,922.8704156896022,5636.063272083709,1537.2776296801082,2230.973713445679,569.8711468773184,18.92175718810609,12.389246936622543,0.3268522958032491,0.19429196592769168,0.022677822,0.06641118,6.42
healthy,481cb025-198c-45eb-8650-7a24a801b133.webm,-464.04318,167.97028,22.46862,49.06552,-18.823776,38.59931,18.284771,28.649458,-10.854399,23.936544,-0.24455746,9.35442,-9.166984,16.57162,-2.9508262,8.110845,1.034131,8.229447,-1.2225455,6.6030626,-3.0408473,7.8696795,-3.9947884,9.255238,0.25058654,5.236584,0.23639524,0.3253099,1327.2444446697853,1519.2992498499768,2354.671069683057,2563.882001625139,987.3280912346237,1029.2129650146662,16.993231358532686,10.909942607713509,0.08868552836196683,0.1212549100098917,0.027339535,0.062205046,9.78
healthy,4c8e2644-0e48-4646-af30-d9902277131d.webm,-410.0632,214.6179,70.0013,76.19136,-52.75398,63.49314,-0.06385087,17.360346,-12.645815,22.390463,-7.9191,14.408322,-22.40673,23.454882,-1.5813776,10.779942,-13.520648,16.40407,-10.487786,13.803303,4.6532536,9.787133,-10.067462,12.714095,-1.1516682,7.5801945,0.5098181,0.28429058,2663.525633921691,1141.067972018602,4587.490743483412,2046.5934349866939,1886.5116310491192,750.6144759522242,19.780679143304237,13.171580159629334,0.2788062796208531,0.20354418693160534,0.050270315,0.06766727,9.78
healthy,87b9c879-63b2-46e6-8f9d-8555b5fd74d3.webm,-439.9053,136.46211,44.48092,72.17067,-14.125762,33.74722,-12.996265,21.324282,-13.465297,25.13452,-4.4391885,11.429468,-3.1476533,11.030078,-0.59277207,9.530852,-0.6680229,11.795747,-1.4845572,10.813078,-0.9664474,8.181976,-4.1770344,9.441069,-0.8619435,5.7652774,0.5047932,0.3263633,2619.3718536319834,1271.6156786033787,4848.450307377049,2636.284738464251,2066.1767529061476,905.7316931073238,18.852338283091594,10.700961875366191,0.29273204222775173,0.2388949292036942,0.041301344,0.093725964,9.9
healthy,bb525d5e-edb4-47a9-a97a-66ba8783d626.webm,-438.39896,191.69142,34.3842,52.2774,-26.873487,37.8345,18.036497,30.034643,-7.5063744,22.218546,4.3145423,19.50987,-15.983775,25.072927,-1.0610921,8.384557,-3.9599338,12.131331,-7.001194,12.033263,-1.7407187,7.8934045,-9.559876,14.337538,-2.3715813,7.426556,0.32817644,0.35288408,1804.483865508089,1796.997818757061,3107.6526176638718,2967.8108520764044,1176.7060564111875,1059.3166962022729,16.118444312615328,12.294330353803987,0.1002564469004065,0.11098829571679107,0.032737244,0.05993744,5.7
healthy,f587a047-25b5-4991-bfea-22fa573354ff.webm,-398.6229,166.45518,44.869656,21.186796,7.091033,13.17963,19.79966,15.1474085,-6.2194963,15.523925,15.330214,10.408453,-8.263137,18.895319,-0.59859294,12.017697,-3.2589917,12.360244,-6.808408,11.172346,5.136794,8.102203,-1.7311726,6.7717414,3.259062,8.60466,0.6024693,0.25429726,3625.9686494233565,751.3999457888345,7035.537637246622,1100.129710718419,2879.3480840572715,280.0775668746849,19.31267094102862,12.619632123519551,0.25997677364864863,0.09362737113919603,0.025344534,0.056076404,3.42
healthy,7b85b8c0-9f3a-4c8a-abbd-eb5decd803e8.webm,-308.8447,201.12744,71.06265,47.549034,-45.32507,59.764664,15.803307,35.32944,-36.632866,38.086792,4.1430216,27.890724,-21.142645,17.580017,-8.050326,19.278133,-8.015012,13.175716,-10.796588,19.954,0.3590496,14.669141,-2.1678357,16.642864,9.632057,17.537552,0.28679407,0.33212614,1953.9379382378652,937.9329196961287,3518.2036301185344,1796.1408604604183,1512.9946538725221,571.2122274688334,23.80435751266185,13.220784269056958,0.13538299209770116,0.11326870503904377,0.11139777,0.11677333,4.02
healthy,882ad260-b193-4e9b-a2e0-c5c256c269de.webm,-676.3522,182.86215,26.306295,49.23586,-16.9186,36.216587,21.316113,29.873257,-4.30193,16.844763,4.426048,13.234121,-11.620492,26.13786,-0.04488757,8.490415,-1.286318,7.7773685,-1.9136668,8.966611,-0.5989463,4.664402,-5.040659,8.276758,-1.6760715,5.9940214,0.6349094,0.25263512,3382.3547184404433,797.5068859688826,5923.814296055507,1396.4793780045813,2318.9997946091344,501.59153159388126,18.56477347595897,12.497662516905844,0.48781345607517484,0.24438064492348804,0.0054596616,0.014282357,3.3
healthy,cdfa748c-d2fc-41bb-ae29-4bfe0bfe34d6.webm,-426.7663,129.83282,37.10629,60.88761,-12.499053,30.675793,6.8695493,21.189796,-2.8105428,18.527214,3.07019,10.794622,-1.3492632,9.316716,-8.11361,13.484282,-8.549052,12.925488,-4.849157,11.470428,-4.8481894,11.176937,-5.9690113,10.819959,-2.7599049,6.707996,0.26916152,0.33244216,1330.32337504189,1600.8088052604742,2273.606613447081,2579.9949458628544,955.4111167467356,978.4022682669986,17.38774805049716,10.432358196025586,0.09380988354952831,0.11374743511572032,0.024904905,0.058405764,9.84
healthy,a0903fb2-0b19-45ce-8b89-b0aa44e35a71.webm,-300.81784,147.25882,95.91794,68.99711,-14.86943,48.039627,9.97481,23.137772,-10.9144335,26.721598,13.9312935,26.768755,-21.54336,26.06932,-20.749077,20.031456,-12.34996,17.366796,-17.821745,16.440989,0.93026733,14.95899,-7.8258014,14.41817,0.5683309,13.511599,0.33092457,0.32247514,1664.9690435467476,985.2087207653738,3127.068203218228,2068.187614476209,1476.74269690292,725.0336833422375,23.504265204765925,12.064961868092917,0.1426771796688544,0.1255069090297135,0.110335656,0.111042395,9.72
healthy,70b52b93-2765-41de-86cb-e0a5e38489b4.webm,-374.20972,176.37198,59.457676,48.305866,-30.234863,50.445312,10.38408,30.3923,-14.2606325,22.983519,-5.3142905,17.57666,-10.755248,17.49787,-20.53466,14.279439,-3.1620905,15.825285,-8.151865,9.067189,-8.90386,10.1924095,-6.251885,10.445741,-15.79486,9.811175,0.42338735,0.30005893,2951.172263687183,1086.8596014876784,5123.1644277497535,1900.8654917591318,2109.7094068407423,646.9293938190913,21.326497549002426,12.184091345063235,0.22006105437992127,0.10409532202771417,0.060333706,0.099727504,5.88
healthy,ddf68304-b9e1-4c37-b45f-37f7c3b61bf7.webm,-446.94922,117.458626,42.7609,53.565125,-7.5244565,26.04995,6.0062833,25.340828,-13.169622,39.05286,12.375481,20.299479,3.8175743,19.365303,-2.6945014,13.902906,0.0036677234,18.472197,-5.78975,15.383812,-2.7255342,15.705899,-4.708528,13.399561,-3.139584,11.734154,0.33061865,0.3205484,2208.621658697447,1525.9574192904986,3765.466538915094,2424.6296205586727,1541.8468295389775,834.1434620025641,20.979763967159954,11.700934404716623,0.16888658055719338,0.14844216481574832,0.018850584,0.04735682,9.84
healthy,ec6f3f0b-1163-444f-a78d-6992b872c859.webm,-500.2596,139.10126,42.517544,66.618256,-10.605262,39.812904,1.2769126,16.5075,-3.3344066,13.632289,4.675112,12.6997795,3.4310894,9.957498,-0.06550598,8.219727,-2.399749,7.023971,-6.066505,12.011372,-3.4207942,8.256665,-3.8265064,9.446605,-0.4157358,5.412095,0.3034666,0.36163393,1164.6191250642735,1585.9805588461538,2168.3486938476562,2708.364552847825,1056.710662622868,1083.662987156026,15.915223723717832,9.529478009290882,0.038431803385416664,0.04242980488721686,0.02574879,0.053585272,2.22
healthy,ebfdaff0-e851-4c5e-abec-e9f2ae1785a7.webm,-451.54672,126.75146,80.2017,73.090065,-9.970095,28.795567,-6.171756,29.70735,-5.6061134,31.445452,0.25535873,16.471048,-9.086863,16.692255,-13.270296,18.467258,-6.6556625,15.438504,-1.469607,12.231244,-2.06968,10.826644,-7.092804,11.520053,-6.0253882,11.421659,0.3648506,0.32346305,1607.635500617241,804.5920066102025,2960.713857974646,1755.8240259954298,1559.0197680580275,642.4854939179498,22.21593624054381,12.127282481832118,0.09425440374410378,0.05785083899007643,0.025384223,0.035733037,9.84
healthy,6648cb81-abf5-476b-81e2-0abe5be299e4.webm,-508.36716,165.96866,19.115921,41.875008,-16.725077,32.705273,0.13138603,9.065527,-18.326405,33.952003,4.5130568,10.628999,-6.936035,15.996412,-0.4090888,5.2818785,-8.226033,16.702547,-5.431187,12.49658,3.4993274,9.824438,-4.6008825,10.673639,0.5340025,5.830264,0.49814317,0.2806198,3406.030854162021,605.5085777033754,6241.7465089812995,736.6851101022323,2476.83628821102,377.8169202991996,18.925045698477447,12.49387667508878,0.3470987635334646,0.11209422887890072,0.02253355,0.062344622,5.88
healthy,c4204b7f-e673-499b-8d8e-d6c7b95e04b4.webm,-476.27142,155.75702,30.869545,44.941803,-2.986247,27.080616,6.8224263,17.257866,-4.9882007,19.281836,3.6039333,16.03979,-14.457296,20.21894,-3.9051607,8.899865,-6.9909644,8.79559,-4.307735,5.774881,-1.9375488,5.7355576,-4.556313,6.524718,-0.004290974,6.561956,0.537019,0.26144716,2364.980855405452,798.7319096268707,4514.267647548874,1172.9133537911218,2024.3838445279616,305.3918563256293,19.04214719548992,11.450516785267869,0.16270179206161137,0.10090293651988227,0.034949508,0.11748532,9.78
healthy,7cfde4a8-3146-41fe-9f12-f11241c2ba59.webm,-445.72845,175.56734,41.394257,41.857754,-11.241177,39.964924,13.985638,19.005508,-10.029225,25.700245,8.52749,16.806116,-13.364872,20.034437,-0.84648687,10.642959,-4.089007,9.185358,-3.3984282,12.108023,-4.3522625,9.508359,-7.656185,10.85275,-1.1556501,8.034973,0.45135686,0.30255556,2124.797611346283,865.9360105471051,4258.088864873371,1641.2445948773304,2070.402215246308,437.2943327964243,20.157612178029698,12.281926284203976,0.14644156361078198,0.09284489147132328,0.029846454,0.069337316,9.78
healthy,1fa034b6-d000-4066-8ad6-3f17e739e65a.webm,-525.381,155.85825,28.825674,52.075603,-13.483794,31.62056,5.3051414,18.457125,-2.3612933,15.399705,2.974024,11.9324875,-2.5897677,9.862962,-2.8539996,10.162094,-7.997031,15.151997,2.5368335,8.48203,-5.1870813,11.404731,-2.2396307,6.2576447,1.3942686,5.8825283,0.54068226,0.35619226,2983.8718036135606,1755.9018715764416,5361.158147847877,2958.5824403699594,2135.1947183825378,968.1296700361831,16.200759732706544,11.833217841507784,0.3199647147700472,0.2530757780845487,0.014996549,0.03588575,9.84
healthy,1a496dea-1bd3-412e-af9e-09799afcad72.webm,-487.39432,160.43501,64.64298,58.42387,8.655019,31.312456,14.195453,15.141062,-12.706028,20.71592,-4.4736156,11.21103,-17.264605,8.851657,-13.720405,6.84385,-11.294833,7.6400447,-7.719821,6.4373307,-1.5236591,7.4905233,-4.7167435,6.887585,-1.2667109,5.9273443,0.44085786,0.28571936,1850.5355443256894,609.09883464093,3960.272419283175,1255.1615943721845,1919.9439974967452,357.9788691029341,19.30058227940248,11.760953391048918,0.09824056760959715,0.06307057942846453,0.026579147,0.06277533,9.78
healthy,5cc60202-8998-426d-8e01-e05fc091f7ed.webm,-413.8421,187.18037,76.608986,56.113884,6.2570586,25.748312,9.743002,15.704854,16.425856,14.612426,9.81416,11.360007,3.83201,11.825255,-0.90643144,10.137573,-10.294086,11.243246,-8.491006,8.631314,-5.6491327,10.55864,-9.738186,6.152695,-12.586033,7.185703,0.42807132,0.29411116,1587.117375224144,688.559625495185,3155.4197392261535,1318.943047821727,1840.7920986121385,461.2907764234352,20.779794917242214,10.610357584038583,0.07026135832294264,0.03939497933174973,0.050867103,0.09262571,9.3
healthy,78bf4dd5-0b57-463a-a893-ab67e8fbbf7b.webm,-509.25775,127.358154,40.79132,62.899605,-0.54440343,35.02756,13.323896,23.748075,-2.8872445,17.66559,-1.2559009,12.277816,-16.17095,19.265396,-5.787092,13.630427,-10.123819,15.606804,-11.598532,17.21442,-8.740999,12.566896,-5.9631743,10.919014,-1.1372998,10.645368,0.26070753,0.33113173,2099.7971716585166,1757.8180994029597,3620.9299915241745,2871.489652155342,1558.0974515703251,1024.367583665506,18.974117326400773,13.4747462293374,0.1497791218307783,0.16844832888005715,0.018040763,0.042565264,9.84
healthy,1141e3df-eae4-4458-8574-63e809c6a7cb.webm,-402.02573,174.63588,50.742107,59.770405,-55.520737,61.17375,1.7601056,33.079037,-23.149933,27.22443,-2.312285,20.409185,-7.759148,15.474108,-11.793206,19.592995,-0.28411564,18.051746,-9.651633,18.045012,-2.9609306,15.293436,-4.344297,21.575449,0.86397684,13.919571,0.30284694,0.33047944,2070.4943281086007,1175.6649219080061,3681.149896517005,2178.684700260369,1468.54484006401,841.4425430861529,21.180487158692568,11.597833749521962,0.1420525525805489,0.10818272661892067,0.048930842,0.077083856,9.72
healthy,a8ebdb1d-a90b-47f8-86e7-c567f4f07a3e.webm,-399.6833,186.93729,28.07752,44.81765,-24.7165,43.70728,7.7365026,20.708834,-10.671568,21.469227,5.0807996,20.394812,-10.363944,16.756727,-0.5590354,13.885442,-9.478568,13.864955,-1.9975431,8.499298,0.039663248,7.953765,-5.604258,9.159804,1.1952235,6.6308384,0.25697008,0.32602233,1493.2774577739158,1734.8240464855908,2542.1831089815646,2790.593767946373,994.2467693047403,1002.201532205022,16.576857724430045,11.57022567276121,0.1103597590677458,0.1332483186454992,0.046320077,0.09476892,9.66
healthy,a5dfa037-3c01-45b4-b43d-67d0d1bb88bc.webm,-425.09702,185.42946,23.787905,45.125843,-26.722265,52.46206,4.704396,13.213583,-3.9094706,14.403391,6.9014964,16.140429,-8.451543,18.406307,-5.643648,12.143153,-0.6325145,3.9827328,-1.0609231,3.9016414,-2.193744,4.9811797,-4.2510753,8.699619,-0.45179835,5.909654,0.531325,0.31180492,2889.6004038424553,605.0829144201501,5161.1136104283705,1296.4168887459118,2156.420882747043,586.0211786826233,18.354102378972847,10.858009932681169,0.3826991163389513,0.18939673020620634,0.07939285,0.16861437,6.18
healthy,3181c412-b9c9-418f-ae37-41284cfd3c92.webm,-340.5268,172.14224,102.90943,34.762306,-8.17026,46.443497,1.7291502,13.914196,-2.9607797,20.995066,2.5180874,13.098444,2.63463,12.024786,1.1639727,11.799578,3.632514,11.735911,9.273404,9.261629,0.2193172,8.038244,-5.9516945,8.963294,-2.057796,7.343766,0.46980324,0.2791564,1488.865062533798,484.22240867754977,2647.127117496906,1073.0295369599164,1682.116034580853,366.3773831130538,20.612538902226923,11.515555621743935,0.08312383972772278,0.048088971545749974,0.068651386,0.13389546,7.02
healthy,dbd745c9-a033-4f67-b446-bad1bdf58e50.webm,-569.7884,201.37242,30.012526,54.893658,-10.055242,28.735094,10.791356,19.653097,-7.5906878,23.58012,7.8250685,16.27173,-13.736267,26.908672,-0.36297458,5.883466,-6.9945636,12.913802,-1.1014676,8.590536,0.9616016,5.1243324,-2.371683,7.1552367,-1.8909343,5.2904162,0.3767911,0.36076814,2220.855379471257,1804.2262123238918,4193.51953125,3252.284136521233,1718.1484945838592,1210.6111543411607,16.615953347786416,11.465812348515003,0.1682986111111111,0.19006273994890766,0.016502997,0.03441391,5.22
healthy,51be6b85-561c-48e8-ac24-66ec3e7ba4b0.webm,-644.29846,71.80496,22.991934,23.972649,12.096963,17.844452,12.997841,10.846126,7.373128,12.2297735,7.634783,8.24365,4.628105,8.532817,3.489946,5.837303,2.6575096,4.093215,1.5186043,4.1814756,0.13117565,4.1162553,-0.9796215,4.2072167,-1.138695,3.2847183,0.6045856,0.2509063,2457.8881907701466,629.6848929489952,5058.487288678279,1156.7880638396437,2333.4331749132493,396.58386909705905,18.217968765792957,11.783078257497369,0.14760616400761123,0.05586855289539041,0.0017360245,0.011686482,9.9
healthy,69e1dc40-b8cf-4458-93fe-c45bdf88c0ce.webm,-377.73682,181.79295,39.537678,55.927235,-22.134596,34.541775,7.7082467,19.44969,-11.898381,22.158106,4.933191,16.06891,-12.022187,17.134653,-5.158945,10.448028,-4.3901076,10.811723,-9.010315,15.940423,-1.623131,6.424625,-1.9144152,6.329748,-1.4220831,6.050645,0.537207,0.2818978,3084.041056948545,999.9802961490354,5802.366162909836,2018.4958333244747,2352.4213289181585,667.6837518824103,19.223992777149334,12.049979612373956,0.44557893918325525,0.2830411764340464,0.054158673,0.11590528,9.9
healthy,ea39407f-0079-4feb-9e0c-5d884cc6b9ac.webm,-451.41776,191.00253,49.72621,66.78534,-15.144252,38.220776,10.398458,20.82733,-11.065374,20.301966,1.3671521,9.321649,-6.9221683,13.869328,-12.181958,20.537811,-8.622753,13.729354,2.5666363,6.8999014,-6.244502,11.148747,-2.1826649,5.771729,-1.9821784,4.53224,0.5062706,0.27347884,2135.157677770339,572.3775015653625,4027.101926037865,1159.1616175722827,1877.8865213768586,419.6039763362325,20.375870884775306,12.358435414092249,0.13851861884124086,0.04576667069880641,0.03870236,0.07323373,3.18
healthy,ad8c9996-8295-437d-afb2-ad884319c626.webm,-473.94827,176.26932,40.205173,34.485287,-5.080936,22.99397,-7.443995,25.857777,-4.3839927,16.325039,-2.1941981,8.520304,-8.226041,11.622175,-6.7942634,10.865414,-3.932603,7.485485,-3.354936,6.5340548,-3.9476528,6.314249,-2.3182392,7.0849204,-2.427298,6.3906755,0.49989966,0.2830142,3204.7147299614835,829.9558064943533,6970.908043032787,1978.16043651047,2978.006444930222,482.50333561837806,19.086843405561517,11.298039596348712,0.1936281012148712,0.0711356414940327,0.019204952,0.04451738,9.9
healthy,0ba443fc-b3ab-4546-933b-87a64a3d96c5.webm,-549.30536,145.49146,43.525097,45.624744,8.657697,26.055347,23.038733,25.097692,-0.0078115584,15.696628,14.323143,18.761826,-8.529451,13.260857,0.31527844,12.116585,-7.2460437,10.956205,1.9040983,10.739867,-3.7431479,7.1131887,-7.2416983,9.549928,-0.109141044,6.7287154,0.5404685,0.28489822,2786.6477354677795,844.9861928105238,5481.835628461235,1329.7966356972306,2311.009776742423,344.79344650212704,20.01855165738818,13.716013861840068,0.18769623961629747,0.10334776962914373,0.010298592,0.025503067,7.32
healthy,d8a3f955-6fcf-486c-a137-dcf2910f1af2.webm,-542.04474,170.03667,13.815412,47.214252,-29.937925,45.402897,26.285591,39.191204,-11.346762,24.386164,7.2434535,17.24945,-5.4614406,17.133533,-4.893102,11.767442,-4.6389422,11.841241,-2.338162,10.217729,-2.550169,8.972889,-6.6621532,11.420767,-0.8500251,9.630429,0.43347552,0.3675323,2982.9195110871287,1946.9391369641023,4736.999972361438,3022.0483615963676,1603.2558409555022,1048.697057887392,15.131037426904074,13.084115221208872,0.2005039431014151,0.16206684079837957,0.013688677,0.03589606,9.84
healthy,efbe9a35-cbe1-4770-b572-5a6525000a0f.webm,-468.1642,212.96568,30.526333,38.285057,-31.360079,42.268383,13.220975,25.232796,-28.115816,37.130016,5.887518,16.44778,-16.556494,21.93636,3.0104637,15.298909,-11.91254,17.745903,-0.23213433,8.350519,-4.3446717,12.760309,-7.377597,12.814376,5.333635,11.045075,0.3449021,0.3440571,2128.791173288288,1502.4492003904243,3976.17907914959,2716.212789048871,1585.1020071599496,1048.0844355781571,18.894385284808745,14.050751412093126,0.1342681956235363,0.11503090599726219,0.026618252,0.04888146,9.9
healthy,ebf61a29-25fb-4561-8490-20072f024d5b.webm,-536.87317,151.63643,22.723333,46.16627,-9.914133,25.361115,11.699134,26.83031,-10.434104,22.016876,2.5354028,9.901281,-3.293978,11.736214,-8.536431,17.643522,-1.4319353,7.0790257,0.4242621,6.0464754,0.5384083,7.1537623,-3.3987489,8.141691,-0.7445773,5.021366,0.29597887,0.35306147,1508.5821136308723,1549.2592228217347,2782.516346807065,2817.9661028469204,1149.8586844073484,1161.9952841218485,13.975078532160278,9.908806157588923,0.08998174252717392,0.10599966109553931,0.016326664,0.050821815,9.6
healthy,c518d7c3-7758-4c0d-87b4-d90ae242d8ca.webm,-553.27,141.9707,32.605873,46.169537,-9.58289,28.522856,6.4638166,16.810389,-5.93911,19.863293,4.1387405,14.203846,-4.4093094,11.882637,-2.67387,9.057562,-8.540331,14.701045,-3.7716582,9.108547,-2.1464562,7.7083054,-4.7394047,9.105462,-2.2759168,6.634466,0.5584386,0.31647968,2739.4307288111136,972.9251485147778,5333.403677310584,1901.9175783691242,2320.583931428112,549.529540090535,18.56314252582578,12.691716114081968,0.3396065190153302,0.24433569594219434,0.006609163,0.018418157,9.84
healthy,e7b03100-57c9-479b-8a19-faff1bef6506.webm,-556.45074,143.47723,14.975545,35.306435,-3.976239,20.780912,8.065487,20.073353,-3.0013323,16.04757,6.155921,16.177477,0.14391468,4.5950017,0.5264771,3.6674232,0.2613487,5.2577467,-0.8731297,6.9005704,-0.31488907,3.7184818,-2.7093577,7.490805,-0.24453603,3.9011862,0.59599745,0.24986959,3123.819788960042,619.1329520594452,6127.5421142578125,1061.3129477763578,2633.288179123568,383.8502519646074,18.468227466843036,11.055046672112216,0.3104790581597222,0.13099999338328322,0.0138005065,0.044838972,10.02
healthy,22129ffe-8f9f-4663-8cea-14a6c0301f33.webm,-369.45813,187.36389,40.127483,48.777317,-10.499077,27.75602,-6.028308,22.634686,-0.33550912,15.522203,-0.28090465,12.969964,-6.417882,10.370736,-1.9380407,12.803325,-9.221182,12.880171,0.25064722,10.505658,-4.224931,9.5000725,-6.9902515,9.43263,-3.350857,8.067386,0.45446712,0.2923067,3047.691435654257,1152.1904922362805,5962.453173027664,2152.303955686743,2564.0614536987296,548.598295008721,20.783345480303524,11.833768859002737,0.22607193171838408,0.1346891617428922,0.041783784,0.075583056,9.9
healthy,e3c10f4c-73c1-4e9e-88c7-5052e418c100.webm,-416.85562,162.97264,46.320965,38.262936,8.846594,25.889202,7.550675,11.603501,0.99516714,14.081603,6.7699137,9.315111,7.231825,9.724324,2.3612232,9.647928,0.32999033,9.672198,-0.5296896,7.4089904,-8.223641,7.1930466,-4.9471297,6.5443406,-2.998008,5.659858,0.48638982,0.28068587,2191.424966413492,760.056789629111,4768.968283913352,1639.8405664208378,2430.59357043217,392.6211051408271,20.497106842989037,12.292672563638344,0.10451216264204545,0.0440057959499969,0.03220588,0.07167723,5.1
healthy,b31e5c5a-4f9d-4087-9c1a-ee9e473d3be6.webm,-448.42496,140.3371,75.10661,56.09241,2.61946,38.412415,15.680569,19.11371,2.4398391,19.353724,8.879068,17.804947,-10.649092,16.66312,1.9329702,19.08861,-6.859815,17.75815,-8.926449,12.22909,-1.4410899,9.878557,-11.608152,13.140403,-3.731545,10.409597,0.35365957,0.33662516,1649.82929611148,928.7977379858183,3428.019915886645,2096.773796319115,1780.2823809373224,658.3928921520602,21.232874941713845,13.26897369589018,0.07953571823408019,0.05666064447840566,0.025641505,0.050412707,9.84
healthy,72b95c95-1a95-437c-9d52-86b53461b304.webm,-497.6161,184.28143,38.68775,54.652054,-21.254017,33.281387,6.259406,15.905595,-13.92434,22.458681,8.071866,15.489574,-11.244617,17.345352,-5.9324684,10.210374,-7.54361,14.432233,-1.1415269,6.1531806,-4.010661,8.407375,-6.218151,9.775349,1.276262,6.402275,0.3333598,0.3502958,1814.2622426755158,1671.810185721772,3329.3683897774176,2936.5111075230834,1325.7033071013668,1100.9068803318037,15.087150160461926,12.982758731436608,0.13873981979658018,0.14946841294954413,0.019283501,0.039506774,9.84
healthy,5b0e3108-fb8c-4a45-b98e-bccaf4bc22f4.webm,-554.7426,104.12332,15.934501,44.45972,-0.568492,22.877438,6.4060407,15.999398,-0.20361024,13.848751,5.391102,12.570182,-2.5358407,13.3041935,-1.1970568,8.409208,-1.596252,10.085902,-2.5803251,8.722123,-0.7882444,7.859547,-1.9503409,8.343155,-0.89872646,4.513127,0.15149623,0.29585287,616.1371739799779,1296.1537227159877,1101.4590584271327,2246.9983031925512,553.8256921566871,936.6311945731449,11.833496437268712,8.419370324933107,0.032154824496445494,0.07046845399142271,0.008842736,0.030815855,9.78
healthy,3d226764-4e58-4edb-898d-bb14d57effbd.webm,-495.3753,132.48001,38.135002,52.253613,-10.261529,29.555279,11.6228285,20.20641,-4.195053,31.75617,1.4055272,15.063516,-15.411871,21.4383,-8.087744,14.25978,-2.939828,10.587117,-3.5505104,9.695355,-4.220118,9.491884,-8.525065,14.107291,0.76298445,6.568376,0.2224395,0.31803882,1403.4021022854195,1588.9429417778279,2532.2434556427725,2608.807349647867,1076.6688645399436,963.793758882232,20.211104347262403,11.416258284127377,0.07341690425059241,0.09950687374831883,0.015504367,0.034782726,9.78
healthy,011a31c2-9812-4521-aca4-ccb04be99a39.webm,-412.274,185.09215,43.47656,51.121284,-4.540506,25.653858,22.039322,24.38424,-15.658979,24.650858,19.226852,26.88931,-25.511293,31.647242,-6.6457753,17.427843,-9.840064,13.542196,-0.19548646,11.11351,-4.342523,9.420062,-16.945665,19.16071,-4.468935,9.06126,0.29056492,0.33525658,1902.0985817436058,1558.633162562793,3694.1233874054396,2862.4849931452663,1530.567340639715,1126.1416843025747,19.407756764435554,14.617198394038377,0.1312787058717579,0.1269300675034985,0.040955592,0.0631064,8.04
healthy,121305f0-7c36-44ad-a7ae-50b935f850c4.webm,-497.21667,166.9747,49.338093,55.873447,-12.603153,31.386374,2.6046216,26.09597,-27.795746,38.094032,-13.564044,19.951212,-17.876465,23.111258,-2.626568,9.561702,0.13723399,8.966886,-1.300734,7.3107853,2.8604178,7.812931,-6.850081,12.607003,-0.2447908,6.953275,0.44230208,0.3595371,2275.0577086054377,1582.0958759698697,4180.413780914494,2619.3226879080757,1773.65723544214,918.5318679239397,16.481935388676085,12.440149667892593,0.1419520465874233,0.12485570137007063,0.02599247,0.058690954,3.78
healthy,06e989e7-b76d-4a36-8c5c-c59ef0d9d663.webm,-468.2002,142.41322,36.831806,67.52904,-5.937877,22.578512,5.6792717,14.284143,-0.05214691,10.313497,1.9448918,12.99782,-2.4240801,10.22228,-2.219489,6.399483,-3.4821434,8.264569,0.61489904,3.8294272,-0.7588734,4.817479,-4.896803,10.61181,1.3462244,4.6857243,0.5776613,0.2485951,2642.8504975895817,940.6401427113104,5078.21100129554,1783.6632361415352,2186.941480644999,587.7044768888768,18.407638909397463,10.66331094778821,0.17245161353643215,0.07684872043882279,0.02779318,0.07299987,4.62
healthy,a65ddbdc-34de-466d-93a1-f3bb2e949bb4.webm,-318.72482,119.38098,104.686935,68.225815,17.529312,22.828573,10.039397,17.811142,9.034908,17.728745,2.51843,11.48479,0.37350756,10.847024,-3.7368279,11.442798,-5.0924935,9.718113,-3.905431,9.674192,-0.93594706,9.305845,-4.8606744,9.45724,-1.9550683,8.094295,0.4854542,0.302885,2132.3596527353734,1184.2170695249604,4384.968278791521,2690.1273536182225,2230.957446356469,850.7552556593627,20.240930180295663,11.31963556216267,0.11347360321969698,0.06271532586314742,0.102615125,0.1372382,9.96
healthy,1b8ef2b3-601a-4ef2-a481-7fd3039a359d.webm,-517.3993,138.07675,40.65908,58.74361,-5.476502,25.216463,-4.3053904,35.018097,-19.025887,25.168785,-2.0195153,14.30845,4.558237,15.108724,0.4988176,14.995545,-1.7381809,13.030044,-2.7208233,7.5977993,-5.0916505,12.505547,-3.4223475,12.054218,-0.45444882,8.182283,0.29078224,0.34026617,1472.7057461673803,1243.9731329347976,2635.9767225922133,2328.385546247466,1292.2093907606525,936.8205511295589,17.06298375019945,10.727312810566332,0.0836093018149883,0.07781768334820287,0.023780925,0.06864441,9.9
healthy,bf614ab6-2fe2-477d-b9fe-6351b79e38ac.webm,-414.42792,169.16364,55.10827,53.722816,0.67869896,30.319063,16.702892,20.972597,-0.88288796,20.940203,12.267532,14.656085,-10.846385,21.31482,2.0792878,10.202551,-6.243339,13.467636,-2.2578428,6.7647667,-1.4167329,6.0602207,-3.6634176,7.048989,2.0572612,7.3479214,0.5051288,0.30010742,2049.6682801992365,877.9420433092521,4343.378185835041,1727.0239716239648,2064.09239378154,461.0057932941996,19.904507957734207,13.568112498357925,0.1212584162763466,0.08912317193085928,0.03660357,0.0829423,9.9
healthy,c4f90c6a-6f8a-4ce9-bbdd-ef457e294a29.webm,-550.20544,119.88164,43.239937,57.86049,8.318137,26.37179,5.0675716,18.541796,-10.073519,21.575243,-4.8726554,13.682899,-8.785487,14.241027,-6.1211557,12.057222,-9.249728,12.616747,-8.268667,11.526574,-4.452665,8.720726,-7.785585,12.700882,-3.1481087,7.764844,0.24428447,0.3364516,1358.944114055156,1505.576588200985,2535.7642874333533,2843.4979929011706,1288.1651399754815,1090.4541845993724,16.897363877095863,10.660978874807427,0.0788921338122038,0.10002848325551954,0.01265855,0.034417074,9.78
healthy,633d5447-265b-42e1-be36-4f9f1ec35bac.webm,-536.3828,139.33136,28.75955,52.37511,-7.971027,30.098656,4.1112733,15.739957,-5.594645,15.887007,-0.7717481,6.4482393,-3.5232613,10.197785,-1.9099584,7.0445876,-3.9081323,8.296059,-5.2535963,10.907227,-3.7189758,7.428393,-3.6221426,7.4071918,-1.2101055,4.445016,0.30641663,0.36218274,1279.496039722923,1496.6087898013686,2486.1772380891393,2827.4712826196132,1119.161605847242,1158.6117129404975,14.43031649712886,9.320289552857348,0.08017418032786885,0.11580630646595609,0.012327784,0.036035594,9.9
healthy,1bee87b1-29ec-464c-b71f-43ec1ced9f86.webm,-407.15048,203.17358,50.957615,59.610252,-33.70891,45.024143,10.028431,34.93685,-23.324667,29.603607,3.5926988,20.55787,-16.864605,21.903543,-1.2495564,13.240578,-10.930068,17.674603,-3.965832,11.95205,-1.107863,13.023366,-6.6034074,11.731382,2.2132254,10.311967,0.41454893,0.319844,2451.7254143610717,978.0818117602693,4462.415951588115,1676.3165505171717,1896.5681517634093,622.5309126134954,20.867631195076115,13.548675572738471,0.19950348543618268,0.11106156681205767,0.04564505,0.070681214,9.9
healthy,ca3e8209-e8bd-4413-9351-fd2ddc7a81be.webm,-561.96735,131.46082,11.163346,33.50588,-2.6285415,13.161096,1.6172543,11.536066,-4.2684517,16.337631,4.8913546,15.992731,-2.7435143,11.2061205,1.8779519,8.543371,-3.665521,11.495133,-1.0609753,6.554045,-2.3699663,8.40798,-1.0711404,6.0470514,0.26202086,3.5032606,0.7027035,0.2657081,3379.1535197360627,788.3685739819558,6634.255052649457,1556.447586042892,2701.5041756233813,401.2623977235733,15.975307096690315,10.32892954325325,0.6038600166062802,0.2684661904894963,0.0102691585,0.038387395,9.6
healthy,93cb69e1-66e8-44e5-8e9c-a8e58bc48dd2.webm,-507.04025,173.57314,25.073513,46.33009,-8.549958,22.46287,11.889648,22.939226,-14.961432,29.39199,8.099839,14.709355,-8.633655,17.839815,-3.4842947,10.484652,-1.853527,7.3514304,-1.9345261,6.950469,0.83300364,7.442468,-6.7524223,11.815425,1.6552439,7.2712474,0.57248324,0.27409697,3252.492729014841,690.9043491800769,5977.989681298134,1002.970899510972,2375.240582843289,396.847936259502,18.66320448520242,12.004875828375422,0.32900436907582936,0.11650988093292858,0.02301222,0.060781445,9.78
healthy,d503dbc9-ffec-4cbc-a332-7b2a84eabe8c.webm,-390.32297,185.6516,73.42586,64.84851,-27.40941,49.019848,11.550412,27.440796,-11.374705,22.887836,6.484085,18.471987,-14.210759,16.141455,-6.351415,11.9215355,-10.9786005,12.685564,-8.664355,11.708054,-0.47420558,10.755932,-6.486544,10.812066,-1.3363789,8.708099,0.42682377,0.31311566,2113.8729517267025,949.7569738480624,3909.0075883709014,1713.102848311159,1789.484726053249,524.4325272495375,20.719351399996537,12.464835316174229,0.14485257794203746,0.08779711850648879,0.04472391,0.080502965,9.9
healthy,fa238837-cfaf-41d3-bb1a-419b2643d936.webm,-643.7331,165.36649,66.12162,33.07334,-22.824463,32.822174,26.288544,23.183695,-16.46784,24.795595,-2.6061943,19.336262,-16.618586,18.405695,3.5347533,13.72583,-17.329653,16.723352,-3.8438282,14.036963,4.2731533,13.416349,-10.980299,11.3103485,-3.5052495,13.457089,0.36219615,0.31104225,2797.2433867796394,761.1832658967517,5154.240705583479,1126.3630885326215,2185.2401930764313,356.93112414830284,22.16822287861982,13.578826705212572,0.2108817289481352,0.08321775434140999,0.0018626628,0.0032353215,9.96
healthy,09458195-7377-41aa-9a9e-2bd9377e8a8e.webm,-425.48492,214.37852,41.409107,38.341644,-19.857025,29.298914,4.744524,12.734937,-6.431617,15.017882,3.5132542,10.921673,-6.1707244,12.337752,-7.658061,14.885416,-4.070525,13.113503,6.0584207,10.96627,-5.7833943,9.450618,-0.36766014,7.0685773,-1.6022978,6.8830695,0.49700785,0.28253165,3078.9776543252187,933.2207705010774,5758.021798445352,1858.8698793944136,2476.558216996224,523.2926571297207,20.571337353644694,12.115699300776946,0.2175440189227387,0.08041610539744701,0.025144394,0.043375116,9.24
healthy,3d8a71a7-e94f-425c-8b92-09aceddcd063.webm,-526.7432,142.76283,11.340834,37.456173,-8.12175,28.144674,1.5607568,10.726237,-5.5676813,19.493513,1.9699141,8.495803,-2.5725353,9.086902,-0.8806491,4.7300234,-1.7872431,6.276114,-0.8227529,3.5799341,-0.15004122,1.7694119,0.12213361,1.8507973,0.536775,3.0698988,0.13434729,0.2782861,539.0117062193103,1078.949641194059,1073.6637907208137,2097.966900188536,490.1063931940083,921.8515657048645,12.582713997530009,6.522368226069572,0.022940005896226415,0.05748528416346956,0.025715083,0.09907705,4.92
healthy,b2e39eee-cddd-4c3d-b4fa-66897570962f.webm,-471.1479,164.95627,58.54148,47.17126,12.199538,32.17322,14.298415,25.968899,-8.721404,26.02905,6.043602,21.892998,-16.78473,21.755957,-3.811059,15.675944,-7.6857476,10.00001,-2.7604222,15.664047,-2.1944637,12.686069,-8.037216,9.351329,-1.5462716,11.040164,0.31646073,0.33113977,1879.456108646902,1543.8949558037416,3256.0543690557065,2438.746502252875,1633.3636751834085,681.9518000281726,22.22571756718665,12.166127411850008,0.17737984035326088,0.18415723671928105,0.029463446,0.06831438,5.34
healthy,e4a43f01-ad6e-4638-b94c-5a8f3b76a409.webm,-434.10388,157.93604,51.00614,65.2329,-16.119095,40.430275,-3.394946,15.080508,-4.0423408,12.80047,-3.397935,9.684296,-15.079126,21.395544,-5.9464574,9.818314,-5.8109193,10.913491,-5.1730328,9.87547,-3.614778,8.38857,-6.071215,9.809866,-3.805102,7.7924366,0.34396568,0.33409882,1755.0443232135347,1399.33450921208,3271.515959626311,2772.713673572881,1562.6068194184031,1060.5356530671081,18.490218286374542,11.076983642868234,0.1411861250728438,0.16842646483891005,0.03996804,0.08320776,9.96
healthy,d9490daf-1a19-4356-993d-adb8502e1f21.webm,-414.7417,145.86948,45.70115,58.94395,-20.31689,43.9889,5.3445196,29.232517,-17.456638,25.960575,-0.6270714,20.234354,-3.8553104,17.129332,-6.082675,17.422632,-4.7902493,15.75879,-5.8508596,12.179686,-7.868189,11.866289,-6.6368923,14.197091,-5.661586,11.158332,0.3414619,0.33017874,2322.5533937891787,1180.3914165746148,4012.673315671411,1914.008509966139,1703.182467800354,623.0333286836852,22.614158779802242,13.091217537322967,0.18124419863861385,0.11356950749605059,0.0421559,0.08415593,7.02
healthy,faa43139-a47c-4ccb-bbb1-85b77bced926.webm,-550.4733,170.93987,29.232746,48.138992,-13.669649,29.45854,8.619451,19.495987,-10.660151,22.998835,2.5897708,10.249181,-9.73479,15.442985,1.5137322,8.489222,-10.099292,16.771334,1.765551,9.96384,-3.2745442,9.364588,-1.2557707,5.959397,1.6795447,6.7514086,0.5405575,0.2857069,3134.533849284859,930.045032289338,6039.581010926445,1598.7804949629087,2493.4153973826633,539.0995243415034,19.453996649510582,14.197351074396588,0.38929719744988206,0.2373329779016366,0.0077850977,0.017164746,9.84
healthy,e0bd94ad-3476-4149-a368-f13f68f56fbc.webm,-449.0554,167.92497,52.030228,48.54303,-1.862938,32.463223,-7.734052,19.142744,-15.743718,19.102644,-16.365143,19.319853,-7.9957643,13.9734745,-5.0783577,9.406662,3.740692,9.045507,1.6730858,8.145284,-5.6233196,10.770759,-3.8418658,7.385764,-1.0542096,11.805347,0.4085193,0.3121261,2774.8046814889353,1431.8478923811904,5620.470730763562,3016.5901743932886,2598.8932734705377,783.6642711027628,20.528808313546737,11.470455851984186,0.18557911998820756,0.12858492234581534,0.030224185,0.06000626,2.46
healthy,ac8c094e-9397-4f80-af45-89072dc6f374.webm,-496.35275,140.36575,26.689774,46.57192,-15.699413,31.837872,1.995872,16.609722,-6.7259383,17.856632,-4.804843,11.848164,-7.952139,15.597353,-1.8645294,6.0426407,-3.8569756,7.737964,-1.5555199,3.9782043,-2.5475662,5.3860083,-6.9047394,13.153178,0.26872548,4.4000273,0.6325622,0.24152096,3069.3164987775444,911.6723375094533,6041.198130122951,1893.8225938558553,2471.849514429483,677.91247817252,18.151183909160384,11.65223913891156,0.5034705704771663,0.2696040802988558,0.01614723,0.052359905,9.9
healthy,75dba7f6-79d8-455f-8349-c5593292f444.webm,-577.107,112.1289,23.683475,50.023987,-7.1436253,19.990091,-0.12817267,11.037187,-0.11073629,20.839962,4.619773,12.520105,-4.1608596,12.370048,-5.5035696,12.03664,-3.2557452,9.295617,1.8026727,8.369844,2.5280952,7.0402594,-3.1849394,8.459991,-2.6038425,7.0269217,0.25833303,0.33819684,1326.1889948732335,1412.5256089211566,2489.993474155806,2636.437805907662,1173.9699732548206,1124.0861062743975,14.05420401665971,10.126219505952992,0.06902468712973933,0.07610171244045741,0.0059932214,0.019801462,9.78
healthy,f8dd68d7-d1ad-474b-8b5f-da8fb0ae115e.webm,-570.9218,136.2616,34.84012,61.516735,-6.290317,23.907726,-4.582149,19.725594,-7.0414305,18.876457,1.6088247,14.165712,-10.757431,20.071777,-0.6180112,10.370808,-2.910216,11.455716,0.35263625,9.167329,2.132663,8.4528675,-4.0214057,11.395899,0.585507,5.885769,0.53785425,0.33536804,3273.381644690314,1501.0560758858726,5899.5208740234375,2545.49829754302,2383.590436988214,687.5783388758202,18.52937637966597,12.013540322189808,0.41481236049107145,0.23801242510745185,0.01146592,0.034796417,2.58
healthy,046545bc-7f2c-4425-9be2-ffc22bba515e.webm,-404.17404,154.82622,72.96203,75.87447,5.93103,34.32836,8.509036,18.619492,-7.730859,19.245527,-3.286417,15.991186,1.7123975,13.143072,-2.6101298,13.569039,-1.5903821,10.000784,7.837741,12.203098,-4.5467997,14.473809,-5.3539286,11.28717,-0.7510274,8.997794,0.40383348,0.3228098,2139.9656285831716,1318.1089260913423,3892.9459368596313,2457.9003956077813,1972.839436347268,733.3037853795736,21.383463517621568,12.14270628796492,0.13191140954332553,0.10138822765588897,0.043746844,0.07324387,9.9
healthy,3f1302b2-05e5-4af7-9bc5-204ae0acb9ef.webm,-306.1378,181.4712,50.96747,64.26165,-13.8474865,31.358488,-4.607655,25.794613,1.4175221,25.869972,8.619179,16.122368,-12.968236,16.489468,-5.60958,14.058961,-8.733124,12.726741,-6.2901034,11.593306,-10.950348,15.476509,-6.933613,12.730313,-11.742106,12.313955,0.4311069,0.29838753,2670.0786613122614,1469.350943893015,4866.224254261364,2608.0701594301954,2171.4245589826237,722.8014206702804,21.424015832799153,12.267950872950177,0.18427702668425325,0.12071125389655563,0.074355915,0.103895344,7.14
healthy,aa3f354d-d585-45b3-b728-4638a61d5e16.webm,-629.2163,117.80051,44.50905,63.67155,5.956207,16.884535,6.6292887,21.289047,-4.114271,13.878986,-1.1386079,11.093179,-4.8926125,12.48943,-2.3773031,9.9042015,-2.0173388,10.609381,-4.784097,9.00947,-3.1646755,6.159865,-2.9906266,6.6302757,-2.0568864,5.867803,0.49001977,0.35102326,1789.629323739319,1418.6996288949222,3661.8548283811474,2809.0550914890755,1870.7527624638249,1035.1674701532593,17.38491328214097,11.25239737846133,0.1337490394467213,0.1566555471191046,0.005659201,0.015652556,9.9
healthy,08b513eb-5799-4664-81ad-a6b8f450c231.webm,-445.021,137.80801,62.510834,37.772015,-10.962752,37.631107,0.47293723,13.75005,-15.940264,14.599266,9.601746,10.955532,-11.720361,14.3491745,-8.637497,16.682365,-12.344655,12.260853,-6.1705823,6.317133,1.07383,7.2189603,-10.170879,8.275342,0.55081385,6.2172694,0.45924154,0.2801077,2530.948808665474,455.2399385396816,5130.744076471259,1081.5881555752537,2111.514617654306,334.0436143897464,21.64732958337963,13.950635666718808,0.18918462971411193,0.04920012859490913,0.018407518,0.044885397,9.54
healthy,9d19350e-c916-4b6f-ac7e-d3ad3219b79b.webm,-665.08417,96.66093,53.28741,65.62029,2.9276142,19.570864,-8.287338,21.892376,-10.224045,22.183586,-6.980506,15.621268,-4.6204743,11.504262,-6.343285,11.985899,-3.5884807,8.784326,-0.50489223,7.9214377,-0.77007014,9.280973,-1.7379681,6.861207,-1.4979367,6.5952973,0.29663187,0.3371345,1082.6673563453269,1169.6804386055992,1879.1627977715164,2259.359056807455,1169.5356214186293,1004.2435271030786,17.520383334913507,9.013828275805327,0.0653199099824356,0.0643190313693735,0.0026095174,0.008086419,9.9
healthy,49aef958-5784-48b9-a35a-5088d3730a8a.webm,-397.4898,180.631,48.65528,62.57719,-31.850761,40.73314,15.977057,26.978758,-18.108597,27.856739,5.922758,13.613586,-13.563852,17.92584,-9.1875,14.004401,-10.083897,12.637444,-5.7955775,12.903926,-4.6549387,9.2027645,-6.1667747,9.578763,2.9379597,10.320963,0.46475717,0.32264933,2763.6077813926836,1161.0701124804818,5142.982108637972,2017.5439301611793,2091.8343305692933,667.262204770477,20.57721106638055,13.852765485535933,0.32579184478183965,0.2583476044706068,0.036103893,0.05375449,9.84
healthy,bcbebf33-393e-42fe-8263-315c7e168f41.webm,-517.8401,139.9923,19.456364,46.29113,-9.028693,22.331871,13.711144,28.051294,-5.9399285,19.162432,-1.484369,11.873256,-5.1930404,14.67561,-3.8962693,10.073497,-5.0740867,13.595797,-3.9375808,10.113356,-4.0393634,9.349023,-4.033618,9.428432,1.7122513,5.4040146,0.14640819,0.2827145,796.6612500672418,1341.72647295072,1422.3594809478184,2346.40552635298,569.4368820114577,908.2148375168072,11.552943371641753,10.077478653308676,0.05344376474056604,0.0960963050835078,0.015288232,0.04511798,9.84
healthy,afd2b51c-8416-4803-907f-7c4ed192a25d.webm,-263.1067,194.90083,91.68759,67.927284,-56.35293,50.394073,17.434542,33.944397,-44.548782,42.63082,11.85905,32.437817,-13.731652,27.81199,-10.935895,19.84724,-11.8996525,18.552998,-8.740731,18.308163,-0.066242576,15.748201,-12.117876,14.951557,-1.932475,13.549229,0.3683989,0.3155055,2115.229725227474,930.7715597031312,3805.814208984375,1536.3007241387259,1547.5464686613248,492.7480887849555,23.140767048988103,14.281810047757372,0.15550944010416667,0.08843784416080842,0.11707446,0.11879701,6.96
healthy,47d385e1-e9e9-40f5-b7b6-b1a29d6ae9b6.webm,-449.64618,166.34445,32.44966,43.131477,-21.067142,47.17964,12.837898,19.53139,-0.6742948,30.194641,13.59931,22.701183,-19.77294,22.684204,-7.920661,11.539448,-8.251615,14.026776,-10.823035,10.933835,-6.249173,9.000471,-9.211933,10.303959,-2.0066473,8.444917,0.38026804,0.3046184,2679.99730038899,960.9982214453929,4636.198787245639,1457.554801723521,1836.797843752809,422.65390207289425,22.153686404281725,13.879268725021953,0.2111918604651163,0.11259470290602959,0.03078066,0.065483466,4.98
healthy,97d2849d-40f7-4a45-b455-52289badfb73.webm,-356.69397,172.34338,32.05983,44.113594,2.1468635,19.348671,-3.7738907,20.843834,-7.443279,15.404735,3.622147,17.061848,-6.165874,15.950878,-2.8996067,9.723497,-7.89737,11.373873,-8.208807,13.292067,-3.6322083,9.3354435,-5.7856445,8.666658,-7.166089,10.247756,0.3260646,0.3227915,2963.4054812801855,1371.225086129866,5088.442715731534,2125.3770707972026,2123.4738703365697,601.2114319606686,21.88997992972834,11.793625998612864,0.20949485085227273,0.1346227970580654,0.05178715,0.104046844,9.18
healthy,33e98aad-7345-4109-9cf3-a10c4b8afa73.webm,-429.39716,132.19206,29.88064,49.287884,-8.287291,43.899788,8.202621,21.50719,-7.7741785,20.70524,6.2851987,15.12591,-1.0273939,17.471703,-2.1323626,12.156723,-2.8289182,11.285543,-6.32604,11.947737,-3.6910858,10.264239,-6.781986,10.742068,-2.4306707,8.707121,0.3419302,0.33572385,2014.0318435401446,1713.2172154308732,3421.6616951458827,2843.144855396642,1397.8678482776133,1027.2185568764096,19.573263554940514,11.187940544600641,0.17386746519549762,0.18620246553123954,0.03153857,0.07421645,9.78
healthy,0200e61f-0937-4044-a7d5-53d5855ae29e.webm,-561.64136,145.3239,32.86585,51.414593,-6.0630546,20.500381,1.4570098,19.367735,-10.374895,20.713776,3.4476967,17.707321,-9.796142,16.108294,-1.2324071,8.678405,-2.331504,9.511192,0.51384693,7.3379993,1.3506526,10.069921,-7.7249966,13.766243,-0.72146785,6.4265428,0.29968795,0.33241773,2137.4323760848047,1767.969148477149,3854.090356045082,2824.68151696609,1579.329211970064,1006.2932371570598,17.54174357017489,12.02212553595641,0.16467656798887587,0.15709098617039366,0.008802533,0.023398958,9.9
healthy,9e403f83-30f1-4794-b3ab-c8fa051f7e58.webm,-439.91455,169.79495,55.685608,44.513714,8.026304,35.21021,12.750646,20.352634,-11.455446,23.477207,2.6179702,15.763537,-13.677123,18.813408,-3.9354868,16.29918,-13.001692,13.170204,-7.215681,9.904043,-3.5589805,8.464379,-5.1632414,8.80031,-0.18435836,8.7237215,0.33822867,0.3092173,1818.2124183246399,831.9373501453903,3696.7458137403733,1814.9947256744279,1910.3750730366667,447.4572894331715,20.999877795203084,12.729043864022843,0.10029204309834124,0.07377254446431586,0.033941466,0.08179091,9.78
healthy,45558315-60ca-4419-a4dc-3d9349ca47a3.webm,-555.02246,85.633644,37.288055,39.623566,13.186192,9.559392,6.776391,10.273679,9.431702,6.5647316,4.197962,6.881798,-0.17751057,8.200476,-1.9939958,12.461478,-0.78616196,11.615574,2.3889499,4.251038,1.9565219,4.1591706,1.1140776,6.6348257,2.760464,4.2856383,0.56817394,0.24811427,2433.460295840372,614.8655557427917,5956.239585609703,1820.317418305792,2907.431566943865,390.25071832014885,19.10745330032151,11.138606517725753,0.10241044762529138,0.05064029833522706,0.0069147446,0.026780209,9.96
healthy,a83be8c2-e6a9-479c-919d-235008537e6f.webm,-520.3026,157.6326,34.54712,54.44859,-4.4460773,38.246696,8.690451,20.318064,-6.0215592,23.566685,8.635486,21.144258,-9.491196,15.847818,-6.6947956,15.00503,-3.1355534,11.779385,-4.296733,11.963685,-6.557586,12.120243,-4.453158,12.895901,-1.9395038,10.596185,0.24778756,0.33777457,1118.6184195007063,1391.9951358618873,2097.5574421432784,2580.256669367975,1059.4037996940654,1048.9643821781226,15.637702277303983,11.098629156135326,0.06230077203714623,0.08046824495714994,0.020923125,0.046777993,9.84
healthy,b24dd331-10e6-48a9-bfb7-4f6c20a3446b.webm,-368.55386,175.98499,79.11927,74.50947,-44.625065,46.9258,20.10715,31.314573,-7.4130745,20.293192,-1.8849282,20.138998,-8.433693,15.86259,-16.266623,17.092356,-6.6606426,15.911503,-3.7204938,17.101582,-0.6348212,14.37448,-4.575015,11.654824,-0.29146776,9.467613,0.3770297,0.30770957,1940.2457652123328,647.2859971866178,3556.166392065293,1203.729550954656,1556.3732092879177,475.89677382017493,22.315406427880298,12.101498814967231,0.13173773568435754,0.06275734330195148,0.05555951,0.07834139,4.14
healthy,d0e2643b-f60b-4551-982d-56d37f4ffc58.webm,-415.80945,183.25974,50.65057,54.33479,-16.115622,42.54588,18.50675,22.329384,-24.192526,31.503214,2.5996659,18.859756,-21.202896,21.340313,-4.2466865,10.357813,-11.75848,16.613508,-9.906932,14.755174,-3.6919076,10.222676,-7.6360264,11.0416975,-0.06820089,8.029572,0.41332364,0.3280872,2384.093235841194,1390.9434692519126,4344.425945040546,2385.203992549295,1800.4509624459351,776.8474133379694,20.3250786751114,14.632427125294521,0.20354992830300633,0.16245570948992097,0.036745634,0.07175005,7.32
healthy,74500cea-494a-4cbc-a93a-b32ccb16f386.webm,-449.39917,163.26654,28.087427,48.04774,-7.1074023,30.630333,-0.039811816,16.156404,-5.8774986,14.109577,-2.8306127,13.462036,0.038506944,9.410072,-4.3954015,11.560093,-7.0910263,12.951831,-2.7351604,9.371742,-4.2721214,8.06826,-6.101186,9.615203,-3.0086813,7.856016,0.45385408,0.30896828,2806.658813793397,990.2758983674568,5596.511711444046,2170.7399046995333,2512.223689350358,768.9966730704663,19.324730079217222,10.753665618794203,0.19838100062344138,0.09455116892500565,0.028524019,0.06788307,9.3
healthy,28648464-a8cd-4d33-b861-9c592154a844.webm,-394.5375,183.42458,31.606606,45.814236,-36.415367,59.52717,20.201485,22.773575,-15.278483,26.34223,-3.388121,11.436418,-14.304636,29.250282,-7.6309195,12.795506,-3.6833775,21.135525,-1.6277313,14.812987,-1.5153509,11.6060915,-5.5299897,11.847432,-1.770466,11.140488,0.37396157,0.3221029,2255.3908151626597,787.7615582263743,3813.124277483592,1052.9227919974921,1693.073451238472,475.58134493950814,21.65232389806392,12.671429077989437,0.18505043630668258,0.07943327518189737,0.06207001,0.09452295,9.72
healthy,00bf9f83-2e8f-47cf-a4f2-97f2beceebc1.webm,-452.39746,160.06808,33.706562,60.726173,-9.420961,28.289898,8.412177,19.033676,-8.227001,21.649666,11.500961,20.05251,-2.0283527,11.4366,-8.974233,19.39098,-10.059744,13.974273,-3.6586645,6.394895,-0.60100543,4.962774,-5.1856647,10.75771,-0.85380715,4.822666,0.4109456,0.33171755,2212.9261925322808,1857.504931704757,3843.948184742647,2623.13273450721,1597.7269283562912,929.420010225966,17.403764836207547,11.52407701555475,0.10987969406512606,0.11428002608145174,0.041439064,0.09718849,2.76
healthy,f58e05ff-1fa5-4600-bcc6-aa91e65a4396.webm,-473.51056,170.5034,50.70405,73.78595,-17.75102,35.065765,-3.0603197,24.18686,-17.002678,23.839218,-2.1556993,11.703882,-4.1837873,10.95599,-6.3796897,13.75244,-8.215745,16.31551,-4.1529183,10.404791,0.71848816,6.1585917,-4.5765734,10.071059,-0.44584036,6.423895,0.5241245,0.28401792,2573.743073432336,964.9991504952072,4814.458403716216,1937.7159632865341,2066.0867962454154,668.200750758534,19.282474397009135,11.995649357074551,0.18208366011100385,0.07969602256425203,0.032514933,0.06583033,6.0
healthy,f726285a-8a5d-48ac-ac7e-f0d666ff9633.webm,-325.39536,164.16666,95.04123,71.81731,-12.668629,33.20207,13.435463,19.33607,-8.004428,22.80166,13.440238,22.303644,-15.5163355,15.6774235,-9.995749,14.88132,-21.490282,17.544233,-8.972255,14.251502,-0.71582943,9.6858635,-10.585116,12.846939,4.295321,10.262432,0.47316444,0.32212043,1947.2118609532513,1056.0892894883941,3669.6713306864754,1972.515821419126,1755.3612798060478,597.9402456429325,21.472773960241575,13.49745675972563,0.141052674912178,0.10871505457804381,0.06924985,0.08234206,9.9
healthy,32e4fe83-b656-4c45-be9c-09f48dbc4df3.webm,-541.928,170.22385,30.779373,34.33824,-3.389118,38.190216,15.611238,18.728052,-12.56543,26.92251,10.463094,20.972885,-12.062561,21.128489,1.4684839,9.037986,-4.193779,9.236846,-1.640047,6.468216,-3.69812,9.231568,-7.283766,6.433485,-0.7102842,7.10921,0.44689745,0.2901568,2642.9770663260842,982.2774399297496,5420.011001035392,1311.7088284999832,2213.796352677857,534.7201641605308,19.537924801028087,13.985530434139736,0.1722750376506024,0.1222901543362917,0.016505934,0.047984395,5.76
healthy,4075db1b-caa3-4fb8-a1f1-5e2278a037f9.webm,-501.85886,167.9854,39.872414,30.529207,-0.036449116,34.60191,13.500159,11.97316,-1.1052544,18.04077,3.246665,8.322459,3.4330704,10.655771,-2.7785306,10.001983,-6.116946,12.019522,-5.47596,8.289819,-4.209315,8.72739,-5.9242578,7.9985843,-3.3757918,6.77549,0.48572743,0.27955326,2140.282104512818,506.34088802338704,4184.13335473498,903.1209519509464,2241.1744569696007,365.6235297894943,19.162178762040668,10.72519258700054,0.11125933399516574,0.04643661200157208,0.022890521,0.06396597,8.4
healthy,f41c432d-58f7-45be-85a6-fe3c4686def4.webm,-557.5005,111.14067,12.383773,38.088184,-6.455278,21.997004,2.3373473,13.744468,-2.422089,13.260269,1.1797013,6.8047214,-1.9467942,7.024599,-2.6883423,9.039033,-3.390284,10.738632,0.6378846,5.2613215,-0.55407757,3.79241,-1.1683664,3.643755,0.26151866,4.844227,0.56793606,0.24630271,2742.4401306052423,469.2888089644505,5317.399994908916,1112.5461880252442,2417.3538572548473,394.6907069302485,17.81389865815716,9.631958892551229,0.2506687833234597,0.07027356014839027,0.008334361,0.034920957,9.78
healthy,14c918f8-f3c3-4452-b3d0-382aac12b82b.webm,-483.97418,156.26573,39.196983,39.651264,2.1864367,22.458353,6.6321588,24.248402,-10.088412,20.250713,5.3723397,15.073833,-9.531093,20.198893,-0.9053737,11.748617,-6.1869407,11.547698,0.940745,9.639805,0.664362,8.370711,-2.1635516,7.937934,-2.2050705,9.273123,0.34316045,0.31752884,2189.1417920178105,1124.412175608536,4124.169690462085,1990.4408082477555,1960.2947680285306,514.2317361236794,21.730559652955083,12.128707187177694,0.14670074607523698,0.1165875016098304,0.02398577,0.073029466,9.78
healthy,2c4e6d17-685f-4b8b-bcda-9b346fab2b5f.webm,-502.7514,171.48045,45.057865,66.28436,-16.602293,43.103428,9.379474,26.589344,-17.462654,30.687529,5.8773737,18.248894,-2.7376812,14.658036,-5.266593,14.1341915,-8.16711,16.902403,-8.132449,11.937104,0.5109238,9.526612,-6.8864884,11.350118,-3.7660372,9.745231,0.28511742,0.32976106,1605.3953796841347,1602.6071767764456,2795.6090387308373,2771.8057785937744,1140.586399009906,1039.191900678694,15.374738651278829,11.872469074920451,0.10289721219044812,0.11698211542077798,0.022335097,0.048992597,9.84
healthy,ffbc6bfc-bd8f-4d65-97a7-638d69f42205.webm,-451.57245,154.92604,35.282257,32.84687,-10.533542,32.243782,6.2497873,14.299413,-10.71389,19.593597,6.3565364,15.36977,-22.03649,29.192059,-10.32517,10.6012745,-15.247432,18.725874,-1.5752743,8.468244,3.4152157,11.50059,-9.009438,10.118547,-0.8829089,7.9818573,0.46211398,0.29795283,2320.952176583617,636.8055430615923,4782.097812868514,1022.99220176179,2019.82080002626,347.79349928909045,20.595771760462725,13.983581992198147,0.14383452793337265,0.06114007295609044,0.026155377,0.057772234,9.84
healthy,e059321e-ecf7-445d-a7b2-3023a41a0f31.webm,-508.5952,186.41733,41.30686,63.24151,-23.439224,42.738243,6.603415,20.441912,-11.584335,24.55913,14.60625,26.833078,-2.353281,15.5586,-4.3754144,11.648166,-10.47962,14.860024,-4.3543973,9.678079,-0.32864955,7.5601788,-4.6265144,9.950343,2.5417209,8.878097,0.5737055,0.30469266,2761.000123198281,952.368971816295,5305.48876152664,1896.6220156511774,2208.6676011387012,676.1019484318718,18.540878309855405,12.540824505109072,0.4731079387441452,0.2997529953859042,0.020642776,0.041564416,9.9
healthy,38ee8750-e3b0-4920-b5a0-a240ad7a1551.webm,-479.0706,149.55267,36.21057,56.1427,-2.3118157,21.743483,6.1443152,26.268103,-6.232987,16.460146,4.221589,17.289635,-4.9667497,8.620858,-7.6497135,11.857585,-5.204913,7.9517226,-1.3967067,5.8526073,-3.3935122,6.5557075,-4.8039846,8.645655,0.37221694,7.8627706,0.29739335,0.33947653,1431.7965028454603,1395.277739501062,2781.3980765964675,2529.6495804571286,1303.770717735482,1031.007195270582,15.822771953199805,10.445335585544482,0.09749938669987923,0.11989024642016696,0.023406684,0.06218183,9.6
healthy,9f918d19-9956-4afe-9f98-3d31962ab708.webm,-479.6916,178.62169,33.256245,53.694527,-10.078293,22.718075,9.995893,25.153475,-11.913254,21.159107,6.773893,16.392387,-9.409976,19.379396,-2.4890742,9.4425535,-9.429915,16.6036,-0.16090336,8.97172,-2.0875525,6.6682405,-7.510301,13.125975,-1.7946,7.3203444,0.42188045,0.35238987,2839.285006910655,1702.7972903926077,5117.657527745327,2648.884924796959,2098.5532528929657,936.1174880005279,17.23227359559959,12.672873614375824,0.26909468701323985,0.23793718735963387,0.026982771,0.061358314,7.44
healthy,e6dc345e-3288-491b-a1a1-bd2f05585147.webm,-557.4514,138.56056,47.313583,27.379955,15.591121,33.280914,21.755968,15.488108,5.9429245,25.060158,21.233362,18.336336,7.6707606,13.188288,8.784026,9.432827,2.4031227,13.593298,6.8631306,8.579851,4.5527787,7.749138,2.061059,12.664355,7.748302,7.3308573,0.47227448,0.3054075,1847.9563714636029,657.190757949123,4281.81971836757,1324.2830141401766,2172.5585048757707,267.45850580515696,20.50196933617454,12.580008883659595,0.07708128460081586,0.06416421012884133,0.008326362,0.022529742,9.96
healthy,1eebcfce-095c-4508-a181-ddd71c4e47a9.webm,-397.22314,217.62564,34.83941,34.03393,-30.242994,43.346905,23.217836,26.116447,-27.996422,36.336742,20.505598,25.725847,-26.18562,27.969028,0.32968503,9.708173,-17.840754,19.591047,1.5416927,12.890121,-6.1332035,11.679395,-14.691159,18.614285,5.7961745,11.106609,0.46694896,0.30359742,3474.9366285515493,805.7651209801111,6321.100042884845,1056.9972435203777,2431.387172812359,465.4953799326663,21.474818999420386,15.834291653458946,0.44251915833830546,0.2170337134949868,0.04455623,0.056731183,9.72
healthy,4d110810-6cd7-4668-a051-0e40f9c29ba7.webm,-436.58658,172.27968,38.977734,51.214565,-30.138678,42.565823,12.65207,27.199959,-15.665172,22.920885,17.873196,23.891733,-11.8607235,17.101902,-11.824999,15.11935,-3.382401,10.491937,-10.621266,13.8696,-4.0446095,9.128097,-3.344008,6.9613905,-1.9173329,11.105849,0.2963765,0.32388702,2036.7090203977743,1670.7806618122743,3490.218768542326,2676.617812763224,1335.701748863713,954.6631885507459,17.123977936548506,13.563191875968412,0.1256458910205696,0.1106392808621162,0.028886046,0.05368061,3.66
healthy,1704140e-9b58-46cd-9dd7-feb41c761d3e.webm,-635.0407,149.80376,28.513084,48.402225,2.785705,18.126415,6.262042,12.160456,3.4857001,8.767495,6.833327,10.496514,-0.4897863,13.254799,1.4115732,5.341241,3.1620345,6.392344,-1.3891894,8.856806,0.100993745,5.5428324,0.19225335,4.626418,0.061123256,4.549315,0.6012877,0.2570154,3439.868916686309,1171.0362928611794,6856.832016993613,2246.106693656395,2865.445519280251,587.1003951565859,18.83234556129665,11.624075435950802,0.23461735857664234,0.10875109671093387,0.007076895,0.020283649,3.18
healthy,6ce853c8-5222-4a63-a902-4217ac858ec4.webm,-371.4703,190.34576,41.84112,53.456753,-12.936024,26.34654,23.619682,24.038368,-8.4106,21.914661,8.699129,17.198202,-17.59295,22.576515,-2.403142,11.8335905,-11.63448,15.179924,3.5479743,11.407662,0.27181453,7.055823,-5.693176,9.396349,2.6679726,7.9031568,0.4680821,0.3003257,2404.0194356847255,881.2419171104943,5003.13720703125,1250.7082354329013,2211.295242052729,420.2849819621915,19.616130625738005,13.224774145179188,0.14809518642526456,0.10044848303156005,0.054169238,0.09802887,8.76
healthy,9e0abcb8-2f4a-4475-a44c-e7685295d949.webm,-377.93634,136.89029,78.84414,40.388287,5.1682816,28.936653,-4.264479,14.774167,-4.720433,12.281068,-3.1012995,22.631748,5.870294,12.020208,-3.455347,15.77574,-10.951755,21.356857,0.2537517,9.074514,3.371756,10.285277,-1.4808555,8.360659,0.13711393,6.3920207,0.47507492,0.30344835,1484.8913852668263,444.84201485592394,2499.693975601604,871.9793989686871,1972.0736158025964,479.1755418646576,19.872069311226912,10.98665520511941,0.07054489054144385,0.028093102596102773,0.043265205,0.08068827,4.32
healthy,77495887-2b6b-4831-b075-d36e1bf09cab.webm,-414.5132,185.26889,30.554703,28.265444,12.922965,24.179754,4.4395304,16.039156,-2.4668005,13.460598,9.464271,15.279874,-10.533775,11.92127,-20.586445,16.453388,-3.6344283,8.462737,-9.829415,13.589804,-2.0848875,8.7388315,-13.551172,13.32686,-2.782665,6.9381604,0.45207968,0.3150066,3768.2236356849276,1049.2818509783424,7405.139677661316,1810.3514837139508,2930.751493814739,486.0853759070808,20.157009897321476,10.598243032970778,0.29771396703553615,0.1403955274967232,0.023483548,0.037745878,9.3
healthy,83d4c32c-462e-4e6c-8525-fa5f86b3bf1a.webm,-447.24066,196.84938,30.590982,50.42152,-17.053926,32.02632,11.903896,22.0644,-15.481776,28.248215,10.630628,19.52618,-9.596559,16.308432,-4.528521,12.299876,-7.306775,13.500079,-6.0377183,11.204544,1.0587891,6.113159,-4.100572,7.4758806,-0.29462376,5.269658,0.28762537,0.3336734,1710.1068107027647,1755.8640749924252,3105.480342288669,3029.0604952922413,1241.0000779274128,1170.428753460661,15.102133294330377,11.666090678997003,0.09665158498201439,0.1125866889568058,0.040767252,0.101890974,9.66
healthy,653ede37-955a-40a0-a68d-b78746997864.webm,-569.7992,99.94555,13.451405,36.773846,0.6008903,11.542209,4.7905183,12.788747,-0.32115504,10.317397,3.6704388,12.625347,-3.2749057,11.813633,-0.21256645,5.2543087,-1.8195579,6.396512,-0.4148173,3.8625066,-0.98192596,3.6183515,-2.4024844,5.7547274,-0.89237815,3.4936028,0.16930453,0.30701983,735.6951333755557,1429.1611036793934,1435.1575167673939,2619.6423843442644,625.9320906394262,1052.3587859638078,11.859277696735608,8.087312937370926,0.0462646484375,0.10324501716982556,0.00597034,0.02890658,9.84
healthy,67402d8d-c0d6-488f-9135-f1725240f71d.webm,-339.37494,205.25697,64.68274,53.435833,-22.429483,31.58339,13.5673895,27.530571,-23.563099,30.998192,13.048166,17.82442,-13.942958,17.19649,-9.294707,14.536706,-11.38769,10.887615,-3.4583168,9.536415,7.156482,11.661697,-5.8093095,9.5371275,-2.7307067,7.8122215,0.3541015,0.31047252,2169.376127757247,827.8879262634957,4454.5498046875,1387.7216256597412,1952.472961009507,492.7220525914779,20.600222826749757,13.350273140403406,0.1299001736111111,0.06961927780384895,0.07453184,0.12639341,5.22
healthy,e4111ce3-3056-4d12-b5ce-96978e4bd4d8.webm,-521.6719,172.11464,37.14504,54.61214,-5.7306204,23.837399,3.0082054,16.101751,-18.89093,26.550978,11.767502,22.4044,-19.713022,27.61576,7.330789,14.956988,-10.631335,14.431511,-5.0491858,10.432417,3.2920158,12.03035,-7.867035,10.595704,2.4416661,6.472807,0.28476748,0.33041254,1940.0514208114353,1792.0542761274332,3603.5203111115225,3100.9907337596987,1423.4617834237076,1174.9725493703102,17.74590561156606,13.813406563086431,0.14894776547689573,0.16631650587330224,0.012883349,0.02613827,9.78
healthy,275bca22-3987-4e03-b1f6-d9c85181240c.webm,-406.06494,195.445,68.17261,61.985256,-34.970024,55.38622,13.735517,27.301607,-9.615268,27.41539,5.9539433,26.817352,-15.209781,25.495705,-7.385718,18.29824,-17.115038,17.632238,-8.880313,18.053535,-5.6071944,13.308339,-8.446351,12.627842,3.4525816,13.156951,0.4057242,0.32602882,2053.935978960006,951.6891693894964,3696.414141180391,1975.5870361310745,1685.954759881544,681.5228724057672,21.554608074264877,13.055493206419488,0.2218289488299763,0.22200299091165895,0.043976743,0.06568584,9.78
healthy,494f7c72-3275-4680-9fa1-4c78cdd401cb.webm,-458.3488,177.83861,44.15473,66.767334,-43.75505,58.924488,8.807829,21.317625,-3.1601405,27.004753,14.99773,22.62615,-11.339947,15.945845,-2.942101,17.661428,-7.042481,16.200165,-4.973228,16.773712,-0.28954723,14.296729,-11.446825,16.376944,3.2653282,11.624767,0.35670906,0.31734234,2609.805640489856,1038.9138747560291,4392.871315696023,1751.4661967261068,1776.3484848486148,589.0295310759516,22.202226185121827,12.489763385226514,0.2403963955965909,0.12034424552038642,0.03680843,0.07026414,5.1
healthy,db0a337d-5bfb-41a7-980a-7516a8afb3ab.webm,-479.1797,178.544,30.903774,60.30395,-16.347038,34.478317,15.758675,26.623348,-14.918657,28.673212,0.13160475,18.924374,-3.8179615,11.91123,-2.4616768,12.815978,-4.027761,9.712305,-4.597018,11.657047,-3.3605828,7.794119,-7.0316854,15.362272,0.02655764,8.851143,0.18491352,0.2964708,1151.8794490938908,1555.667285913787,1967.0377911261792,2544.474006540049,752.3764280394179,947.5585222922808,15.805666504657067,10.543906125963321,0.08553328604068396,0.126193490267554,0.02926726,0.060384862,9.84
healthy,5b5737c0-b928-495b-99de-a141a498e277.webm,-464.28583,164.30222,59.596455,87.03816,-8.104134,31.345459,13.089407,25.795786,1.5207415,13.810633,-0.5877773,13.071424,-0.17248124,7.957882,-0.9362661,9.291686,-1.7899474,7.884984,-2.3527296,10.347869,0.38157436,9.369422,-1.805222,7.883858,-2.9619913,6.4978533,0.47010958,0.30129915,2202.392519618946,985.5782020704469,4401.800236936476,1986.975353950894,2000.0659877502515,714.9639812914432,18.921901265018743,10.637009708400683,0.11144933767564402,0.0612389778048242,0.046225574,0.088110894,9.9
healthy,19d50f31-0cb0-4ba8-9a71-e36e1e7393e2.webm,-429.33554,179.70212,44.184856,55.07125,9.459112,20.633703,2.23278,16.842537,8.880528,12.781235,5.036887,9.026441,-1.264045,8.725512,-6.188038,10.155075,-10.281011,13.025669,-1.7160809,7.596279,-1.8568448,5.9219956,-3.390092,6.8262134,-7.235636,8.972409,0.48707294,0.31853643,2819.954265596874,1387.9624925061717,5735.96028242961,2850.036843224103,2571.229752287644,778.8248701012764,19.23677746288496,9.958080734134299,0.3461623994430693,0.30962345713030015,0.03218419,0.05390062,9.36
healthy,3f9b35d0-0dce-4d79-a70c-905ee416de91.webm,-494.24982,150.56696,37.299973,57.481876,-7.451526,34.55556,14.379794,29.6445,-5.261745,26.213003,-0.76478064,20.33234,-6.1315045,17.151474,-9.881661,17.735296,-7.2922373,14.891155,-2.327944,10.569433,-5.29537,12.015217,-6.122175,10.639595,-3.610005,7.4113083,0.27207989,0.3409396,1115.176888780979,1243.7986027073164,2119.0789894979507,2380.8556888875096,1009.0558380800175,1005.8093357494721,15.454038929351906,10.67005622983312,0.0785092213114754,0.08790156905631269,0.02829488,0.05917227,2.82
healthy,c77e2d3b-36f8-4cd0-828d-1592a1b8b3e1.webm,-332.47098,186.3191,88.31098,62.79892,-49.055836,55.718796,21.066113,26.012041,-20.95503,21.158123,-18.14075,19.946817,-16.736267,15.33453,-15.203226,15.823522,-13.701519,16.454262,6.8642707,19.471613,3.3939972,12.837422,-9.802099,14.115866,-1.8912773,10.488452,0.29291385,0.3250555,1845.6788677857335,862.5342219316868,3341.8816878332345,1663.0283094683139,1495.7439543555647,557.718648774086,23.64652489206048,13.123315054565788,0.1359921134478673,0.08882533717592452,0.07455935,0.08200147,9.78
healthy,8aa446f1-9a8f-4c5f-857c-67208809a3a5.webm,-465.46503,168.1468,29.440697,43.79181,-29.184248,37.26107,5.549742,24.746803,-13.549005,26.578754,9.76297,19.519373,-15.011217,24.415775,-8.080142,12.092584,-10.458927,18.738262,4.300209,11.390638,-3.8476884,12.7830715,-12.266813,14.701717,4.012598,11.647945,0.38476864,0.33584696,2935.0148297718615,1003.7447771199433,5086.6771260245905,1911.2657359020577,2052.73128959688,617.2080977861477,22.125770232003905,13.954293542159432,0.30575668728044497,0.21749072563781713,0.02245508,0.051275015,9.9
healthy,4956e91e-a7b4-4249-b752-7dc4706505c9.webm,-485.67377,144.753,29.78911,48.510365,-5.9930687,15.641895,6.615905,18.848951,-15.746185,29.754757,-4.446097,14.52013,-9.160361,17.269361,-3.5092137,8.387558,-5.4146485,10.6620245,0.90835,8.364788,3.082939,10.024277,-5.063328,9.85831,-5.6326747,10.018384,0.15412197,0.28232253,1003.4338254503441,1249.51565905911,1982.8231148097825,2402.9710916724057,873.4264633372468,1002.8768819664194,21.026728707951857,9.314941989467638,0.05576785175120773,0.07399974198214047,0.019047488,0.04234378,4.8
healthy,cedacde3-26fa-4cab-b35b-d677cee317ee.webm,-569.0591,147.63622,20.807205,43.251263,-5.7869816,22.109285,6.160675,16.915045,-8.671457,23.61106,0.9245657,9.88548,-5.6702724,14.264755,-1.825166,6.910321,-3.6542816,8.436247,-3.291468,7.8478374,-1.9882301,6.4109573,-2.1818047,7.282795,-0.53939396,4.8448853,0.5804202,0.26968348,2942.1557406788006,651.9753224793279,5550.964912636152,1090.0306915362592,2396.333926241935,374.2430545845736,18.4139035703986,11.842664431373448,0.28247576828319504,0.10774613694114961,0.010979257,0.03279795,5.58
healthy,bb76d0ae-e57a-4c16-bca5-238d67917c45.webm,-544.9151,115.09727,39.765602,53.121246,5.6445518,24.51706,1.8819073,24.811543,-14.251228,24.431593,-6.1169987,19.668507,-8.972358,13.637879,-6.2889123,10.246871,-4.1662483,10.002063,-5.7103987,9.644413,-1.47619,7.187438,-2.2761874,8.386593,-0.7176862,7.0357194,0.41430554,0.31549257,2399.4454463363445,1209.4541120206823,4278.784582749852,1921.944981524355,1956.541697269923,557.0120083733566,19.676900276259683,11.955675412075143,0.16106026127653303,0.11598776062093849,0.0073893378,0.0274559,9.84
healthy,b6d6da73-e866-4385-9b09-adf61787c6a6.webm,-450.07742,156.17674,30.80089,47.81136,-20.616983,35.48392,-5.352595,17.952387,-8.862211,11.6833725,-0.95166117,9.694551,-2.5632179,13.310498,1.4414372,9.7050495,-2.5144174,10.715408,-0.7272297,7.627149,-1.451799,6.066265,-5.863328,12.38239,-3.9216945,9.362824,0.31843993,0.30720156,2388.9543875974546,647.0408851529769,4434.334025349651,1283.3935441437748,1897.2171800534402,405.4595640746357,21.37582225190558,10.998179188027269,0.1442296310460373,0.050546137372195814,0.033815432,0.089334294,9.96
healthy,55de0034-c1a3-4139-a90d-194e84ff4166.webm,-434.59528,140.68019,30.037325,51.753292,-9.8994055,26.241066,2.6721115,15.653893,-9.724871,25.755468,2.9271343,14.506273,-11.486314,20.659187,-1.841604,11.142641,-5.178524,12.374765,-0.82868844,8.079821,-3.3758225,8.931703,-5.7949796,10.288608,0.8006649,6.5673637,0.57736725,0.27251175,3025.6774019463405,982.1616862510672,5938.4967672413795,1770.2674932165753,2463.8945287573365,604.6938218712185,19.113973911765676,13.284989836074319,0.4121214016317734,0.27518087418148024,0.025494136,0.06784633,9.42
healthy,f3103bb7-a322-4c22-b67c-429645fcce69.webm,-344.8376,202.97519,24.334747,31.237165,5.897327,26.935171,14.794063,13.002912,9.326456,15.721199,1.5623404,19.213667,-9.861216,22.23882,-6.883879,15.104667,8.818812,10.112857,-3.6051466,12.298646,-13.623967,21.053171,1.7444769,7.681639,6.8727646,7.9055624,0.4736914,0.3272004,3639.7984078610652,1415.97384606596,7247.755464594415,2461.3255423620444,2949.247709067427,603.0893819362313,19.318861866225912,11.390490850958596,0.21412691156914893,0.09653591126226965,0.042493742,0.051276162,1.08
healthy,f7cbe34b-332d-4601-9fa5-4d8c08393b22.webm,-534.81757,115.65915,19.660578,51.599697,-4.8986435,17.28458,2.768513,10.955987,-1.396246,7.333865,2.0397701,11.03434,-0.4996681,6.7624393,-1.7359442,8.978606,-2.04535,6.7741976,-0.6730837,4.1850233,-1.7003928,5.8045893,-1.7832419,6.2386656,1.3146062,6.976429,0.6634351,0.24107248,3353.9287049182867,891.4418182107225,6225.209391775306,1670.879139865738,2585.923650924566,542.7147077012344,16.517356142036046,8.933081657530229,0.4962480229102761,0.20564488580327686,0.012474835,0.04611515,7.56
healthy,d6bd2fd4-143e-4f1a-867c-6c420140d383.webm,-526.7166,132.1699,34.33487,39.102562,8.770768,18.548607,8.955635,18.513697,-7.7234435,22.944576,7.5643735,16.237461,-10.2769785,14.606749,-1.4045254,12.387563,-11.095303,12.599789,-9.312868,8.375349,-6.6196146,8.813949,-8.321278,7.6148877,-5.152791,7.4010324,0.41975826,0.33079514,2514.2042471567947,1326.0006470011585,4651.809706846119,2260.0257023103873,2230.7452684471323,489.1231299887478,20.27099011961528,12.905030047419283,0.22885348785545023,0.195037781587026,0.012274264,0.047466192,9.78
healthy,2975ca2d-916c-4486-9426-897140fc9aa2.webm,-483.46594,134.28793,43.58014,52.87507,-4.295261,28.357702,9.086664,14.59573,-1.4920462,15.518985,3.9078705,11.936794,-1.2783619,9.528029,-0.6747915,7.668037,-4.791065,10.4978485,-2.1215107,6.195968,-0.3513648,6.215765,-1.6555399,6.318924,2.6726108,6.9345675,0.49619472,0.2935247,3005.452201131467,1171.2381368799613,5373.27057460569,1703.7049799569809,2196.0867070784543,506.7194331733279,20.30072943863126,13.58432274157854,0.23018315153301888,0.1303215327700128,0.012715831,0.0399874,9.84
healthy,fe2cdda1-2a72-419e-938f-849347c35316.webm,-442.41077,207.90787,24.786911,33.967606,-11.374276,25.783321,-6.2684755,22.462862,2.5535274,11.021887,5.8677692,13.130056,-11.250886,18.742575,-8.730393,13.892713,-11.481615,14.799655,-4.3764153,13.596069,5.4432054,10.504087,-2.9359224,11.35453,-6.9109983,9.828727,0.45436445,0.29676428,3657.079682590843,904.2257202150943,7289.014354785839,1614.2196569181556,2911.6739890264184,461.2266471499733,19.85654819853538,11.32843631057596,0.23164904756701632,0.09756014080409198,0.025055164,0.04427853,9.96
healthy,37174298-da4c-4e9c-b226-9b191f2054cb.webm,-426.80463,185.45773,39.60769,50.189365,-33.344776,43.48727,10.994016,24.128319,-14.756943,24.989954,11.5322275,18.04085,-13.787228,21.95476,-13.1375265,17.780313,-14.308096,15.912279,-7.1324935,18.447712,0.65468025,10.864338,-9.516114,13.38933,4.0250688,8.650385,0.3012091,0.3337628,2047.9126819199694,1571.9820715410785,3650.796407545912,2623.866223275994,1417.247222107978,936.0874602563,18.882372772066102,13.077942906634256,0.11673161655805687,0.09444882408091718,0.037233345,0.0647108,9.78
healthy,ecff355f-40c5-4e02-a925-7ec1f302579f.webm,-578.949,122.43206,33.252003,24.297571,-3.268971,37.52782,18.370724,16.98207,9.265909,16.96393,12.312932,8.603698,3.0600193,15.071664,4.8313107,7.2407665,2.846038,10.710869,2.6025796,8.5261135,2.010568,5.9325237,-1.2139162,7.1991715,0.5597523,7.145337,0.42877987,0.29163355,2224.500249464895,569.7490814981196,4811.183241547131,832.7360356080693,2244.0385444007534,383.84293329607675,20.218688459073718,13.116972067670186,0.11676096860362997,0.0734712003268005,0.0057994705,0.021879263,9.9
healthy,8dd914ef-a740-4085-ab1a-a33da3bd22c5.webm,-315.82153,160.45728,81.787766,38.92645,-23.717375,40.156303,18.842947,25.317583,-22.710094,26.459509,11.523399,26.98543,-22.76578,23.488472,-8.1908045,19.605787,-12.358739,20.417059,-0.9026194,11.835786,-3.04097,13.297944,-8.340532,11.251982,3.1856256,11.557242,0.3716278,0.3128676,2238.0983444890635,798.6995438560064,4315.672607421875,1397.6136615713708,1870.3188688986183,372.2395837339775,22.780113266027087,15.405169089470705,0.1573974609375,0.08576863932527169,0.055641714,0.07757621,8.34
healthy,8b941313-6a8c-4391-bb64-b066d51c3014.webm,-540.12854,96.8845,65.15265,32.699276,34.83494,22.918753,27.750677,7.9265614,12.39017,16.08887,12.083618,6.7435517,6.9845414,8.103365,3.6057444,7.2599626,-0.41306865,10.894623,0.348787,4.526233,0.4714834,4.453929,-0.96043724,5.5038614,-0.14719531,4.9157557,0.55313516,0.26129743,962.9052592392418,366.4581151316341,1752.10681352459,984.0674070916493,1551.3466431699421,268.71806775178777,19.085562992104546,10.95100700740038,0.0361145162470726,0.026009760425857894,0.007695981,0.024921555,9.9
healthy,3fc89d32-a79a-47bc-b117-a04bd39b85b6.webm,-369.08826,181.99432,26.85459,38.119583,-10.616992,22.359484,-2.1552272,11.929282,-6.136045,14.812837,6.1918287,19.683151,-15.992422,23.049484,-3.7695222,8.674357,-6.677626,13.844325,0.0628234,12.362265,-2.3237925,11.444064,-4.42981,11.859723,-2.0813544,8.406277,0.38397703,0.34360608,2423.53889496132,1564.056951820396,4723.170333789988,2873.745482808777,2028.0321041445372,997.8068107154463,18.87628804869323,11.939330183439203,0.17020766994964456,0.17093320281035282,0.059158593,0.11806822,9.78
healthy,fb1a7f7c-7b2a-428a-bf15-83f8eb8386eb.webm,-371.75446,212.75557,72.01746,81.208664,-26.615849,44.161118,16.643946,31.074282,-23.530785,29.994766,17.288221,22.638033,-16.281689,23.170141,3.8362873,15.163677,-5.9561853,16.072865,-3.7862506,11.453513,-7.1311045,12.591615,-10.049967,12.504621,1.5968938,8.70176,0.48435062,0.31490496,2800.3939039752754,1452.883935297344,4924.5281982421875,2238.5181144383087,1944.1757158089383,691.4056486288304,21.043740218001815,14.66355133742871,0.28288399832589284,0.21436164843857203,0.06453082,0.0840103,6.48
healthy,b6d4e091-6ee6-4372-89cd-239db414437b.webm,-432.82483,175.68083,77.34241,87.18449,-37.14075,56.67349,4.7427864,18.094593,14.047781,18.854094,-7.760933,15.050286,2.6236713,16.340494,-3.228572,8.473964,-11.773773,16.513472,1.2284188,6.8373675,-1.2684004,8.681432,-1.4620197,8.180466,4.754592,8.786564,0.5130336,0.3118422,1860.8661824424703,1013.534272734381,3249.5198567708335,1820.6834327658407,1483.70241783334,760.2637043075656,17.87137379138441,10.416340856423288,0.14036665013227514,0.09634314966209646,0.042142816,0.078850694,8.76
healthy,1001e498-ce11-4700-b673-8f22a9e59f04.webm,-464.37375,129.91878,64.97336,76.98646,6.3930907,21.981972,1.7863877,13.475768,-11.3028145,17.128555,-3.1691601,11.986222,-8.629012,10.905451,-10.270549,11.511644,-3.095271,8.629116,-4.4775662,6.5888433,-4.5054364,6.8274612,-8.067732,11.218985,-2.9255176,6.15765,0.5041171,0.28605258,1998.6277879935249,953.3845811631815,3762.7572471217104,1845.3684615060029,1803.3564654846452,589.2883728039046,19.41713325568967,11.267675982114268,0.14882983826754387,0.0957249360663776,0.029127836,0.06304213,6.6
healthy,98ffed54-20a5-4d62-bf1e-078fa745dc66.webm,-447.05414,138.3006,33.187263,61.60435,-5.424296,21.784906,5.4881597,18.43022,-4.9411387,17.156677,-3.8192055,11.343397,-6.020303,12.724058,-3.8297787,8.840323,-3.0438228,7.6854873,-2.9704282,8.638502,0.65483046,6.118386,-1.6572121,5.345062,-2.246533,7.7067204,0.4794135,0.29605803,2377.898622323729,1021.0828173892918,4639.978624890734,1986.1239504227601,2137.2617606131384,616.835860123803,18.756627948976305,9.986017841402358,0.22263690085955712,0.17008801180490515,0.031442955,0.07518159,9.96
healthy,adbdae47-8ca2-4d02-b5bf-6ee791b7ecd4.webm,-504.7621,144.95157,23.805029,38.829666,5.3789787,17.851698,11.885329,22.685312,-7.1661706,14.970312,5.3161755,15.07704,-8.386149,13.100961,1.1711705,13.408113,-8.090875,12.04797,-0.27167055,8.387852,-2.9654803,8.059949,-6.1948547,8.5088415,-2.6083312,9.016459,0.3255364,0.32861596,3154.5536822451163,1610.2780572458423,5425.626627604167,1943.2483128218173,2187.1645583538602,635.0036195729773,21.286038267007736,12.838469840552374,0.24721240492724866,0.17700034865710906,0.020068752,0.06662445,4.38
healthy,295dd26b-7c47-4fc8-b63e-d5d2bc152e8a.webm,-496.58224,145.84277,15.762517,41.07578,-2.4522839,14.751397,9.826377,21.316954,-5.8070726,17.012766,3.1489944,10.461813,-3.8699856,12.1446085,-0.56911224,5.7383795,-4.424145,10.852962,2.0686963,7.341756,-0.4281006,4.438093,-0.594893,5.50336,1.00525,4.997953,0.6396435,0.25326726,3200.6918955203555,668.4565718183586,6534.000458197571,1207.9355063721987,2768.2339933764583,435.5942442075073,17.74153703917294,11.080506960291082,0.34898571719490523,0.14398549738281385,0.019137485,0.05760057,9.78
healthy,0677ade4-63b3-4a0f-a51c-26a776e52874.webm,-374.07684,190.0283,41.294743,49.45349,-30.497097,37.831944,27.447912,28.00097,-16.141176,21.344433,9.460455,15.684742,-18.336458,20.688057,-12.316628,13.798255,-6.633281,10.653211,-2.99503,10.538827,-0.43089646,10.641827,-9.459683,11.801374,5.48712,10.921354,0.42606258,0.3085412,2693.8664173201737,813.3556457915466,4857.167832167832,1201.608862419444,1925.0977126587338,374.4392624285159,21.786290612731793,14.071918485360099,0.21069620483682983,0.09803814741980492,0.04337212,0.07009102,9.96
healthy,9923dd51-93ca-4428-b0a4-0b8a4b393384.webm,-409.35413,158.14584,65.855125,30.559114,11.774951,44.934906,32.57032,17.842777,-2.3726172,31.422348,16.457758,9.978653,3.001878,19.328749,6.6094985,12.987629,6.2118382,11.187485,2.576643,6.5791335,2.3477619,7.385753,-4.391974,7.1375575,-1.6351231,7.5405545,0.34960583,0.32924718,1635.5600905329784,865.8343139938386,3372.3054045563813,1300.7489003550725,1740.1857253466717,238.29624980939928,22.19321992946834,13.778265974036154,0.07324560205419581,0.07939477953285465,0.031848665,0.06428221,9.96
healthy,90b6459f-83d7-4798-985a-2fedd2618563.webm,-357.31253,189.2147,50.43626,54.264217,-24.48176,47.864113,14.9503765,20.024532,-24.722507,28.742298,9.180603,12.096377,-18.042505,23.43918,-7.632324,15.146204,-7.8606997,19.525251,-2.2212987,10.83195,-0.8951171,8.585808,-4.519908,9.564504,2.1522424,7.7098503,0.47630668,0.29369882,2489.0472076442584,966.8833812712045,4625.2117950904185,1580.6179724958577,1879.2730543211587,463.07985501306405,21.12353886373136,14.683033541905523,0.18557661802030456,0.09761763387386513,0.060993083,0.10039012,4.56
healthy,d6a85b99-e6a1-4a70-a104-efa32d9e2c4e.webm,-517.86237,121.2949,22.181683,41.165768,-2.7836158,21.04445,5.620609,13.622838,-4.8180547,17.246395,4.654842,8.836016,-1.0103221,11.240329,0.019797904,5.4145823,0.5390001,6.3336964,-0.72500503,4.315914,-1.1762023,4.5375905,-0.92928314,5.58602,1.0991443,4.8941493,0.5575563,0.25876138,2656.9780264989354,629.8812296446092,5283.5521260245905,1078.6373148288553,2272.010269471844,445.7859518408883,18.642826063404325,11.877531230136368,0.17304939073477751,0.0635908942784964,0.012319929,0.050151598,9.9
healthy,a1777ff9-3cb3-43ad-8c76-336c417cdc5c.webm,-572.1118,165.69456,18.407278,41.061543,-14.131387,34.455097,11.445763,25.218586,-8.115247,19.319729,2.1086204,10.689557,-5.2156987,12.351864,-1.0072602,7.9658203,-5.704174,13.163381,-1.5788887,6.9382195,-2.9194894,7.339107,-3.1761723,8.152707,2.8616548,7.9392343,0.19130956,0.30475977,1182.1140296597036,1643.7426346711472,2075.2496945349526,2777.7417375356786,828.3444028261131,1072.6794431467717,12.830338820295648,10.640274320255918,0.08087649955568721,0.1311610982946096,0.01020994,0.027280936,9.78
healthy,b6a6e427-0f20-49e7-825d-e160b460272a.webm,-497.52652,168.17184,60.60657,63.215324,-9.154396,35.66049,-17.091476,27.650042,6.626721,25.237757,-0.9617608,15.326679,-7.0066595,11.3277445,2.166425,11.347101,-4.8745065,16.375711,-1.7880667,11.939775,-4.321121,9.790007,-4.3389993,10.00351,-6.630857,11.1328535,0.33626628,0.30922392,2744.2157330546206,1365.4330845373943,4802.908175808567,2357.4311606887322,2257.5570329169386,618.717123918274,22.45592732380621,10.89938190943476,0.1861626329399767,0.11663217936711591,0.014979454,0.026105473,9.96
healthy,4811d7be-c494-4fb7-a14a-c74d7b6defdc.webm,-497.75424,68.39481,9.132285,28.533396,-0.6810871,11.780606,3.0480323,12.044045,-0.56826854,6.5314074,0.15413032,3.1895087,-0.9347736,5.4242597,0.18655735,3.6027722,1.2731754,5.905763,-1.2801329,7.5500717,-0.45582062,3.6126406,-1.3798611,4.4232583,-2.8351731,8.257942,0.6027752,0.28719628,3406.0521450600177,1126.0320795874093,6539.567702505595,2058.93482791137,2732.2498165415423,498.1958748024955,16.940293116513335,8.802751455037098,0.4202103480658568,0.23194077822422615,0.008915877,0.04850144,9.06
healthy,2ea84177-8e37-49a9-8f18-26ce79f92589.webm,-394.83276,180.88435,42.149044,44.749794,2.4517558,12.796154,-4.714028,12.216125,-8.936047,13.210139,-2.1091707,8.17762,-5.0444345,8.212092,-5.722533,10.13896,-11.383657,13.829331,-2.684441,7.6926355,4.418832,9.298426,-1.1365651,6.519218,-3.6801343,8.822686,0.4774097,0.29803082,2473.935634440848,1013.9873943265345,5150.752344671286,2085.9448670646943,2474.671233379756,526.0679771246283,19.423002736770005,11.639959548061125,0.18925044221698112,0.13117469635681978,0.04210303,0.080689244,9.84
healthy,1a5f3995-9689-490d-9649-4dcdc332246d.webm,-342.81992,148.58348,87.00622,55.346844,-2.5964212,41.20874,37.855682,26.993292,-15.990383,27.637794,15.360732,16.1497,-3.1044679,17.209301,-8.252064,12.880588,-2.312414,15.377154,-13.16468,10.937961,-2.3644388,10.6835575,-2.7927074,10.031064,-2.9561045,7.9764442,0.4351506,0.3074838,2058.296375519523,879.083384943284,4092.712933084239,1493.9451760310221,1782.9744256743345,382.50037002071866,21.4101744382268,13.431330824101591,0.13195118400621117,0.08295728339124511,0.069878146,0.110550046,3.72
healthy,d43e0849-42db-4442-94bf-ace2056fcffc.webm,-485.5699,124.42988,30.732302,65.66396,-9.466453,27.835318,5.385285,18.029638,8.486589,21.701159,5.2466726,12.958109,2.2887495,7.585322,-4.0227265,10.473398,-5.8905563,13.290454,0.3143972,6.2647557,-2.5636308,6.991749,-5.30883,12.555464,0.23622409,7.226669,0.15996915,0.28910846,572.9569207703352,1042.7332294935704,1104.211483361586,2035.4753107109368,547.6116195038014,902.9796135146873,15.8455735333805,7.755882093499536,0.02424477631191038,0.04796327916326495,0.029930642,0.077803835,9.84
healthy,811c0aa5-2b54-4e55-bd1a-a8c5f456b609.webm,-519.2579,144.73619,25.957443,51.80316,-8.136179,32.182217,5.5349555,14.61034,-3.382973,15.265873,0.8397721,10.220032,-4.088994,12.025103,-0.76122713,6.4228096,-5.9306707,13.342018,-3.7783272,7.6882234,-1.7373854,5.566427,-3.040178,6.0706067,-0.792304,7.4138894,0.50470567,0.29214025,2705.795660937737,869.7216945708401,5493.049016988502,1744.5649883311862,2425.7489544887353,602.433316554094,18.491747998025293,10.816718553629247,0.2728904868071934,0.1483721942030829,0.014146615,0.04286342,9.84
healthy,dd4e2fd2-7616-4e8a-bb32-d29f0b4f4194.webm,-341.79462,167.97937,70.64251,55.256832,-23.70754,38.36107,9.674149,15.296688,-9.468422,21.304169,0.8255211,12.682929,-22.36344,20.066711,-9.561826,11.527184,-14.457304,14.413855,-4.6123776,8.018362,-4.89037,8.245472,-13.19864,11.054963,-0.29969466,6.8356457,0.48823997,0.28426027,1830.6708143994379,399.9917880250545,3662.3030938927873,965.1135657809115,1773.4535311293018,294.569302080438,21.222551585352676,14.304906146207447,0.1053412614229765,0.03549497632221156,0.04610246,0.07233473,8.88
healthy,55c1a5f4-9af4-415b-9619-f706cc3d4528.webm,-459.3241,137.05562,23.43301,37.907413,-5.268247,22.940304,9.012559,18.558922,-3.8151934,21.539343,9.340468,24.31576,-9.294393,16.466707,-4.216583,10.252266,-4.9898114,11.724165,-1.7521181,9.376282,2.0391183,8.109375,-5.675729,13.674097,-1.7531607,6.7751846,0.42553872,0.29627275,2623.198040752985,810.7584225321905,5166.70682911861,1438.9318065979417,2303.306278293424,461.2463768147827,20.250421366905815,11.89909918931489,0.21432015663965087,0.103094229522026,0.023788095,0.07381755,9.3
healthy,2f8da798-1050-4ced-a45b-910541c43c3c.webm,-424.7124,166.04271,34.840073,44.14994,-6.501703,33.353714,25.70181,31.51144,1.0403923,20.447258,9.363057,16.93525,-10.384661,20.210701,-2.9813182,11.723073,-2.700663,9.749163,-1.2595754,9.620705,-4.750234,10.205709,-8.623913,12.039326,-0.58478475,6.779231,0.45261356,0.3024916,2456.076933841583,1092.2045560386046,4600.396684815036,1828.9232065776685,2069.07885243487,525.4737272811543,20.639169194514068,13.233394190986928,0.16913642974343676,0.10971294887131043,0.037084635,0.08706382,9.72
healthy,932eedcb-32d6-43af-9e46-440098371c87.webm,-400.62787,158.37434,46.78204,69.34727,-23.273678,35.214436,-0.65855104,18.296957,-17.959173,29.02973,7.810556,17.78303,-8.233555,15.897063,-9.060862,13.965839,-11.808244,15.573987,-8.95786,18.732157,2.4680781,9.10006,-5.044898,9.272756,-0.08664577,8.528976,0.45612577,0.31878,2469.9715849705285,897.1278129717743,4434.049612576844,1768.4121963625394,1903.59045351621,628.8891562201884,20.725560665460172,13.263811650177464,0.20815303900761123,0.10108251090797944,0.043186475,0.07492886,9.9
healthy,b1d9e003-708a-4e2b-aacf-0920b8f72b21.webm,-392.58282,178.59015,70.5633,62.987415,-25.708454,43.76402,17.630686,23.78553,-12.548974,27.728779,5.774823,13.565158,-11.357984,17.573467,-0.07544973,12.373276,4.7813387,13.128347,3.140625,9.928425,-0.96509045,10.083642,-6.7093167,9.849371,0.93450725,7.8874836,0.42166907,0.32554653,2167.0657873591044,866.1866438737413,4065.9090798394636,1563.633487275739,1784.8017062330227,485.706404669091,21.319703727798853,13.383108036157815,0.1552710021820449,0.09851837656073019,0.039749674,0.068761654,9.3
healthy,7ff6b5bf-0951-4da4-a35b-8b3187a06aae.webm,-400.45932,177.44794,68.54482,65.57629,-0.13440342,26.48134,27.49083,29.250515,-15.123379,28.090239,3.5750096,14.413545,-9.266899,15.948327,-1.8373731,13.988589,-15.292946,16.76464,-6.356682,11.073463,-9.311349,12.690461,-4.2188683,11.098062,-0.35757938,9.498885,0.35513845,0.32770193,2097.442801489171,1236.011291561799,4032.155321465164,2112.385819513918,1882.6973479283206,623.8417516666514,22.357169844221687,13.889028568906735,0.12778446099238877,0.11451710426091745,0.046935182,0.0736776,9.9
healthy,f1ee04b9-0902-4185-bcd1-2f05209a8f72.webm,-433.315,189.04291,40.550938,50.0368,-10.756615,32.66541,5.147593,11.652966,1.2007489,11.615444,-2.7333589,10.69321,-1.3073928,9.834345,-6.1582723,12.451234,-2.1255364,7.0797844,-0.57111746,6.09382,1.4249527,6.38751,-0.8372286,7.3794293,-0.77427405,5.8535953,0.5071273,0.28959063,2708.8494756307364,822.9556140736348,5470.369819972826,2069.9341040548557,2528.2780214039553,606.2667399219084,18.831349256436415,10.784152582144769,0.16351052989130435,0.06141418982151807,0.043461364,0.10843555,4.26
healthy,9ef29b21-7e7e-4767-90a5-7412f0d0ef57.webm,-413.59888,161.57971,81.64448,51.679977,-37.517532,55.039417,7.078198,41.089092,-10.272183,28.01004,-5.2964625,27.658741,-17.073484,18.177713,-18.270649,18.976688,-12.700909,20.375685,-9.113624,18.619986,-4.685587,13.382609,-5.2105336,14.624224,-0.5056001,13.03267,0.32329026,0.32097974,1616.4185314416459,809.2654165051366,2795.251140763274,1509.5242164959118,1295.2517057877092,534.0179648170196,22.332937693404137,11.918674791383614,0.10932890855457227,0.05717846001884415,0.03412749,0.054721884,7.86
healthy,24f78772-5dee-4f18-86f4-02c97991e376.webm,-428.646,129.24434,70.587524,63.858925,-4.273019,53.658215,16.782352,19.807737,13.018369,20.28182,-10.368003,16.718405,-10.976754,14.848744,-16.190842,16.133587,-20.699001,15.558121,-9.936959,12.659271,-6.5336514,9.261995,-4.3448167,9.181741,1.6574454,10.000434,0.32596532,0.32563215,1315.753861880423,801.6207415495837,2317.5015419407896,1782.5143260750772,1290.3347499216623,688.5951966769243,20.891901413852967,8.766681715871096,0.1365919682017544,0.14065404160339073,0.03648891,0.07534183,6.6
healthy,9fdcfe36-7430-4f41-88ae-92c8aaf08382.webm,-518.24036,112.64882,25.470627,61.23873,-4.023819,21.23878,0.5981785,9.2686825,0.41377458,4.861872,1.1354822,6.174738,-1.9165655,8.198187,-2.1884239,7.8647733,-0.24380904,5.7900157,0.74748504,3.990478,-0.30307198,3.0183513,0.6148057,3.1609688,-0.19665961,3.2895746,0.48040202,0.31002185,3316.722501269841,1475.05105595169,6139.615531589674,2744.3926959520827,2402.1824163176525,927.7154374654499,17.9356244146921,11.041877577013059,0.5155306461352657,0.2859876769788042,0.013540993,0.04582642,9.6
healthy,83a6cdd8-c692-44a7-aa5a-495fa9c234b2.webm,-400.90894,167.37854,40.104557,44.63643,-16.43876,24.361643,4.112732,23.789427,-10.871039,17.334772,12.8151655,21.731758,-4.343808,23.037231,-1.2653472,11.864459,-16.26836,20.752884,-0.2609107,10.606906,-3.4660554,12.240575,-5.2068653,14.129774,5.41679,11.075647,0.33252135,0.31732863,2384.529578801266,560.6173541454755,4276.0377303413725,1224.821018412336,1841.8624644267097,357.9558017444507,21.938105966987813,13.463367489678284,0.18938147503396738,0.062468946434359046,0.037833095,0.07600432,4.26
healthy,a9d69fee-91ef-4a94-b694-5a0e85b17b06.webm,-433.55176,150.70871,33.848145,46.774,-16.111849,25.791235,-7.902438,17.07398,-9.522661,18.641605,-0.29345447,12.191438,0.47257742,9.673608,-8.250696,17.180275,-2.7844546,14.398699,1.0578787,7.759653,-2.4546058,9.784042,-4.668883,10.74139,-4.7106557,9.4560585,0.40154263,0.32008687,2182.582696182184,527.606277268369,3984.7618782874383,1289.1973138584478,1914.4012905807772,534.4913226325058,20.326261727505116,10.07031198160575,0.16944567991955445,0.057601902370158733,0.024441728,0.05638164,9.36
healthy,4da92c33-3c76-49bf-bd49-f2e2f847fb4c.webm,-400.6599,136.91891,81.25021,54.439205,15.443792,53.138252,14.359205,17.109915,-5.688539,20.483398,-1.0350686,12.961665,-10.509813,17.406565,-6.0785947,10.842305,-7.73741,7.5182943,-6.7131963,10.088014,-10.196971,8.223758,-6.6156697,7.6821547,-8.675936,6.505933,0.40049905,0.29781374,1038.7334880544818,745.6399510024211,1655.6296369154677,1561.5900217525611,1292.8051810603051,482.12072390174217,20.960772668581004,12.299359388579141,0.05829867356115108,0.05788843350368657,0.03549796,0.067562416,9.66
healthy,d880544c-aa59-4d56-9e8b-c359bdb8e17e.webm,-382.4402,143.31479,39.719185,54.861248,2.982592,21.993185,7.637885,22.38061,3.6796863,17.128294,10.8681345,15.86726,-4.472132,10.880935,-10.7945595,15.050158,-6.4903197,10.355425,-4.2978706,10.355602,-7.263463,10.617846,-7.3029976,12.744177,-5.1857324,8.46932,0.50741464,0.30005598,2616.0336695336678,1208.2723509535342,5241.992491914744,2358.039156615334,2441.4359604603046,690.3502153787142,19.301359634143836,10.313609936095519,0.2192796816552369,0.17149020260090936,0.03922403,0.085564695,9.3
healthy,ff8435f6-76b5-42c1-8f4c-7479710e71bf.webm,-567.1731,126.87972,23.413246,48.493385,-7.6003222,20.106794,-2.995924,14.503857,-9.261537,20.791716,-1.2873927,7.6148863,-6.614374,13.241838,-3.192851,8.960593,-5.9912453,15.096117,-1.4987268,6.917268,1.0107676,6.038548,-2.2640526,8.709385,0.44061905,4.6240015,0.571097,0.26266202,2863.7072601851614,764.3239331177924,5254.023543648098,1376.5583461532528,2079.31335733108,424.85945596000863,18.666131832143375,12.355230609663781,0.23597783627717392,0.07593102013470367,0.008989053,0.032026377,9.6
healthy,9708d3e0-5d03-4e56-80a5-afe8929f0395.webm,-473.4291,162.67015,22.025091,40.336987,-3.9654913,35.26295,16.855427,23.604893,-2.4743357,22.599493,12.597367,18.2394,-4.1646686,17.105227,0.9281525,9.630563,-4.021561,10.341283,-2.4972012,7.712841,-1.1757714,7.0924788,-3.8279488,7.553777,-0.681525,8.443257,0.43395463,0.3166707,2573.4467038985003,1298.3706860312784,5210.757796490779,2176.612373512467,2374.449117646707,619.9532460283407,18.30399588950305,11.887668011355208,0.19014380854800936,0.12504856236105386,0.028810345,0.083983794,9.9
healthy,86d5ead8-2c18-4bb1-87a4-947f585748cb.webm,-422.31323,185.2002,53.790646,63.06691,1.842128,24.29739,18.007889,25.119505,-18.170649,29.196169,16.132383,24.567694,-6.0952854,17.31901,0.28756955,13.373541,-5.203536,11.766044,-6.2332582,11.001368,5.020577,9.11432,-6.113139,8.661841,-1.7124635,5.9539647,0.49960345,0.31320587,2415.3388877104203,1055.1779809943284,4968.6449552837175,2033.3121413923718,2197.0385358756976,693.4026581979073,19.584778551462104,12.741608165237489,0.29800575657894735,0.28799751145290203,0.048962288,0.0948488,5.28
healthy,2184c33b-12e9-48ab-b20a-6a490cc09a7e.webm,-429.29163,179.55666,30.371216,45.188065,-8.55012,21.308247,10.848459,19.911835,-19.112473,28.04582,12.642058,19.888311,-14.05013,21.442734,-2.9924428,8.4395,-8.676334,12.694865,-2.7331238,6.538759,-0.37387288,5.4001045,-3.6039436,6.830042,-0.61197025,5.284209,0.50227356,0.2889506,3005.8104556952635,804.2533633709223,5962.174398592203,976.2149248529456,2497.0792133578684,377.1300955716841,19.295911018065052,13.200517376568294,0.35688363758250824,0.21040560835684927,0.03302943,0.06987618,7.02
healthy,59984d0e-04bd-46ea-88c5-0366c5bbb1ac.webm,-418.6001,158.08615,45.49365,66.0262,-9.633044,33.095543,20.41287,28.37567,-6.0861034,29.111345,0.75410193,20.64667,-9.191866,22.178268,-12.9753,20.407581,-5.463783,17.66343,-4.2205586,14.046021,-7.590053,16.984674,-8.504648,11.661386,-1.7988551,10.051013,0.33252037,0.34041777,1909.6739418906104,1289.007513245594,3392.87963319787,2305.9339252116883,1496.6018289853905,938.8402531047374,20.59106080334121,11.838337207947266,0.1405308471132287,0.11922834149744123,0.04574035,0.0759755,5.16
healthy,b0ef6d95-8a3b-44b9-bf9a-b68847617771.webm,-317.28107,152.57758,55.057365,35.436733,-8.659678,25.259119,0.8189134,15.011639,3.0522716,16.701626,1.530434,12.723279,-3.0703304,11.1966095,-1.6321993,9.859973,0.53869456,11.120413,6.5333853,11.152596,3.1503363,9.758119,-3.729153,9.513171,-3.6702263,9.465819,0.40426955,0.30117616,2424.2762517642104,721.8800974949958,4720.238745629371,1553.8517251864944,2399.1414406205763,397.1436083518621,20.629288585001287,11.182916746047896,0.13580023492132867,0.06953777146496032,0.066845395,0.15782906,9.96
healthy,d86ce1b5-0fa0-498a-9a09-3ee45158b99e.webm,-457.817,175.56013,32.741833,48.963993,-33.34819,43.93545,17.339952,23.455462,-7.810332,19.320492,15.625348,20.807251,-11.937352,16.625734,-4.8507643,13.078111,-4.979491,11.19087,-6.9678717,12.485176,-0.09622865,8.9456,-12.431587,14.545493,-6.6630096,10.64476,0.28737673,0.32353377,1989.297437169395,1658.145799428079,3387.1167223600414,2688.7716534204383,1264.8582541891546,949.297466064867,18.37034018348449,13.521640347714355,0.13090334345379148,0.12186669967549028,0.022420982,0.04523918,9.78
healthy,1e79b1e3-5ec2-4e34-a0f0-f4cf9c3dd66b.webm,-432.2582,154.15796,66.696075,55.297596,-23.28467,37.859768,22.525145,20.801289,0.7525049,21.917349,6.6703987,13.53609,-10.2550335,14.106392,-22.927471,23.444366,-6.4895773,10.53708,1.3491726,7.7163177,-7.655237,10.847326,-14.697947,14.177356,-0.8513451,8.740332,0.4730281,0.3155667,2282.4224277067847,786.3014992109609,4271.555056271854,1305.901379248324,1784.9953271719037,383.4677256136605,22.111251305971045,14.052519088438315,0.1726159582604895,0.07985574221040177,0.024926241,0.038897265,9.96
healthy,9838bf7e-f50d-4db4-b44e-5ceac4b607de.webm,-516.25696,93.44908,13.284677,29.39605,-5.1614456,24.106815,7.0592294,17.537367,-1.1441963,18.236843,-0.61856043,9.060768,-2.727066,11.282513,-4.043725,12.598963,-4.375417,11.739795,-0.8844081,6.0551224,-0.7575828,7.578776,-2.4794395,7.2468114,0.16905275,4.5002685,0.15735331,0.28158048,843.5730769680868,1286.1929974491325,1485.2229934802158,2209.1369697886907,668.3711871877018,910.1471864669725,20.10006314753689,8.315011639592047,0.04862438174460432,0.07739332111567473,0.009675409,0.03891541,9.66
healthy,7b2c5714-0c7d-4a64-9ef1-e5d5fce005c0.webm,-540.0391,175.72935,67.16258,70.776405,-0.19152111,27.291914,8.254565,18.463083,0.16783696,18.035965,10.213157,13.4040985,-4.9479594,17.76962,2.0305815,12.271606,-6.042285,15.439145,4.414381,7.473056,1.8545549,7.322083,-0.6484003,7.267774,0.71693987,8.180836,0.4371422,0.3087741,1850.848071117059,775.0346323587264,3850.5771706321025,1813.3469827232445,2055.2264202223555,575.348893788846,20.770002689583087,12.4882575940109,0.13066850142045455,0.095896387425836,0.012753383,0.029156938,5.1
healthy,85607561-0a13-45e2-a4fc-9f42a2851d55.webm,-380.58554,194.48177,49.752502,50.359386,-8.12611,35.19352,17.255932,25.74533,-18.385862,32.82419,6.64371,15.202007,-10.353307,15.051829,-5.3631873,12.814553,-15.023186,16.079962,-2.4749112,10.464684,-1.9525055,9.372345,-9.768211,10.613758,-0.14755727,10.019358,0.4065722,0.31945828,2251.1756777322353,1063.7352689026313,4452.7587890625,2110.261661723318,2070.327592165493,594.8525558270128,20.747622460914982,13.604902670894017,0.15146896040690866,0.11260232921926626,0.06673544,0.1287936,9.9
healthy,1c7e45ff-eb09-4b9f-a4a6-47567b653384.webm,-449.76245,137.58797,39.226265,64.717926,-12.8178,29.342083,6.309349,20.568296,-1.810119,18.953598,-3.270398,15.79952,-5.842824,13.169135,-1.1810929,10.132104,-4.689089,11.365421,-1.7955469,9.952037,-3.5976388,8.223511,-12.86894,19.704433,-1.4546521,6.8288913,0.49510795,0.31967744,3231.7432643901525,1695.0235537397718,5845.712515024038,2946.487619680436,2290.6028938200534,814.9585699695484,21.436546223188948,12.29348714046801,0.4036538006264569,0.32853842302843894,0.038915418,0.076995626,9.96
healthy,0b0fcb49-00ae-490d-8755-76f2297f5be0.webm,-442.45993,171.33505,49.800026,64.735985,-14.445967,31.5893,5.568961,23.33526,-13.798151,20.550426,1.4669503,11.531358,-9.319501,13.366084,-2.9134135,9.329974,-7.5376253,12.221467,0.7354522,7.4538903,0.62882906,6.806147,-9.281669,13.936502,0.26984966,5.6531887,0.51945525,0.27148274,2571.7574636778563,872.3761954924311,5004.110611068619,1774.3642051215643,2213.616936959905,570.7710781138895,18.924533228805316,12.139039955130738,0.2265533945221445,0.12209648760291915,0.03397243,0.0787326,9.96
healthy,59f23177-e0d8-4aea-8b49-866e26d3e4ed.webm,-539.2448,170.09412,21.042166,45.43062,-16.366972,34.182407,6.499702,19.15961,-7.8296776,21.007698,8.563523,18.399569,-9.7273655,20.214016,-1.1024383,6.8560863,-2.419292,8.076299,-3.912777,10.668372,1.6208249,7.5598016,-2.7806542,7.512987,-1.9967983,8.181512,0.19060141,0.30761206,1256.2334465971826,1690.6398793216483,2251.8252724095396,2974.387241164216,848.7321875113961,1098.1072261545373,15.797080024778285,10.450739806749263,0.07295307360197369,0.11431173780151868,0.018540567,0.057708036,5.28
healthy,cea2987a-c780-413f-b69a-7821e105334a.webm,-467.79544,203.71367,11.472832,23.961985,1.5710461,16.016642,0.60224026,15.693073,-3.7773173,16.340033,5.8500395,12.047196,-4.02422,16.858807,-0.7272688,8.819565,-2.2450016,10.785286,0.49397174,6.462328,1.7151291,8.674184,-2.4874175,8.544157,0.24100137,5.2224355,0.5723921,0.27176684,3885.4725036745776,1100.4203395168663,7358.031031468531,1545.4017180283242,2924.426608136953,373.3660647283812,18.89926276435756,12.004446868789064,0.25513548951048953,0.11401468056270402,0.02844797,0.063113,9.96
healthy,142c9287-68ae-4c7c-aa87-77c50a7d8ad0.webm,-443.43793,131.50505,53.28959,49.5044,-5.793663,32.283516,7.4250274,22.649237,-0.34957978,24.072605,9.058477,18.58988,-4.0456185,14.662214,-8.181802,14.397084,-6.9919534,13.544883,-0.24874748,11.173703,-0.018536903,11.384367,-2.2979026,10.343168,3.4743078,7.47024,0.36862606,0.32022822,1856.7500809549063,717.9312961283526,3682.1526374016607,1486.8822421012642,1782.7727756783593,525.9460271656693,21.764326408430726,11.758003302433565,0.10559281213578088,0.06627344883012835,0.025160987,0.06860267,9.96
healthy,04bf1c74-dca7-45f8-a26a-e0415e54d109.webm,-391.31195,195.84047,49.29521,68.79555,-21.725346,39.514,9.207173,21.943518,-14.401625,23.230122,2.8432283,12.698402,-2.26365,9.216338,-5.9418902,10.347926,-5.958562,10.556784,-0.40425265,3.616524,2.2200744,5.9717975,3.2868292,7.603663,0.47073144,4.7355494,0.5107947,0.29381374,2086.502732993147,645.5022507838929,3865.6512150998974,1198.0137231881026,1849.476294187271,503.4647388233386,19.697612988662577,11.496901968503888,0.1316398245389344,0.04175906509402152,0.058871612,0.09995925,2.82
healthy,02ae2f29-7994-4721-9061-2e32c6d10d5e.webm,-402.7405,160.94577,74.55489,67.543495,-40.132156,57.385487,22.393057,36.340736,-16.364117,25.298937,-7.0463305,25.05326,-15.527066,19.580088,-14.346058,17.118616,-2.443983,15.239306,-3.4520154,14.278551,-4.96315,12.223806,-8.651566,11.462707,1.0877535,9.190823,0.42932487,0.30777448,2221.064934375135,919.3961841012436,4016.299568646327,1606.4476992210125,1675.20219489823,565.9666947242715,21.973996725337027,12.833665045172605,0.14843287174170616,0.07698585225682637,0.029249622,0.03836113,9.78
healthy,3d8c6384-046d-4fa4-ab7c-6e05b62dab97.webm,-471.47827,141.79497,16.025532,29.585487,4.7126594,23.871443,5.6178107,15.659705,-8.174306,16.503117,6.361558,12.128641,-9.946449,12.499908,0.66498345,11.213394,-7.4306817,14.595122,0.1027095,10.63651,-3.8360405,8.736485,-4.1471763,7.470478,-2.1995306,8.368514,0.41326872,0.30638614,3818.638034757172,1316.02920837238,6535.276362581073,1612.9951485337851,2557.9213341619143,373.8454225711578,21.60198925713119,13.988382773197543,0.29715138561320753,0.15439973486398378,0.014445253,0.041498702,9.84
healthy,78fa5ba0-36b8-449c-a79f-baccbf5ed89c.webm,-325.8931,190.70834,77.66093,64.37992,-42.388775,43.12427,15.336894,24.022406,-5.3180594,25.39186,5.2224903,19.581951,-27.368235,24.817919,-6.4943566,16.00058,0.9330183,17.625341,-9.545395,15.940543,-7.541579,12.014832,-12.624465,16.49008,-0.7247889,8.871766,0.39661187,0.31071568,1998.1746474696959,534.6072185505055,3573.8198889307228,1280.6560754069783,1662.5673847726132,470.2909178371475,22.13395075051163,13.23769797978519,0.14075638491465864,0.03736405879076726,0.081482805,0.09949776,5.76
healthy,1955c568-19d2-41eb-8816-758cf6e5caa1.webm,-427.33606,137.76222,34.825565,55.318035,-14.171148,35.87935,3.1000679,14.423105,-6.6546845,21.5061,-0.8066432,12.145895,-2.5093696,10.115638,-7.1070876,16.28104,-4.0417213,10.889462,-3.7105448,8.8353195,-3.8940132,8.596992,-1.2139918,5.577971,-0.013449551,6.448083,0.2364039,0.32133922,943.2491683338518,1056.2824554661602,1913.0757798243612,2225.500945437395,955.0251587358068,991.6946799631098,19.198739522321972,9.188687660248892,0.0824500313640511,0.1432236310855346,0.02628117,0.06929573,6.36
healthy,9ab800b9-4596-4664-aadc-35799a8580fb.webm,-459.64822,153.57297,41.234688,52.53358,-25.3721,36.232765,17.53909,35.58764,-6.600725,25.879103,-4.390927,20.420195,-5.979473,14.79221,-5.798446,13.856798,-5.763861,14.579845,-2.053496,9.493324,-2.9886582,12.220936,-7.7443023,12.482992,-3.9765513,10.922069,0.24663147,0.317455,1447.0330067274042,1272.2906991832488,2545.0009553328805,2221.0674447164533,1063.3639886226856,899.1797235283449,20.28163583461394,11.4602278947936,0.09520187009359904,0.09131529385129367,0.019976063,0.040962372,9.6
healthy,664729c2-18aa-41cd-9419-77544bdf4e35.webm,-515.0865,152.23224,16.518427,41.450073,-7.8592825,23.909843,10.649365,24.090113,-4.4416513,14.638743,3.6757963,13.238984,-5.969079,14.018253,-1.5222186,6.256762,-3.2559278,8.711244,-0.023929033,4.838742,-2.6801207,6.3528967,-3.502542,8.426546,1.9476849,5.373569,0.2113925,0.32066748,1054.664437934282,1456.7159471104787,1994.6299677309783,2635.719158812216,861.5585863206999,1099.5038294437857,13.285667943324167,9.95905661105239,0.06293638662439613,0.10271679729641182,0.019884376,0.05754772,9.6
healthy,51a83ce7-f260-422c-a772-3447f306ebd2.webm,-384.30035,160.4354,65.10564,60.792484,-30.881916,34.968433,7.686952,18.243551,-9.980853,16.612701,-2.2140377,10.001289,-10.546822,13.601557,-3.0819929,8.669449,-5.6825666,9.77576,-12.060846,14.345025,-4.3647285,8.129559,-6.469979,10.11574,-4.3028555,7.3888645,0.47838268,0.31405666,2210.044998886345,886.2904478794037,4259.1868916495905,1694.3007346809964,1868.4540601143885,612.9045075157532,20.26049419694221,13.004106473955558,0.17576981484192036,0.14584792516940626,0.033367958,0.06278831,9.9
healthy,5c89e62f-ae90-4650-a8a5-fde32d489f19.webm,-454.95264,189.51009,59.160072,85.7325,-19.794336,40.54186,7.3641505,19.752155,-6.029919,17.801176,0.7086129,14.587629,-3.4297152,16.82641,-2.664126,10.34546,-8.703877,12.509718,-4.3888245,9.835797,0.3898325,5.9416804,-4.2344475,8.309255,0.62291956,6.500541,0.42824304,0.3505134,1729.6922567787587,1424.3945861602724,3029.552086440931,2446.3539665303474,1325.6408888453193,950.9995387562043,15.597094022165564,11.152476235893479,0.13081509173627684,0.13620664917547068,0.036960144,0.066920355,9.72
healthy,0daffb73-6f9f-463c-bb31-67c8bc2d3133.webm,-457.65872,166.3755,30.13705,53.647163,-6.0233603,16.919758,6.7869587,17.990103,-8.143749,17.852068,10.4195385,20.390085,-8.3366785,17.04079,-3.6452904,9.976062,-4.6870017,9.936583,2.462071,9.511248,-1.3450211,6.348183,-6.226544,11.864745,3.542439,8.477419,0.3690563,0.34703228,1845.8803337438753,1492.3026768086104,3716.5597591760024,2778.8195993835575,1629.2851840317462,1132.6898881498287,16.40855276707786,11.6475749843481,0.09915794516509434,0.10004109240351558,0.030125745,0.07167203,9.84
healthy,87448772-047c-4380-ad36-8f6c08f3c961.webm,-446.40207,186.84607,30.883213,43.861275,-26.80021,39.512703,9.299223,19.30337,-14.687209,24.480692,6.6763453,18.093822,-12.355972,19.279585,-2.9475136,11.151184,-8.777111,15.14409,2.0998244,6.242276,-6.1974764,8.092029,-11.1381855,14.19753,3.9629471,7.9812636,0.5792962,0.28806332,3178.5594900939323,866.2051707306819,6037.4663806352455,1625.9038712531335,2375.6218344543713,555.898481251383,19.54962097914476,13.746800540850415,0.43445596091920374,0.271865205697759,0.025308006,0.056864507,9.9
healthy,933f439b-50fe-4273-9ede-e204b35cb712.webm,-544.89233,124.787186,14.331876,37.9757,-6.822854,25.651766,1.9874676,15.527529,-5.7387567,20.276043,1.6044823,6.719153,-2.62228,10.795102,-3.518175,12.05221,-3.2032578,10.211555,-2.520586,8.928868,-2.0563598,6.235513,-1.662572,5.463068,-1.0669111,5.4176736,0.109667376,0.24836458,602.2876178849231,1206.9108931183666,1102.205442032724,2224.8249939248058,466.8323992753296,882.4638091535279,14.338085686466707,7.277654804381329,0.03125,0.062361789329794054,0.011096165,0.041004904,9.84
healthy,02cbc546-5378-4f3f-83ad-fe565f460151.webm,-533.32324,136.45,30.049646,50.994167,-3.6527052,29.273983,11.43519,19.627813,-1.081335,14.824802,0.9313229,10.797482,-7.112416,14.959632,-6.1916943,11.508493,-6.5265203,10.786998,-3.111529,6.6085353,-2.6123388,7.0257463,-4.403701,9.119766,-1.4091592,6.177557,0.30667692,0.3440792,1622.0669959425422,1557.8889282830787,3181.2003786383125,2882.94146624569,1469.1098024215426,1137.7650303721605,14.442993569174083,10.66010514556033,0.07402308495036101,0.07967002203270479,0.015721831,0.049713377,6.42
healthy,49dd7efb-c87b-481f-a5c6-b4c03a0af387.webm,-440.15836,135.89395,45.781822,56.501785,-6.0125837,23.969353,-0.48983175,26.042465,-18.134624,21.36887,0.42521855,18.530823,-1.4252858,13.171912,0.8244867,12.382846,-0.26869857,14.761588,-2.8720338,11.077094,-4.273437,9.002081,-2.4769223,7.695653,-0.13335317,7.985473,0.3127799,0.3260901,2179.248238431547,1326.392988690887,3847.441303813374,2290.189842180493,1836.6564004421625,670.1377527883348,22.87999078086631,12.149839224756601,0.17153354458041958,0.14710171210656314,0.027843798,0.06573208,9.96
healthy,746e5865-3af5-4a98-919e-3d5513a093f6.webm,-372.1851,202.6688,87.7241,80.94496,-9.954247,25.518288,9.366548,27.409222,-11.613299,21.098396,11.734271,11.897979,-5.2428164,14.150986,-0.8631529,7.6340675,-5.311637,10.047937,-4.327689,7.9802327,-3.3714464,7.7832704,-6.2526445,7.3069925,-1.9552313,7.441417,0.45462173,0.3220829,1457.079967113251,520.6569505724461,2559.597373870482,1259.5743940678021,1633.135487612897,430.4113035753433,20.698764019397803,13.113702633423248,0.08004871046686747,0.04601940023027662,0.08567372,0.1284618,1.92
healthy,e3598fa8-c57a-4254-90c8-c0c7892a864a.webm,-430.9951,189.52768,50.577225,72.62532,-12.30581,33.005608,1.077203,16.84064,-12.380169,20.194517,6.9722276,17.395838,-7.560955,15.116727,1.4034253,7.8178926,-3.3053648,10.077324,-3.9348798,12.065279,5.715087,11.768948,-1.8919508,8.685544,2.5716324,8.162553,0.424209,0.30604434,2397.2738502922975,1001.2217724133039,4493.26171875,2118.208696008947,2095.6443733982833,659.4401487800903,19.553463549970896,11.659042019914732,0.16059445112179488,0.09279604514607213,0.0654179,0.1189008,2.7
healthy,0f9d6794-8486-43da-b639-7023005bc21a.webm,-443.8691,126.02699,31.780325,35.39644,9.922604,19.613462,13.264805,14.941598,7.579848,14.710237,-2.2916908,16.149502,-1.0062417,11.421802,-5.70491,14.463613,-2.4352667,6.32329,-4.139563,6.9109883,-8.38623,8.543565,-8.351706,8.062988,-6.5818124,6.1112094,0.4484941,0.2914075,1933.3640088794873,933.0368847768377,3845.8097637824294,1764.1850456052384,2354.5559440964444,434.8084526123958,20.160963516211645,10.929823671670317,0.07853727520636793,0.06236116592940545,0.024825128,0.06163989,9.84
healthy,ea5a5780-d0e7-4066-a4d8-c6c5b6ed1f76.webm,-496.94315,146.09566,32.275208,53.914585,-15.161086,36.591003,2.281776,12.441898,-8.821566,19.351032,1.4455365,5.9353447,-4.321459,11.869282,-5.1014147,9.069293,-5.041882,9.847687,-3.8077445,7.746575,2.9952753,7.933825,-1.6367487,7.264874,-0.26542032,4.989761,0.5740499,0.29147106,3245.192416811553,1425.4641025740316,5925.099092371323,2492.3975675938714,2357.2233956342957,703.0228473453922,19.43517268925944,11.685507549974712,0.44496099220938373,0.29612177242443793,0.017630244,0.051766694,8.28
healthy,3dca082b-a633-4be2-9a2b-d47de5d567e2.webm,-429.03217,191.47624,38.791985,46.835632,-2.1827757,24.720182,-11.562198,24.547966,-24.02007,30.91599,5.8756847,20.478483,-7.366276,15.717719,-10.161922,17.656431,-1.578947,11.31453,1.6800455,10.778115,-2.4577227,11.126407,-5.031159,14.20079,2.7748294,10.305508,0.3571251,0.3115419,2870.59855377253,1172.5303184499635,5928.582720989947,2399.9973251123706,2630.753564849871,700.0402656980998,20.68572400659075,11.883534613476746,0.1756537733100233,0.11076267543897345,0.038207695,0.06934665,9.96
healthy,a8894f10-ff06-497f-bc94-11ae33472550.webm,-489.0823,163.13837,26.161276,41.61219,-12.550023,27.990883,1.6973118,12.473537,-17.47715,31.227621,4.6687894,18.507347,-12.99826,21.125498,-3.2572677,9.923493,-7.485765,14.146419,-7.749376,12.906841,0.20900187,9.392289,-2.4514985,6.639169,0.80790466,6.6645827,0.29395238,0.29236478,2896.024308731089,794.7235168576269,5606.720520308797,1597.7664702873592,2391.3294538884106,524.821627864707,21.339898588447625,11.79294255822389,0.22965764773400474,0.10108759549509837,0.023881998,0.0654047,9.78
healthy,ee4fd5b2-d951-4ba3-9bed-b1269a6c0091.webm,-472.99188,146.80464,58.166485,81.21053,-6.315791,20.385368,-2.8247824,12.004988,-6.8676634,15.746728,-0.616061,11.854646,-0.33185473,6.379267,-4.692977,10.734604,-13.570317,20.950712,0.15209466,7.3534355,3.6484475,7.942406,-3.8530226,5.985963,-0.9482351,5.8721676,0.420403,0.3020485,1982.7708844030144,696.4857378936013,3910.4775390625,1563.2275946423936,1865.5001553045208,567.077286796979,20.36920750331514,12.281604707761478,0.11059678819444445,0.048675719713445566,0.026871763,0.050189782,5.22
healthy,a5e42fd9-06a2-4e87-947e-16909f3e9286.webm,-451.28687,186.88792,58.033882,64.38884,-26.139103,68.3299,25.658468,33.881565,-9.919687,24.959446,-8.328907,17.85845,0.17728442,12.904438,-8.743757,14.39665,-0.70642376,14.38552,-5.439748,10.951687,-5.865468,9.952145,-6.241749,9.033619,-5.9671087,8.330468,0.52971023,0.31194088,2343.5255606210676,991.7429071255918,4566.58803112102,2137.498908257014,1966.2492100361414,834.3986679047528,18.901012356042312,9.950863555874777,0.40390417710790094,0.3080497875965158,0.042547163,0.082710646,9.84
healthy,b43f9802-2907-47b1-a0a9-2aaa0bdc9e7b.webm,-469.10754,152.65619,21.684134,44.358593,-10.897941,31.79416,12.085922,22.878714,-6.1346383,20.357086,0.8964107,15.431317,-9.113783,15.594456,-3.8801305,13.533785,-9.331534,17.823032,-5.753459,14.215175,-2.5008078,8.337661,-6.1687775,11.311009,1.1068013,7.487804,0.3808422,0.32524824,2895.90228027505,1092.577728087912,4965.871760670731,1313.4462260352118,2030.359238881561,520.5006589340998,20.952781812221094,13.178076574176409,0.23297208460365854,0.11641146470955777,0.03146653,0.07687049,4.74
healthy,fc81adff-40d7-48cc-8c90-4af0b2ac7b1c.webm,-558.7609,149.02672,18.679092,49.711044,-9.989843,28.16202,3.1491072,10.841496,-3.0300868,10.38914,1.9958704,7.585061,-4.38669,12.664972,-1.6231911,5.554429,-4.495002,11.993278,-1.6911358,4.919357,0.046843365,2.4728987,-1.9478616,6.0992227,-0.5689352,3.1259346,0.7153678,0.23905946,3507.0757071761004,864.0396778908582,6374.206342853484,1587.0321335998206,2508.9976546100597,468.1643469938546,15.776857875266632,10.041902165963512,0.4369179504537471,0.193226890055763,0.015180027,0.049068574,9.9
healthy,417018ba-8853-4956-8c6c-f1146000f589.webm,-506.7435,146.11378,22.330193,50.618427,-6.6668177,19.067463,7.6831627,18.918633,-4.7907786,12.493908,1.4336289,8.921195,-3.890406,10.604156,-0.3483408,4.4857955,-4.84922,10.788175,-2.585985,7.161273,-0.8537106,4.2675223,-3.4991374,8.014021,0.17884135,2.7772853,0.25716203,0.35527053,1261.9545110343802,1758.6617841301984,2261.330859375,3020.0497460755732,924.451315574005,1142.9332862022038,12.6363786742917,9.149162296544137,0.06144270833333333,0.10394731059071166,0.018924624,0.058020942,8.7
healthy,2aee71a2-d37f-4039-ba35-5b14b9545908.webm,-297.3282,215.94563,55.42919,47.406975,-19.641321,27.956587,17.260248,14.887375,-21.532974,19.501438,22.199917,19.6925,-13.73572,18.261726,5.783737,11.106318,-15.460564,14.8606415,5.8353353,6.5393343,-5.2377644,10.226399,-1.4195698,7.265569,-3.1913812,7.753191,0.5398506,0.28920835,2908.500161859583,1035.510085183224,5737.608600484914,1138.9886414970238,2325.3203042698947,270.80024886974365,20.730704099649667,16.398587792206175,0.18532237787356323,0.09672217212464278,0.06077556,0.09160874,6.06
healthy,c1dd19f2-c0eb-4636-8805-4a583c5f1559.webm,-531.2579,176.96207,40.795803,63.560093,-19.037292,37.129406,-7.3164663,21.445522,-12.512075,25.51637,3.4300787,18.450535,-11.398943,24.88758,-0.39440975,14.647903,-5.518751,13.471106,-2.5016103,9.849308,-3.37265,10.236665,-3.1737106,11.883109,4.475437,10.033591,0.5156311,0.34587932,2840.3510058662714,1417.2186900924698,5053.827537680572,2668.9869445084814,2115.0773614081522,818.6487602573702,18.844525542905203,12.145697981628564,0.31742887676886794,0.2408321393722159,0.023423452,0.057068534,9.84
healthy,c97496f3-d1f4-4c27-83c2-585d2d3fc5a9.webm,-387.08368,162.9837,72.38176,53.750385,-15.900341,44.84581,13.300195,22.118437,5.874608,19.2444,11.7368555,18.264761,-4.838456,18.4644,-2.4056873,19.912943,-4.7480497,16.420298,1.6426151,18.51883,-6.1961093,12.721275,-12.82023,13.839474,1.2416279,12.129729,0.31525198,0.3225759,1519.0476105980922,719.4618390804657,2618.8496589660645,1363.2382950577842,1409.5913447038229,395.4358772514728,23.800390342970818,12.712007059623078,0.10562705993652344,0.05486590448971376,0.04839553,0.091616765,5.94
healthy,98242141-413e-4f8e-933a-a72fc545c031.webm,-555.85406,84.58663,16.852394,35.963192,3.7348816,11.061592,4.5981708,8.923102,3.3953292,6.486258,6.1021886,9.33501,2.4643598,6.488378,2.112782,4.719632,1.5160111,4.1586156,2.6428685,2.920759,2.2163289,2.7815068,1.4331596,3.557061,1.2047064,3.3991787,0.6515364,0.22961524,2526.3547849035135,479.87600576467423,5269.482421875,950.5856195748866,2386.5369236364313,307.79825007545304,18.455490059689115,11.24525329749666,0.1282933255269321,0.032700368891353124,0.006343813,0.032974605,9.9
healthy,ebc39372-6860-497c-960c-a185b602caf1.webm,-695.7979,120.64655,20.711622,43.871204,2.565679,13.692214,8.51261,15.562348,1.7896436,7.9338436,6.181884,14.310278,-6.728771,14.651326,-0.79229766,8.482632,-7.1535954,16.551796,1.7981704,7.4977727,-0.049989287,4.7936745,-0.66410667,4.0173388,0.5776713,3.8899562,0.5802022,0.33422393,3068.37172955209,1498.5852277711076,6054.943732495578,2661.4009737258,2449.6820529169654,968.8571459573843,15.702170279220436,12.40189495972087,0.29743928729363206,0.2322739453218884,0.0020915926,0.006749774,9.84
healthy,db7f27dc-d1f6-4c2f-a206-6e7ed91d2e63.webm,-314.73212,188.2406,47.954754,44.215584,-18.164436,29.768261,38.718998,36.821224,-20.58542,30.721674,10.866669,21.355225,-27.447845,26.370945,0.116296105,11.672318,-18.868177,17.08237,-8.221174,11.440129,-8.65431,12.810916,-13.773996,14.358008,5.6339517,12.27505,0.4300057,0.32367727,2655.5848351368218,1313.8914416564428,4824.908518236737,2217.289201000709,1935.8012758607003,812.9345082093395,21.109382867765678,16.129209929977396,0.2028609874636628,0.1254436621198942,0.06794787,0.088078186,7.98
healthy,07e2f7e1-8e9b-4962-8701-fbe1224de7ef.webm,-427.1619,178.22125,39.9584,57.650913,-24.256134,40.202152,2.1755753,15.602263,-9.815882,20.986555,3.500148,11.027037,-9.077201,15.306077,-7.6141644,13.60633,-12.160772,16.637756,-3.5810044,7.184895,0.82399213,5.618898,-5.8950562,10.24297,0.43833122,6.2268214,0.5181231,0.29378432,2557.1706577803848,785.0963220941696,4885.85295392676,1665.12362962507,2120.666317813854,583.9722961889286,19.300007277677043,11.914187085989722,0.288426219421241,0.19296127290543527,0.038498923,0.08327235,9.72
healthy,6f4c81da-1cec-4910-998d-239b810082ae.webm,-489.41428,180.99745,34.884754,52.975,-17.22889,36.064884,10.2368355,19.620905,-0.6003793,13.751908,17.115858,27.995789,-10.376681,21.164503,-1.1955212,8.211468,-6.814807,13.857801,-2.623688,8.357211,-0.8634485,5.982862,-3.33799,6.925301,0.8485593,8.081107,0.26460347,0.33053592,1276.8662281110182,1421.3232540779607,2451.8675879608813,2737.122634817984,1061.932441067563,1079.4959346889875,14.634609272783496,12.414499269352529,0.0705595679706235,0.08394599838085692,0.023073576,0.051410727,9.66
healthy,636e5437-0c2a-4e8e-a984-42f2053e649b.webm,-606.226,152.53072,21.596832,43.307278,-9.996139,26.4244,6.4112153,17.058659,-14.632156,32.118595,-1.4457495,8.09805,-9.625214,19.41352,-0.42537236,9.868995,-0.5691068,7.17556,0.36647093,6.068559,-1.0165422,7.140098,-4.9591565,10.924258,-3.117309,7.114056,0.14912708,0.29189703,829.6482473902156,1433.1487222615137,1547.6824614167945,2517.273959307261,669.0563025825559,1011.1618880565981,19.859528720798387,8.88341583365588,0.04733332534509203,0.08501175597889835,0.0059998087,0.013710016,3.78
healthy,55826407-b076-45ca-9b76-00b1de74b17f.webm,-465.63235,108.80127,18.809202,46.929245,-0.607732,9.634981,2.2496989,13.375028,-5.691225,14.715872,0.9285358,8.964781,-1.3279289,6.9791913,-1.4594394,7.23347,-2.863313,8.793051,3.1550274,8.325029,0.7105558,4.0517,-3.0603848,10.254798,0.22156912,3.3861804,0.41438705,0.32387027,2662.1108188240933,688.7625116858318,5303.976260914522,1365.5999084840014,2340.140797946232,410.0407352285762,18.719723716158473,11.685272258597728,0.14250272863051472,0.06622536329957908,0.018633684,0.058140077,6.3
healthy,7cd5afde-1c1c-4dae-98d1-b31fa41b411f.webm,-403.93842,179.2979,35.555283,49.115154,-32.14765,36.456413,16.8156,31.868788,-14.767866,29.142578,13.266792,20.305956,-19.177925,23.345768,-9.450925,15.92554,-4.691473,14.738892,-7.9877257,11.941413,-5.839002,12.6532135,-5.0371532,9.19336,0.26483876,9.159774,0.29441902,0.3267241,1842.5270775963916,1477.7284541915305,3358.23974609375,2571.721328609135,1341.8540631792876,975.7203372241936,19.089755858422073,13.780839622202402,0.12983760127314814,0.12344182850884358,0.033275414,0.05586684,8.76
healthy,3f416713-1feb-4891-9d7e-bd7fa8c7a6d4.webm,-448.09656,155.3093,12.118244,28.514387,-6.1215234,18.875685,-2.23754,13.310722,2.0755413,7.883105,0.3166001,7.784075,-0.49825108,4.792759,-2.0957336,6.461154,-4.642376,11.77117,-0.3966483,8.253121,0.7733904,5.467418,-0.74010795,5.3562617,-2.8928728,7.047075,0.43597892,0.2974625,2869.559876164618,1045.9840168415774,5879.572561885534,1762.5051683015372,2691.0419390715488,436.0240264339452,19.155336714439432,9.366409428313075,0.19122337312734083,0.09136869619250416,0.024040138,0.06429933,6.18
healthy,5a201792-08c0-4366-92ac-160927cf7384.webm,-441.9578,172.84657,42.18204,60.423958,-11.748687,29.071894,16.801285,22.777409,-6.294867,16.44179,5.71321,12.228788,-8.113267,14.20974,0.31082588,9.436883,-7.0490785,12.624704,-7.7730436,10.530439,1.3588202,5.533371,-4.193877,9.077264,0.8936829,7.789685,0.58437705,0.26988265,2814.9537587102004,881.5383216610404,5329.095441394993,1308.8922636280588,2216.6334250308437,449.0195033751846,19.26871223689108,13.386458687644216,0.21830111896613832,0.08665679668754141,0.03529169,0.07656184,8.04
healthy,0255d86f-3ed8-4b86-bb78-81ef15e41bf9.webm,-486.9989,158.99867,33.381107,33.059372,7.3367047,21.180267,15.00239,16.125097,4.6021113,14.060045,3.0829735,14.728005,1.7045915,12.827505,-0.91298926,13.983211,-1.873126,11.700925,5.2581487,9.544651,5.2389097,7.989257,1.1159351,10.863509,3.6291492,7.610428,0.46017244,0.31312847,3215.828604886728,1230.2400614106728,6618.448324136801,2323.8032781495504,2869.6411009028025,583.1520709945831,19.915019983202985,11.288333000997303,0.17476485103438227,0.10579449534753362,0.015854457,0.046461508,9.96
healthy,8738d578-9cfd-45ad-9bca-528665084d6b.webm,-500.33374,165.54263,20.45714,43.83868,1.6007742,12.590382,-1.4931765,12.340479,4.749257,10.686799,1.4377133,8.491607,1.2727337,5.2346067,0.19467394,4.289467,-4.6738057,11.626679,-0.61500835,5.248074,-2.7667894,7.5530457,-2.9125838,7.29317,-2.101451,5.646601,0.6471,0.2335892,4029.152387220302,1416.998637757906,7471.595084313119,2362.094108960183,2839.898512518687,484.8761471722484,17.604424293419157,9.308852138972021,0.5389537244740099,0.2805383047198396,0.019598125,0.05727899,9.36
healthy,dc4a3767-891e-46d5-b67e-8f3c77f72407.webm,-321.42798,140.60182,75.436005,53.804615,-6.4535003,28.844286,19.152481,24.377716,-16.726881,22.462105,4.3397336,21.50135,-15.4187975,16.450853,-7.9767323,13.636236,-4.810988,18.226711,-7.3202977,13.327645,-2.7813704,13.148201,-7.069497,11.44321,-3.4338434,8.407932,0.34035498,0.34102198,1801.2071904768222,842.9567859252691,3563.2372586232314,1641.7621218174716,1705.00079394234,459.66080956148613,23.288524780808466,13.812029152704959,0.10185270489386793,0.07561651163191242,0.09181091,0.11905893,9.84
healthy,6586242c-b8c2-4eb4-9169-9985dfd23cff.webm,-680.39087,173.59912,11.096774,26.260384,-2.0195928,9.06227,-1.2033079,6.9582906,3.6283634,10.825148,0.79106,7.144274,-1.4934312,5.4786515,-0.0814168,5.069429,0.75616777,6.734685,-1.5368563,5.8843484,-2.2854962,7.0867457,-1.1224875,4.456598,-1.2102022,4.80625,0.4899584,0.3882296,3409.115410602693,2236.580051562391,6162.0761862011,3717.255641458985,2255.8970250436496,1304.4601099811111,12.856311994933094,10.35356210438936,0.1955273915036675,0.22756948137490368,0.004372421,0.014837968,9.48
healthy,8be19c52-1a6c-4a9a-928d-f463feb762d3.webm,-403.20963,198.0495,69.70254,67.367676,-5.937302,30.847794,29.358053,29.354824,-4.744182,20.475933,5.1410313,13.093438,-6.0816593,12.456346,-0.38137257,11.049192,-3.6039639,8.411248,3.6202488,9.063282,-4.4945955,8.65679,-8.601985,10.051793,-2.2231524,7.273278,0.5129621,0.31121337,1954.7567178407646,795.3441565424909,3959.033203125,1604.288387083535,1925.1899894236333,492.80840310725296,19.93983938195105,13.231008685224838,0.11342486213235294,0.06473313093727709,0.059980072,0.08833933,5.52
healthy,e2caf7fb-6adc-4c28-9b28-68064100c0e3.webm,-484.85455,138.66066,14.458542,32.64763,-12.158205,29.452291,9.22669,18.96011,-7.5593367,17.394032,1.8563253,6.867702,-11.498655,22.34629,-1.7183294,8.464714,0.20740415,5.557402,-1.9495887,7.588525,1.0178635,7.71667,-5.279478,10.815563,0.12645152,5.8696184,0.6098027,0.27896386,3746.496288741809,805.3143270516637,6635.197535100973,1163.8045679418813,2528.4007527245753,514.2401269564405,18.684480318426747,13.294459729774083,0.5782839217275944,0.2523132035264376,0.018502949,0.05412389,9.84
healthy,8bcc2334-1fb6-4185-8314-7e466ec3a9b8.webm,-338.52814,143.90546,108.63844,27.81674,-23.566658,27.903067,17.342638,18.897238,-13.140209,21.887005,14.9128275,18.709694,-0.5947961,20.831932,0.2058642,9.906234,-5.793361,16.549004,-1.2631575,10.151547,1.8816469,7.1048336,-5.616592,8.548459,0.1492828,8.261201,0.48842192,0.2971575,1832.4043478339695,682.4105628180353,3795.3021666061045,1007.276920107872,1755.4108680821491,284.73146546130965,21.11803078589734,14.86084704359886,0.10399936409883721,0.039753299456732775,0.03940399,0.076075695,4.98
healthy,5a40824d-235b-4fc1-bbe9-7c98314bc9a9.webm,-406.48825,193.32172,52.71585,59.947353,-22.808458,30.342875,8.728555,16.060474,-15.968085,21.532644,11.603083,16.400242,-12.952893,16.498491,-5.966616,10.752248,-16.739288,19.933636,2.081855,7.416005,-4.29687,7.0868635,-12.305164,12.601943,-1.8032935,6.4558845,0.30611923,0.32808498,1830.3345131751228,1387.7261609560655,3475.6455718493853,2507.2904656421047,1465.8639602043643,953.5225745307272,19.56331487797398,14.265422428628215,0.1168638850263466,0.1203540648128601,0.039029583,0.06548693,9.9
healthy,69e83906-d591-4dad-a12e-0f7436393b28.webm,-580.13947,99.26448,15.7722645,45.1477,2.1779256,12.62872,3.4738083,13.091343,0.03984666,11.187411,2.9852414,8.006325,0.21804877,7.8573556,1.0502757,4.0582895,-0.32025313,7.7779455,0.9295704,3.4104288,0.56171525,3.0062518,-0.7664003,5.490069,0.6882228,2.7061665,0.64684564,0.22479638,2848.895338203125,901.4496373366644,5897.543535441378,1729.9915373315293,2678.561530473784,516.0840584821656,17.04604924257551,10.055595431917421,0.22499964359032848,0.09322421336500475,0.008361364,0.038226213,6.36
healthy,8971cbda-171a-473e-805d-ce754a02af4c.webm,-411.4321,139.01532,65.8282,49.98011,5.765788,29.000797,22.227825,30.010323,-14.14082,27.042793,9.584432,17.486,-16.291895,20.668867,-10.389258,15.067346,-16.606613,16.617212,-5.4147816,8.610699,3.0538306,10.261256,-7.6639504,9.984361,-3.8887753,9.562303,0.37175593,0.34117612,2126.9162259536693,1393.849197929798,4079.4194081383293,2474.8161376460525,1841.506292334942,753.4119595761198,20.772612822953324,14.34811824125153,0.1494834863744076,0.1297736055265031,0.02689351,0.06446386,9.78
healthy,4415a80d-0b65-4119-9bf4-a657de895077.webm,-424.02832,165.07957,38.04041,55.56447,-14.202508,29.782528,11.571345,21.514654,-9.43728,25.88699,3.6781366,23.807453,-17.698801,25.386755,-10.6063385,19.519178,-11.875512,17.69525,-3.4494402,11.757487,-0.47251174,9.7875395,-5.469934,12.6608305,-2.567459,9.326384,0.33860388,0.35034823,1965.875301365237,1430.323532167966,3742.4342061705506,2535.405975868827,1648.0715077422367,1003.8667219550349,20.039858092890213,12.854331297961883,0.12456799523305084,0.10635271852547619,0.047821637,0.0887772,6.84
healthy,a1591625-1a9b-496d-a54a-605bd8e34795.webm,-543.6429,117.082726,12.833089,37.392475,-6.3825154,22.013964,1.6527846,8.952204,-3.8088071,12.864084,2.0504146,8.758869,-3.2357507,11.709456,-0.7126973,4.847293,-3.0648625,9.423826,-3.2470255,9.655492,-0.53217113,3.6179366,-2.7584002,8.789101,0.4577441,3.5110426,0.09935019,0.24398994,582.2466113948498,1307.3637062749253,1060.7133973319576,2251.0169627102778,427.2506162902507,859.4357549999849,13.392462314295416,6.997286341771382,0.029061947228773585,0.06652400682041762,0.008038972,0.030595994,9.84
healthy,9f922042-30ab-4b11-8f33-1ae058f6d07d.webm,-330.08716,179.07095,78.36435,51.23352,-18.146126,30.297342,33.212643,28.192255,-19.628666,29.170809,-6.5692043,17.918888,-21.89104,21.847609,-5.584358,13.439217,-4.7914906,11.227123,-7.0308337,11.791062,-2.5180972,13.244882,-10.470811,11.524498,-7.6554723,10.706384,0.41181034,0.3061935,2079.436188983834,746.5049397893047,3972.1951844262294,1133.656198681861,1787.2862455036588,301.9374298983689,21.909438261964098,13.444597491308393,0.13531108204039813,0.06969802668292428,0.06685105,0.116090655,9.9
healthy,b7ef86d1-2823-4e74-8906-9a5359e21e1f.webm,-415.32523,176.58098,45.74042,34.974712,3.012365,33.45107,16.309837,19.589693,11.748082,15.140741,8.316213,14.296971,3.4049985,13.539598,-2.1468925,14.881116,-2.5221453,15.15764,2.1181302,9.812343,-4.4774437,11.832112,-1.5792727,8.137254,-2.4677362,8.444413,0.40490955,0.3197851,2070.396641477978,918.5595323608712,4198.974609375,1953.6690207580812,2258.3282898890225,590.0870155788069,20.781241119606054,11.030918809125811,0.0996143405720339,0.07562226260989786,0.041010827,0.08730863,6.84
healthy,01781f0a-6d9e-432a-931f-a2ced02c1411.webm,-390.45087,150.9595,57.756893,67.13928,-33.53661,37.5321,10.25639,24.26096,9.459598,25.55655,-3.5176172,22.910088,-23.926105,22.392117,-5.063486,15.333076,0.34388056,20.768665,-3.6103218,13.907657,-5.188261,17.242687,-6.718865,18.416128,3.1788592,12.536347,0.27595583,0.3177574,1965.7891864021717,712.5867658215421,3269.0165963402405,1180.3855922946893,1430.1640221269647,322.6907876635542,24.085652216189082,13.298334454155512,0.14795182987967914,0.07400714434737486,0.05511193,0.094365835,4.32
healthy,7d64f325-c396-46a8-a95f-1b4ffd163310.webm,-331.25403,206.97519,59.22586,58.83224,-19.09004,21.72815,-7.7346163,17.031193,-7.9286065,16.139416,-0.4448545,11.431647,-9.199854,10.453817,-7.451108,14.034431,-6.264327,11.332528,2.5777335,9.837033,-7.083398,10.893177,-14.81912,13.472934,-7.1453447,11.003433,0.43469852,0.30380902,2404.722575712576,928.1035116469369,4226.743296030405,1876.2885704795146,2018.0295039453952,565.8495839784317,21.06215508184458,11.516269198749953,0.17478583494208494,0.07438551701023097,0.05390003,0.06760023,6.0
healthy,0c5cb34f-c2f1-4608-ac11-123751cf34f5.webm,-456.00012,157.39534,34.964375,57.670258,-8.565485,24.646852,10.167186,22.1589,-11.395254,20.962507,7.0147724,14.806608,-6.9787064,14.850873,-3.8014052,8.216184,-3.5184393,9.109465,-5.6915693,10.754162,-1.1400684,7.7132525,-4.4992924,10.673215,1.5501555,6.713114,0.29225543,0.3315595,1776.5810769493226,1711.7529495360443,3190.6900270290284,2829.7430380738806,1307.972486806979,1031.0499724958524,16.246743999305114,11.764265600170594,0.10061833530805687,0.10868045210706723,0.027789703,0.070066035,9.78
healthy,e6f8de1d-71e2-459f-b3d2-3c328e02a251.webm,-525.3985,157.05682,27.622976,40.502907,-0.64687264,19.402126,6.615199,16.064991,-10.64765,24.712706,3.6824412,18.342371,-9.617263,12.976006,-4.800342,9.076517,-4.6929173,7.0439134,-1.2065451,6.31901,2.8970792,9.480888,-1.1343992,6.087911,0.16556156,5.3866763,0.46818855,0.29635862,2639.8081032450223,564.1692840005627,5590.764911358173,877.8108076681473,2385.521671710671,334.02293478323907,18.73326089942038,12.997220896595856,0.156298828125,0.05870313089094638,0.020372532,0.061128095,3.0
healthy,4bd7f27f-7b95-4958-9ab9-fe1de0e8530a.webm,-318.1573,218.99915,69.41513,58.38437,-51.909138,50.67545,19.30222,22.643461,-43.832947,40.45693,13.582787,20.802134,-21.886097,21.090874,-5.7779155,14.693619,-8.55776,14.535442,-2.9573936,9.566238,-10.228634,9.682507,-17.709654,13.895404,4.0824594,9.340882,0.39683384,0.3274734,2292.8394083088824,1247.478613268702,4061.0063660819574,2187.864388068008,1653.2710013610572,762.7651306432983,20.692449715915064,15.259307202579764,0.1651096943789308,0.1079762356241458,0.07106444,0.07676181,7.38
healthy,760194db-a651-4a06-b7b8-bffd126364cf.webm,-413.99896,146.11282,64.365456,73.68584,-2.7456682,28.568975,6.5805235,22.166386,-9.837319,20.6014,3.1166775,18.86219,-7.4265766,13.625169,-10.319877,14.0753565,-15.958081,17.433012,-12.616834,16.050072,-4.4041576,12.243618,-5.7242813,9.601355,-3.3614635,8.447452,0.33264524,0.3263778,1899.401258191499,1568.533431625355,3203.570789599237,2421.8543336885737,1442.639348430572,795.990940542081,20.495488242420077,12.095705484050006,0.13500665951017812,0.12922106149330156,0.044328902,0.0804398,9.12
healthy,b6c4806f-0998-4695-a477-47cb4cdaa912.webm,-456.21246,180.76208,27.37581,47.73116,-15.879702,31.963669,11.927039,25.07051,-14.131808,29.598688,11.815886,20.87065,-5.647144,13.276054,-2.665647,9.538943,-8.37332,14.222386,-2.8825748,8.956268,1.6914922,7.38012,-5.05428,8.580163,-1.3994539,6.8457985,0.46759552,0.31013837,3063.9821171445546,709.4757225798921,5672.272304318986,1188.1898780330555,2301.463945113311,395.19947442848564,19.756209017301597,13.666773438864546,0.20557907392393868,0.08135948692052165,0.029300822,0.062293436,9.84
healthy,b9bb9045-3efc-497f-9a3a-4a23639ad0f4.webm,-352.61935,152.40723,63.677753,65.25655,-24.59192,47.635544,10.658133,34.70915,-21.192104,31.45087,-0.25612706,20.16499,-11.633832,29.242771,-20.39772,25.274342,-5.4760466,17.318144,-6.0961666,13.619683,-6.8847313,12.6089325,-4.800532,13.261775,-0.10023119,13.012524,0.32486564,0.32641506,1982.0934202554135,1236.792695173199,3397.0795701814177,2173.537642878394,1366.3440258935138,750.0284276838089,22.140811545929623,12.02694235820711,0.1638593225671141,0.13407600067221245,0.06274141,0.08317549,6.9
healthy,3f52eabc-cd6a-4e62-b6f5-350cdca99187.webm,-340.14563,177.64186,90.89763,55.717583,-5.9789896,37.230915,19.46842,36.586037,-23.982355,28.796469,7.0048532,20.510448,-6.37622,19.896816,-3.6035676,13.696845,-11.5402565,17.42089,4.07965,11.49671,-1.7944003,10.3466425,-6.668997,10.375571,-2.6765711,8.145418,0.4252476,0.31456846,1773.8976201457144,894.0273443685179,3469.0645811987706,1587.9603135575157,1650.785469175403,448.7590395769945,22.088283852473822,14.005409523849218,0.12165750329332553,0.07881864272369146,0.068636484,0.11341398,9.9
healthy,7629c466-2c14-455b-baba-bd68b6752a8c.webm,-575.0826,132.84763,24.383467,39.778126,4.389084,15.376495,6.392194,13.369108,-3.6781104,15.7170515,7.188693,27.194891,-16.159315,28.840488,-6.245573,10.49411,-2.7211847,8.924792,-0.90172267,10.61951,-4.873441,10.901822,-3.1575456,8.75481,-0.926631,5.7418923,0.31096858,0.36065266,1694.6104891576847,1563.9769724410055,3489.5412098277698,2836.480699262206,1580.2574885335039,1165.3350314917834,15.29195238861851,11.884685458198941,0.08836503462357954,0.0932741723001459,0.011233201,0.032788943,4.08
healthy,e5a76815-0dda-4470-9e15-d381a686213c.webm,-468.59485,111.48844,28.251598,48.041637,-2.8850448,20.455173,-0.22066182,16.504086,-6.9452143,16.282501,-2.271673,6.6985307,-5.646948,13.947018,-2.5770895,8.956309,-3.7574437,9.011275,-2.1724296,8.391526,-1.7636809,6.515692,-4.680976,8.743172,-0.6476961,5.2397346,0.55989087,0.25874215,2276.6248443129152,662.1678329354123,4498.497934810451,1651.828508393242,2074.152324415095,656.0007535451913,18.942220039280873,10.582684428302073,0.1925257519759953,0.0803872968593913,0.017585982,0.058613747,9.9
healthy,68f96cbf-d883-4fd8-830c-d347671e75e9.webm,-493.74097,181.74686,21.683084,38.04065,-23.060629,40.629128,13.722372,25.989017,-8.966616,23.279974,4.598135,11.8085165,-5.0541544,10.259817,-3.2616684,8.990826,-2.3377402,8.749037,-2.2229838,7.387075,-0.1767124,3.4848068,-3.0048783,7.1406746,-0.7463479,5.8794384,0.6177578,0.24280974,3705.852535747429,742.896793844097,6098.489230496067,1209.1563452189935,2285.400814931872,441.5139938355974,18.50547516937091,11.767812267492621,0.442975806745338,0.16210221022658047,0.027510125,0.07966001,9.96
healthy,095f52be-78d4-452d-9360-43fae6949c4f.webm,-530.637,143.05154,38.31012,51.82333,-17.149967,39.918026,14.863724,26.60461,-7.6907625,26.25395,0.03896073,13.567263,-11.92279,19.285305,-2.314842,14.255027,-2.049766,11.193015,-5.2725186,11.926325,-2.787343,10.685177,-5.3284407,12.118919,-1.8282156,9.551735,0.40847042,0.3291197,2589.4981363071693,1009.4271415592599,4608.912333504099,1720.4632078238183,1947.4886174911965,568.9544142540692,21.166402913526642,14.090841608467166,0.18821355386416863,0.09154131485674127,0.012002204,0.028125962,9.9
healthy,b45b254c-97f5-41d4-bcf8-0d974e8dac7b.webm,-453.05057,162.60564,40.999878,39.746407,6.0537186,15.470666,-6.825539,14.588889,-14.091346,14.145535,-12.57797,9.437152,-10.993859,10.453441,-9.288206,13.190485,-5.4512877,15.650618,1.1040717,10.326252,2.7143397,6.863337,-2.0080318,10.301507,-3.0667567,8.189572,0.283787,0.3000922,1984.036718369734,882.8795847831993,3915.1046592310854,2113.9445538820055,2265.8769437575793,543.5954962616961,20.49579810525375,9.993570291724323,0.09854929070723684,0.06656888000201161,0.024629168,0.062259164,8.82
healthy,c81fe341-4e15-4893-838a-d9080df464c1.webm,-481.41028,172.47353,19.701748,44.299206,-20.8311,42.10903,15.392238,25.1186,-2.3566315,16.868109,8.294128,18.639168,-7.063437,15.202687,-3.5544896,13.509949,-7.7835846,14.757386,-1.431186,7.7652335,-0.35559055,7.6951647,-6.504236,11.384483,-2.3936174,8.409218,0.5661311,0.30658028,3189.7717804698577,1076.2426053211298,5952.742625269397,1873.0417517317385,2373.5032664755963,684.0488221886449,18.110083055126875,11.849893395383212,0.39574690193965517,0.2368580210089529,0.025521928,0.06085542,6.72
healthy,b4229630-0475-4cf3-a6bf-b72da4fb7365.webm,-494.69437,105.346855,14.667613,44.735504,-5.6383147,19.850977,3.359397,11.865715,1.8970743,7.9831505,2.6056392,8.28702,-1.7064562,8.621228,-2.0128336,7.0244293,-2.3394883,7.4360933,-2.1734893,6.8873487,-1.2086568,4.5361304,-1.4972615,5.6374087,0.08871425,4.6059604,0.7617824,0.2563353,3240.986402031763,998.6491159896009,6011.857223510742,1773.7545916843594,2438.9081039432363,563.5617797548192,15.459006539979262,10.17151957457097,0.4294840494791667,0.19362697857343233,0.017396688,0.060145516,4.44
healthy,c758f435-9445-4def-ba07-2747d1f9cf3f.webm,-388.76172,184.18576,46.972546,52.326443,-15.094042,26.316738,8.640135,21.319622,-11.44893,24.2242,12.64408,14.454712,-9.4370985,24.970894,-1.6653037,14.823861,-7.5895476,13.471166,-1.0857201,8.953075,2.2367654,10.619712,-3.8535547,9.111056,-1.5077087,8.910213,0.3701362,0.29331616,2448.9794319226407,818.2833629300762,4581.176416357081,1329.4204376796113,1864.995423154231,273.33362500648104,22.316032770445652,13.955977493838454,0.1711408708479021,0.08085226723515744,0.050544348,0.09057637,9.96
healthy,16525190-5f2c-45b1-bb4a-b8a60da82f5f.webm,-359.34732,146.33888,95.397095,64.70894,-7.2704167,37.855717,15.188405,29.566074,-9.914787,29.823265,4.7558575,18.359837,-9.650755,18.790365,-8.895109,14.541994,-4.4400415,13.594763,-5.3101335,13.125277,-1.0917852,10.043893,-7.212446,14.307487,-0.38521057,10.203516,0.38989228,0.3194606,1475.9029274874003,935.8271726536498,2758.5861493956368,1916.155477908168,1457.5473241616833,661.6511138774434,21.980519270822217,11.884292855444748,0.09718639445754718,0.08301084522199012,0.041951697,0.06846818,9.84
healthy,aeeb1d92-98ee-4310-bce5-50b3e52e66b6.webm,-365.98978,188.71854,44.81505,48.655437,-28.359789,47.018986,16.514791,30.992144,-10.500545,28.187807,6.916859,23.59502,-14.118469,23.003994,-6.4479814,18.093393,-11.393554,15.042639,-2.0994883,13.487381,-0.28650567,10.076066,-7.192133,12.279229,-0.7325404,10.849863,0.4184489,0.3176058,2243.7163039284983,950.1354431928042,4126.8768310546875,1767.6858127831576,1855.4815549397754,630.8417823600041,21.23793618698641,13.048763241286451,0.17152622767857142,0.1227734254837538,0.05582935,0.08965678,6.48
healthy,b4b6ddc1-362d-44c4-bb3e-4e46a6be0ac0.webm,-590.10736,150.59598,30.711798,44.78023,-7.1161056,19.143394,7.438018,16.437006,-12.52831,20.376646,14.721713,19.522655,-13.168137,22.101862,1.0206815,9.148195,-7.599116,16.574099,-1.3078362,8.141008,6.527196,12.688225,-2.4214742,5.5983353,-0.13029288,5.541569,0.56620693,0.3082501,3301.926639463707,911.6266231601544,6392.6586009837965,1390.2717636802975,2625.356603928901,452.980507713897,20.460774666276276,15.017551765891632,0.47353837127057613,0.28017245265974056,0.005591094,0.011169469,5.64
healthy,708fba0a-7537-46be-b076-effe39c348a1.webm,-604.49084,124.709435,55.51055,53.20641,14.833442,29.990934,20.71463,17.843407,-0.0036782217,13.666859,-4.880812,10.7683,-11.705854,10.569397,-14.666362,11.636338,-15.282661,13.929571,-8.942664,15.172055,-7.964259,10.409319,-6.953224,9.215132,-1.3351076,8.45903,0.29708415,0.32627952,1771.7534397112327,979.0018754119542,3454.347410402098,2027.2555150139503,1928.9841883003894,560.4079605281978,21.691837622419502,11.281874295610953,0.10696204836829837,0.10052778913130117,0.0065130875,0.019142624,9.96
healthy,9a1a0a87-3fff-466d-b43b-57003174f47d.webm,-501.113,94.12001,22.915749,52.18792,-2.0850146,14.712494,3.6693695,9.890102,0.77851737,11.549323,2.4300036,8.249343,-0.8666386,7.785454,-2.7869344,8.440657,0.11645215,4.17612,-2.0469384,5.8674035,-3.1328368,9.187569,-1.7752632,6.0000606,-0.11664014,3.9206088,0.2914581,0.35942444,1231.3971600140203,1444.6108235702466,2321.380955773873,2668.574293319672,1054.635773853538,1102.930937807811,18.486220285271695,8.492751590946035,0.07821301636266094,0.11651178324784991,0.014054381,0.047197677,5.4
healthy,20ff18fd-6c86-4bf7-9c24-2554c61b7bb1.webm,-583.63574,145.58109,41.627262,50.495052,-18.221603,42.41781,2.5440733,17.255424,-5.5705037,16.623281,-0.98099345,9.793073,-8.491737,17.474518,-3.3036637,13.073944,-1.9091111,8.173869,-2.179396,7.716584,-6.914933,9.811431,-7.8105826,10.137435,-2.642585,6.916951,0.52105916,0.27989116,2419.70731421537,474.85062445418,4651.375018425708,1075.02460594662,2079.672247635548,436.29094385860355,19.67647221889378,12.840556426263692,0.15152265440742924,0.03547292326752712,0.007660759,0.017665599,9.84
healthy,eb62c8cc-b11a-40c6-b7cc-5049516bbcf9.webm,-501.28113,104.85584,33.334194,48.634705,-6.0772724,30.239346,16.950384,24.43816,9.646019,24.328012,-1.7343113,13.457694,-5.1765757,13.664577,1.2483221,13.772231,-2.9926066,19.506386,-5.840387,11.046382,-2.271599,15.287321,-1.1677712,12.262227,-2.2991607,9.352369,0.3057198,0.32319388,1858.7347502931925,819.0465431746052,3407.5394587186756,1516.7073216000308,1629.9334475703606,716.0100199558182,20.2481519060578,10.989885277290202,0.12593227923627684,0.07605962203985281,0.011542235,0.036878176,9.72
healthy,4f34ba48-d3db-4980-b3ce-0d3c3373d736.webm,-549.5657,75.43577,8.456018,31.492773,-6.7308373,20.074583,6.461938,19.818325,-0.30769667,11.493097,1.0173916,5.442245,-2.1666052,5.3659873,-3.3984804,7.0784745,-1.8783922,6.8713155,-2.1251338,5.7138553,-0.1719695,3.4202828,-2.410649,5.9488397,-1.3343606,4.3127728,0.56479514,0.25220996,2976.790481290287,546.5597963280246,5353.925861296107,827.4874085118754,2250.585074327119,368.97238328616754,18.434187329175632,11.516742185948539,0.25520985802107726,0.06670726439808661,0.0055023977,0.028774334,9.9
healthy,c6b631b2-337a-4f2e-b098-15a50dc22aa3.webm,-405.58676,192.13966,27.911146,32.501904,-41.776398,54.422108,-1.93789,21.158747,-17.938517,31.552162,15.376949,21.347916,-10.124086,21.306484,-1.1061565,10.389577,-9.071382,12.386845,-5.1603703,11.220079,-1.7995032,8.487412,1.4118608,13.849274,-2.6299586,7.0141783,0.4358344,0.30381382,2434.5386714991,551.0943683059111,4709.487116081009,991.6489290841557,1963.4778002969847,358.425355721253,21.273947048660137,14.831319230470745,0.15095015759120173,0.041856838408361415,0.060927004,0.106104955,5.4
healthy,935df54c-2374-472b-b2fc-cea0cafb93bc.webm,-622.3487,110.339516,16.227612,43.26363,-0.27245227,14.209746,5.3151836,15.249262,-5.0052867,16.597515,1.2259691,8.0151,-2.7264233,8.390285,-1.5288324,6.246938,-3.8670535,11.067739,-1.282392,5.3625603,0.04563947,3.443853,-2.3428786,6.800353,-1.019135,5.575834,0.09845329,0.24304804,446.8457945729008,1045.0950238050193,924.8742005705549,2091.8497540188496,416.2701493910619,876.9189537006293,12.843977260067316,7.426071401282001,0.023480617914677804,0.05597594053467839,0.0036788834,0.012781258,9.72
healthy,30012ed5-bd75-4917-8a64-78b4661b93c8.webm,-452.39166,154.04344,23.206179,46.309963,-0.018871956,17.494907,4.355276,15.185902,-7.0843897,17.690172,5.100767,13.773581,-8.016161,17.502953,3.0012774,11.076753,-9.790083,19.948906,0.7129296,6.958657,-3.3611004,8.001231,-3.3957324,7.9422936,1.6495167,7.0609865,0.15319902,0.28602248,970.9054830582191,1669.543990660693,1846.8022760355248,2960.3983838635177,789.1358308340654,1161.1538002498073,14.470769929873702,10.427560379195883,0.06425620025058962,0.11766311775765612,0.02908533,0.069881625,9.84
healthy,3104d5f5-7442-477c-b9f7-eec10d29b6d4.webm,-656.6529,105.983055,13.094754,36.95445,-5.2744694,20.878761,5.92158,18.14082,-0.83142185,6.414433,1.905418,9.186227,-1.4304987,8.037344,-3.0386338,9.47022,-1.1508772,4.0838037,-1.1773306,3.8343213,-0.91491586,4.887297,-1.1651778,3.6824634,-0.08925297,3.7326963,0.12632859,0.27493042,640.2992192454564,1289.6396520071937,1174.8961139547414,2292.733141018398,487.9964233198319,913.8843592133943,9.141562099783432,7.5660575013610165,0.03426555765086207,0.07328770154978408,0.0030388404,0.012503786,6.72
healthy,a2b4bd9d-cb1c-41d9-9e3d-07f3ff8460ed.webm,-701.5162,155.42165,64.15507,71.68701,-28.145607,35.55542,-16.900438,22.87672,-18.70846,23.611736,4.0710406,13.134781,-4.8508506,11.360284,-6.986962,9.24024,-2.106038,7.341204,-6.4227133,12.701305,5.977564,9.230179,-2.6805198,8.17922,-5.7979565,7.5642104,0.24877636,0.3184482,925.897643525906,954.1164161239154,1595.9583629261363,1824.831942618253,840.6793638613643,876.1923065624742,14.21834280869592,10.427622535842298,0.06844198824179293,0.07496963965437209,0.0023251285,0.0058239438,9.18
healthy,e7fe4f5b-fc5d-4c1e-a68a-be0ab363a58e.webm,-471.8187,128.48729,35.801865,57.189205,-10.432734,30.58574,3.1976054,20.420866,-0.7936444,21.381744,4.4436393,18.264502,2.3067229,7.208516,0.09220886,10.978248,-4.3904543,9.939113,-6.990948,11.466743,-2.5516584,9.136769,-2.9635007,8.402717,-5.8033433,9.677272,0.41487187,0.33158278,1855.9886328244395,1199.9418007528027,3403.065291694973,2356.2394151684257,1530.282569352421,934.1051988496603,18.45531575815294,10.247103446656299,0.2022147800611413,0.2245050244960754,0.022403583,0.05926786,4.26
healthy,2c238346-d437-44c9-877b-10f4b7546800.webm,-429.17822,179.92786,37.59924,60.33887,-6.0138793,21.36564,14.8969555,24.098524,-5.2958117,15.354156,12.944017,20.738636,-4.0658855,10.617056,2.9619424,8.987115,-8.076902,12.894363,-3.709563,8.245666,0.011464581,4.1299844,-6.339647,10.767869,-0.8093499,4.7826204,0.56740475,0.27211437,2678.0002209313147,855.722469619399,5417.476584694602,1544.9311548091175,2380.655470842179,458.3569633432671,18.99141415971204,12.611117840206862,0.17708888198390152,0.10929007611411636,0.04953503,0.10467733,6.12
healthy,fc40bfab-4770-4a18-babc-c492b6d5c5ff.webm,-385.9834,180.66216,70.37853,59.61543,-15.218611,37.10554,25.467735,39.71349,-6.4654746,17.557518,0.44789556,21.770403,-15.907039,14.738969,-13.4400215,14.177261,-8.118032,10.167111,-7.6526575,8.312284,-5.765261,7.400339,-8.615769,9.491572,-6.5112104,6.6630588,0.2929354,0.3374064,1341.6272039405283,921.1020196034841,2679.7980813419117,1947.9833852273464,1364.125094560419,799.027047066563,19.99349515647678,12.344040294731533,0.0691389837184874,0.05508499377598618,0.056885343,0.0866637,2.76
healthy,5da68422-a1ca-41e5-8a67-9106aeba69ce.webm,-323.14963,209.44469,25.72795,43.098816,-17.103617,33.163994,13.892561,28.834436,-0.07153264,19.859879,-10.99294,19.05894,-7.808489,13.163902,-1.8070586,13.705704,-8.970543,12.790908,-4.9254823,10.546938,1.5192038,11.839839,-1.6217291,16.457996,-1.4503343,9.740239,0.44894356,0.32400718,3433.989577814207,1254.2623058639797,6088.626119973776,2276.0107982502777,2510.833706908223,632.0367590799477,19.641888480586672,11.249725669933829,0.2928219241695804,0.16366927068526432,0.0844681,0.12049132,9.96
healthy,c5e7b8fb-22e9-42e0-832d-2b64da5b46ee.webm,-377.20203,167.18797,31.851858,48.126812,-10.46787,27.508858,9.838211,20.077486,-14.6697235,25.449385,7.1016965,15.937471,-9.393981,16.000546,-2.3988519,9.820993,-6.007572,9.655949,-0.928644,8.142297,-1.3530178,4.622748,-8.259676,13.007799,0.8061602,7.7166357,0.6452328,0.24889816,3426.400809997361,988.6552344324816,6324.438879624852,1800.5577441656067,2496.0647562982826,573.0321310438813,18.40070400418571,12.91165269234451,0.4550297575176887,0.25340806988628034,0.03800331,0.10146125,9.84
healthy,f0c9fdab-53ff-44d4-a61c-8260923a2056.webm,-394.64343,178.82191,37.799564,50.628418,-6.2854443,20.197477,8.806121,14.170093,-3.6670275,14.106125,-0.0014813188,10.945816,-8.087309,12.654135,-10.446901,13.57286,-6.5653872,9.992138,-6.1152563,9.2770605,0.27291656,5.9935117,-0.3793446,6.625643,-2.2709835,8.783329,0.49927017,0.30357876,3120.1899461881403,1383.0858665905419,5919.992463485054,2222.7181562337623,2515.5619732994833,517.8339078718558,18.972895879611578,11.449909436951412,0.24740526871980675,0.15724581884704703,0.036560092,0.07123337,9.6
healthy,722dcf78-c87f-4e14-abc7-c9578c1186ea.webm,-495.96127,126.25393,34.443066,62.911377,-12.7282715,33.002064,1.1810248,17.635235,-1.7254646,12.771289,1.1949847,11.402952,-2.2354522,10.256653,-7.818213,14.960374,-5.004875,11.08582,0.81206477,12.468439,-1.0038582,7.517475,-5.780091,10.99549,-0.6659787,9.1333,0.12004538,0.25694942,605.8021579118857,978.9537975465015,1042.582846587559,1710.4365597024873,479.91890475690195,729.7233395182656,14.705500625031602,9.556096865950021,0.04521553471403302,0.07332215609346716,0.019368105,0.046814732,9.84
healthy,7710a9b1-da6c-44ca-be93-aa2ad78a0b09.webm,-416.37714,185.17912,46.126472,54.528214,-2.4923193,18.704508,4.9304404,12.192501,-12.065337,20.050865,8.292883,13.957571,-16.995853,22.665274,6.8016443,13.261426,-10.096345,16.764654,-4.948245,8.972206,-4.5224614,8.596864,-3.3923526,9.387668,-0.8226232,6.946964,0.48489615,0.32066762,2995.640737881455,1420.188245115657,5611.692301432292,2402.82176254174,2266.1273346280122,766.6012901478787,20.14485225662661,15.049927545069217,0.2609603316695602,0.2077915176482696,0.03502886,0.061696235,10.02
healthy,18320374-5a6e-49ac-939a-160119b963f6.webm,-489.40823,176.30841,71.96193,66.44183,-15.98691,29.470577,19.837152,26.728743,-12.548309,17.997276,0.7066988,11.494884,-13.327849,16.288404,-5.205644,9.507334,-1.2466221,7.520331,-4.8121037,9.067227,-0.19034773,5.453156,-5.6177816,8.54698,-4.3239355,6.012254,0.47961804,0.3320816,1962.0062564718462,1355.2390266163516,3797.384403528792,2299.443425043096,1657.7990475073714,812.4309118022908,17.713068482846953,13.09334573963726,0.12938721617509363,0.10846994982467689,0.013921832,0.026306095,6.18
healthy,fe6fddd2-db96-44e1-b0c1-92619bc81a73.webm,-433.51337,162.0649,30.25481,32.464504,-7.7333727,35.259907,17.726805,21.617184,-14.05224,32.92262,1.8496126,12.3975,-11.080035,21.730513,-3.7927456,10.29844,-5.3114076,8.723789,-6.624855,10.517577,-6.5763865,10.411965,-7.3373003,10.989353,-1.9592462,11.55012,0.33593887,0.32390705,2352.111237235454,944.4488337307937,4393.662714325221,1502.0396022925058,1940.9087598667322,381.5731276106173,21.80816757604871,13.525519816592503,0.14537385923672566,0.08576552224780024,0.034145646,0.07402682,7.86
healthy,d6a606fe-924c-4f9e-a45a-be0cccd61210.webm,-416.6535,159.46414,45.203766,58.6536,-38.19976,48.669975,9.439405,19.652908,-6.239197,18.758915,0.17218998,12.26022,-16.882013,21.715157,-15.132407,15.791908,-12.608412,15.588191,-3.023592,10.232305,3.641639,10.439909,-8.566953,10.790863,-1.7022649,7.508126,0.47651348,0.29547772,2345.6032371155275,631.2961293793368,4261.947609880845,1316.0067134059718,1817.9099930214386,508.9278407617662,20.232224732006422,13.179898222705463,0.15663758056055155,0.05310385747204641,0.027457884,0.04943896,9.66
healthy,6139b5ef-e41c-451c-9a7f-62bf173d4982.webm,-534.0456,123.86139,19.403896,41.680946,1.2285683,17.529987,13.72965,28.578358,-0.38101596,13.2335415,4.7093077,13.003574,-3.6119125,14.028139,-0.41039196,8.456219,-3.528021,9.832044,-1.1995223,6.563011,-2.3529806,6.68938,-4.1533794,8.824113,-2.2346509,6.738876,0.24148338,0.33209515,1491.1913533551299,1924.6356379074364,2715.6087441019495,3242.944308971043,1115.4735604134294,1213.5769709593887,13.369859207209608,10.2019416011255,0.07546845993193069,0.12173769168824995,0.012846448,0.035892542,9.36
healthy,5544e771-429b-4c66-bb23-691cd7802a90.webm,-443.5627,167.01021,62.759266,81.30795,-5.279509,29.264124,1.8473032,34.115486,-12.233372,24.696886,5.9307575,20.091566,-7.540882,17.033073,-5.43699,12.003784,-9.752983,17.87884,-9.21979,18.806587,-3.9844735,9.3680315,-5.3084984,9.49223,-1.3330361,7.7455544,0.5114986,0.33648205,2271.079665199805,1758.0396071006448,4151.976723318168,3090.0802812430343,1706.5371070191504,1078.6316399024752,17.05215065825635,11.704821976019494,0.20934330250596658,0.2148669783808235,0.035858456,0.07056455,9.72
healthy,65eceac4-79cf-486f-875e-2791b8bac6ce.webm,-764.0142,111.16268,17.034245,35.4462,-9.283948,23.85922,12.770951,27.040491,-1.6269785,15.765047,-4.8561783,14.027853,1.1790916,14.962182,-0.37667108,9.132518,-6.2475424,12.077171,1.3544409,8.248837,-0.25505993,6.8191595,-5.9826055,11.861667,0.035203297,5.9527407,0.59527165,0.3019848,3607.9480849371384,770.6916226387568,6551.363585425205,1738.3078757328253,2535.3379259766616,635.9049436863826,18.441814704485736,12.697735902283258,0.6207392600995316,0.25181771156535726,0.0008808531,0.0037477298,9.9
healthy,4fd4d393-5d8e-4fa7-b97d-74c4a24768ac.webm,-491.382,117.23987,6.2614255,20.557766,0.37918407,4.110027,-0.42005336,6.716976,-1.7183037,6.0494766,-0.31613857,3.5356648,-1.5720927,6.814797,-0.75025654,6.589889,-1.7812085,5.723445,-1.8750044,6.655321,-1.1831238,6.115406,-1.9532582,6.101093,-0.5624532,3.6171482,0.52606654,0.27798107,3956.3770882080207,795.4555857681897,8065.037867406031,1154.1991123659632,3136.4698763381193,271.0003234569452,18.1486004671193,9.634039196348974,0.3226093567890443,0.1003232523133656,0.011918278,0.047307003,9.96
healthy,ccfbf06f-02b5-490d-a4f1-69d760b4955a.webm,-561.97705,143.43782,30.25002,38.606037,-12.876299,25.20992,1.1169943,19.978588,-9.768628,18.014017,7.660608,19.872816,-9.435975,22.972221,2.7719972,12.101048,-10.242627,15.291888,2.2777243,11.079848,0.7854635,8.912372,-2.0411274,14.61051,3.8016424,15.173678,0.33869794,0.31692922,2956.0731188530444,903.8266355728723,5424.995969376474,1604.804252303945,2256.2431994895665,496.4423463267607,22.535012374299868,14.887031963706791,0.2374256062057783,0.13028608219640303,0.0060023526,0.014948919,9.84
healthy,fb4bcd3b-f23c-4e0e-afd1-5e3a661eddf6.webm,-454.60242,140.32149,45.362324,60.90597,-7.691782,28.541845,1.2994856,16.271172,-7.3686385,23.327888,2.7512,10.08283,-5.784634,12.965477,-8.3625145,15.890935,-5.656851,15.836504,-1.7867193,9.3360815,-3.9723122,7.634239,-8.384405,12.635037,-2.8928711,6.653685,0.4723602,0.30332908,2191.3034438604973,890.3901536276036,4189.980287905092,1756.752479466385,1922.990020829719,600.9987471464401,19.800448229074373,12.40871388942506,0.1996628247170782,0.2032440937916614,0.026251439,0.06595031,5.64
healthy,69c15691-3fc9-4b5f-bb60-6e926dff152f.webm,-343.40143,214.65439,48.129932,52.606014,-31.399157,35.259518,17.745752,25.545279,-11.924548,21.286596,23.002836,25.328161,-16.474125,19.883379,-9.36541,15.791894,-15.073479,17.573986,3.455353,6.5381417,-0.42430177,6.9118176,-1.7118239,8.604233,5.3921824,9.323011,0.48838788,0.296111,2845.0699012795862,721.128381486935,5328.646591962394,1229.2885206552278,2152.4938135235557,391.3995531624179,20.96196576047765,14.782896518843566,0.20468915519067796,0.06680753365386266,0.07109708,0.121475704,5.46
healthy,1f68b406-b99e-4e3e-adaa-cf642fb87fa8.webm,-565.3373,145.13322,27.908978,35.678474,1.1925749,18.947008,-1.5126014,16.485287,-0.67879564,11.717538,-1.337173,10.103635,-1.1424193,8.727023,-2.7139604,7.5804496,-3.0817032,8.765097,-0.83184713,6.7332325,0.20554616,5.9096084,-3.694054,9.313078,-3.354966,5.5426855,0.37937418,0.2697647,3481.6727778285062,810.5067956204216,7546.910852819056,1872.4429810482316,3134.2642486161017,493.84192827812535,19.304413520350028,10.946227630738615,0.19933256847319347,0.06824289104200944,0.0089131445,0.027347198,9.96
healthy,f06dc4f4-26ec-4743-940c-505fb4dea0cb.webm,-682.0622,143.67622,16.542665,36.525654,3.8116815,17.054548,11.595909,18.73694,-5.0800533,17.389061,13.067534,25.325655,-11.643127,21.304726,0.27309352,8.219077,-2.116032,7.21958,-4.171706,6.122206,-1.9742681,7.3195357,-6.887777,9.979721,0.64068913,6.351328,0.45714566,0.33222002,3284.809687345372,1021.4264218603576,6437.64185104927,866.2002165922254,2620.383966724711,491.7552985272231,18.994254050907934,13.1294334147884,0.4679409500456204,0.27886066426025524,0.004998267,0.018168382,3.18
healthy,7cfa3e71-d471-4948-bc86-58f01c1d1ace.webm,-455.3998,113.49284,64.96814,50.34954,-7.7186937,31.131104,10.658411,39.939995,-13.934939,31.733246,5.2958126,18.984547,-10.371001,19.792793,4.9100986,16.705076,-6.4034343,13.245251,-13.302928,15.25116,-3.080637,14.184809,-8.528622,13.506626,-0.3642006,9.4529505,0.36404437,0.3233973,2173.6200174246233,974.9012972553852,4124.070236574229,1661.3068753704797,1826.512548892782,431.50296493460655,23.08000442567316,13.857793749852414,0.1451517468163539,0.098127917911368,0.014322604,0.0328832,8.64
healthy,18dc76ea-76eb-4640-bc22-ee6173b26621.webm,-410.6913,128.72684,14.214233,43.275196,1.2615722,27.112299,25.525837,32.016754,-17.18709,28.31549,9.01074,18.930643,-18.465631,22.055033,-6.290616,14.123194,-9.202627,12.88755,-1.3886364,10.208888,-2.836555,8.875257,-7.0489373,10.583953,4.656702,9.472991,0.32124192,0.33986175,3016.7173818923675,2027.7187059569483,4767.119891826923,2965.971295976198,1677.5657146436718,962.1358483383424,21.94818938153674,14.960896720114397,0.2581550936043124,0.22701752033244668,0.036251444,0.064586,9.96
healthy,27b9a457-048b-48ab-8ce0-de54e990382e.webm,-288.3309,157.69426,86.4074,36.766586,5.319464,23.294182,2.5812547,19.867802,8.725797,19.77785,16.05213,12.575846,-7.4218407,22.579111,-10.910626,13.856487,-13.386049,14.58083,-3.0818398,10.645474,-5.9141626,11.83525,-4.259851,8.816857,2.504297,8.370169,0.45340747,0.31480017,1726.2608473919333,716.6024328658292,3356.6867495543206,1758.8286167545562,1992.2721433561996,482.5166648485574,21.54020781406965,12.385037218223367,0.08662076604446309,0.05287253944692621,0.08679258,0.12498758,6.9
healthy,6bed4542-d104-4d62-85ec-5c9455e8a4c8.webm,-461.84454,176.32095,37.806637,59.692013,-23.992868,44.043407,11.48769,20.826399,-7.628617,19.348177,8.982988,15.392142,-2.634299,10.040037,-6.1437626,12.211805,-3.6277626,9.69093,-3.7990873,8.086371,-2.1463127,8.535955,-8.653815,15.367559,-4.118668,8.093839,0.31629893,0.3376301,1435.4207998519137,1315.2053191709676,2721.7486213235293,2462.5172491177873,1197.7965459853613,1025.5941180976797,16.65195733540849,11.325018786867666,0.09254092261904762,0.09528352150937378,0.030611679,0.060787685,8.28
healthy,3cce4137-a203-422d-a1f6-9036454ab03c.webm,-529.7345,128.97057,16.034584,35.241142,-12.889314,29.068626,4.9331927,16.463022,-3.5535867,15.089158,4.269484,9.759541,-4.252157,11.956103,-6.267847,12.717512,-6.817972,13.076547,-3.1371849,9.8588505,-2.4119503,6.866189,-3.978883,8.783327,1.6442184,7.5174727,0.5866022,0.2776465,3024.5483068332787,528.4751386291381,5466.895927935498,809.1421356801379,2162.1971824946686,283.3718560711868,19.86631404099415,13.632910367445115,0.24652839852688788,0.061526296106011215,0.009434292,0.03049941,10.14
healthy,ce8892c2-5624-4b47-a791-83f635754fac.webm,-414.35516,154.07996,28.997402,41.31034,-13.922014,35.120823,10.808372,20.627918,-15.964718,30.854404,17.241236,28.577404,-2.7640884,13.139938,-8.052746,19.186954,-11.930091,15.166749,-6.0505166,15.446266,-6.6524386,15.131592,-7.054179,10.723452,0.45201057,6.9072337,0.35293704,0.3120722,2343.831161585903,893.2916675085429,4568.518666752049,1646.004453712359,2087.4445438822327,519.1346188841165,21.854404760620064,13.17593671952852,0.15701729910714285,0.09553687492717094,0.030326577,0.06582101,9.9
healthy,f4b88a61-900a-4a07-88a1-69c64ed58b54.webm,-560.1623,147.0829,26.728472,45.824688,-21.590284,41.702778,11.285971,30.366755,-13.260702,25.623787,-1.3284354,13.792121,-7.8826785,15.503103,-7.944204,12.583829,-1.8761687,8.353458,-5.841475,13.275562,-2.525343,7.9931455,-5.014765,9.040638,-3.0344172,7.291341,0.48139873,0.38071078,2448.8265997696494,1545.6998952372896,4245.7404403324945,2605.34304766105,1669.2268917021377,921.7285164955749,15.400173305217232,12.143600284092901,0.14578550799763032,0.11353141219539631,0.01137371,0.026646838,9.78
healthy,4135c879-cf93-4c85-bcd6-e92dda88f530.webm,-494.53525,114.78488,25.942286,51.664383,-7.2604656,31.369738,3.79958,12.478474,-1.4671192,9.583798,-7.7475224,16.424776,-6.0870686,11.012461,-4.337789,10.143399,-6.05848,12.664084,-2.3769903,9.239917,-0.74369687,7.5266056,-3.4294176,8.115256,-0.09550403,4.3461075,0.46134624,0.29203025,2740.2352133500426,998.9026714632323,4854.519975365107,1848.9848063346942,2076.302342678474,577.9079121510886,18.96248290565,11.048173237644122,0.2002505201790201,0.08725260957574735,0.02007531,0.05878303,9.24
healthy,3dab7d23-f62c-4e27-a48b-5ccee990293d.webm,-505.8047,200.11566,24.737785,32.885937,-38.25655,45.129505,2.2859223,14.070377,-13.148368,20.953268,4.803905,12.050266,-8.353979,15.457827,0.5239341,9.8225355,-3.5930452,10.841474,0.5610017,8.660126,-3.3404236,10.372862,-2.7289631,8.253214,-1.3374959,7.9993396,0.5062386,0.28625283,3065.355449917764,564.6395835085192,5468.336995442708,1091.2469779401117,2160.5219603433147,399.6468590704429,20.328542791005606,13.627045932901812,0.24083003291377314,0.06229743144088145,0.0170433,0.042361572,10.02
healthy,6528d5ab-ffc1-456c-84ab-0947dcd47473.webm,-475.1377,170.54207,29.081213,46.685135,-19.088799,35.16914,16.290756,29.772732,-11.100352,22.85594,2.9027028,12.078824,-10.454982,17.753653,-9.945849,15.049427,-6.96757,12.319125,-7.9575634,14.165146,-1.1409665,5.8083844,-5.2226424,10.086008,0.06367903,6.068757,0.31019965,0.33153018,1876.8500013366552,1534.0225625821051,3368.7726784656397,2608.884471978852,1333.8750252881794,987.1476736517445,16.498674315734412,11.296745845549719,0.1161334141735782,0.10836541537859373,0.024936063,0.054572456,9.78
healthy,063013e3-a63f-40b5-97dc-b2e1de393b00.webm,-339.54675,218.84164,39.75553,45.950775,-8.512175,27.161282,4.965827,13.439406,-2.9154356,13.514849,7.0345664,11.209174,-7.6582317,15.13527,-6.167662,11.976873,-7.025037,13.915155,-2.9435372,8.991916,2.5757253,6.5638957,-3.5572424,9.601841,-0.7861002,7.1647286,0.5435904,0.28406096,3029.6033614472535,1032.5298184666801,6121.002097207992,2011.5403608365425,2674.8761872568803,616.568670072789,19.366295939959123,11.388354010349094,0.17042159140807964,0.08668253189417481,0.09513963,0.18537416,9.9
healthy,22dab179-99f6-4700-83db-79f21371c3eb.webm,-422.4346,200.49863,45.498188,49.497005,-32.266304,48.23903,8.624787,14.683454,-14.522088,27.743069,14.222976,18.82763,-12.450005,18.109097,4.4430223,13.531054,-1.4972286,9.644989,1.7575955,9.301048,-5.282501,9.176909,-10.559824,11.904189,2.8881197,8.328212,0.369087,0.33216324,2100.8629093229324,1396.1568958407306,3810.8875621448865,2533.5025741035693,1596.001499017389,939.6053866939651,19.23244217306577,13.750564104569136,0.15188432173295455,0.12623650551608387,0.042408105,0.07645295,5.1
healthy,3f400c18-5349-485d-8f83-9d9697a2f846.webm,-472.58636,159.38623,25.400356,44.159485,-19.463318,38.760162,17.836662,28.110989,-5.725545,19.085953,-0.89679074,13.531149,-10.52102,17.569906,-0.8287052,10.854095,-12.194962,19.406124,-7.440848,11.362202,0.6774905,6.685044,-9.31915,13.202908,-1.3825243,8.141485,0.2509879,0.31727913,1873.1219154058144,1828.6463455328296,3014.888287534808,2856.204724658718,1109.0664825430606,1004.2389104773861,17.350652147709887,12.121813547365974,0.1439680344987624,0.15583126970820205,0.024832947,0.05328062,9.36
healthy,a1de33df-32e6-4845-a9af-ab7cc1bcdce3.webm,-381.5827,193.59395,30.765936,45.37035,-13.305901,23.56392,13.553711,24.55678,-19.93357,28.773783,0.5330634,14.145684,-19.747784,25.358541,1.6385478,16.358883,-6.4574275,10.393572,5.507346,9.680324,-3.1074991,9.768955,-4.186026,11.6643305,7.788481,12.64979,0.21375358,0.31098253,1358.0859593152686,1631.6962911352446,2465.4015261627906,2893.9609053807617,953.5900559955791,1049.8080104047747,17.05809212179894,12.47069105247146,0.10737872456395349,0.14479916247227345,0.060456034,0.1124134,4.98
healthy,29568eef-3caa-4f03-9491-509cb7318b2e.webm,-459.9988,186.81805,20.839207,38.99664,-13.011348,31.543112,15.479189,25.157467,-8.262574,19.405228,10.968637,19.544992,-14.770131,25.078344,-2.0463774,11.346977,-8.476253,13.123573,1.0077145,7.2866716,-2.49512,6.731702,0.7478023,6.8633018,-0.13442908,6.7034593,0.44358745,0.29752022,2656.9270381066076,764.1407116416368,5212.965018794222,1001.7452339516047,2308.605552896372,299.05292915980147,20.36955182644109,13.242498542878156,0.18189167526533018,0.08872069854612516,0.032446835,0.073359415,9.84
healthy,a05a4f89-9707-427f-b356-d0d4af4efc61.webm,-522.7246,152.42543,18.453213,44.61016,-11.670055,28.63907,-0.72665465,15.911843,-9.321377,23.20354,6.4147077,14.471132,-3.0063207,13.816611,-3.9441338,11.18606,-2.66453,7.113673,-0.0031489308,3.7958117,1.6965581,4.4354987,-0.9207606,4.4709353,0.19345161,3.018967,0.15817006,0.28991652,645.42560097553,1084.6171759139866,1337.750244140625,2202.062484008043,609.7657271143233,977.7828665758263,13.891659162572122,8.216012710752052,0.0293603515625,0.05736759538872187,0.019754948,0.061792884,6.96
healthy,83d26908-f355-426a-b5dc-92dee890482d.webm,-428.90448,176.61171,36.146507,56.05325,-15.346734,31.137241,10.458171,17.934978,-7.253296,15.867655,5.861608,13.920742,-6.803522,13.184679,-8.263472,15.242498,-17.1466,25.902111,1.6167496,7.8499036,-3.329483,8.287207,-4.898586,8.384057,1.3872153,6.906184,0.26488817,0.33957663,1262.8172221935636,1349.7844615847662,2461.7757932834716,2558.9923299396582,1132.116006250438,1095.3703687128784,16.959481588515725,12.442053744982116,0.07826963307168247,0.09259442515832879,0.036475677,0.07419565,9.78
healthy,5929941d-16bc-40e4-8eec-9f30d7c50152.webm,-358.39987,177.10422,46.200706,50.743122,-24.127146,40.586296,14.413155,27.032637,-19.01668,27.563644,4.481991,17.641607,-16.271618,22.739119,-17.094538,18.951605,-5.920387,13.591196,-1.6345985,13.399433,-6.234757,12.608915,-6.853119,13.641778,0.9775655,11.498861,0.35987705,0.32139775,2539.4056633368923,1011.3780837271056,4344.259182497752,1568.5543704361814,1775.8418922192318,585.5395904341328,22.093870014118615,12.442251225789178,0.24190647482014388,0.15706713928954455,0.062064905,0.10348313,9.66
healthy,ffeea120-92a4-40f9-b692-c3865c7a983f.webm,-509.1114,161.18355,29.669994,51.638287,-13.902733,30.2254,3.8847027,15.923617,-7.175024,18.02203,2.622872,12.7470875,-6.4860096,14.208515,2.4281373,11.691431,2.001521,7.2480626,1.9665589,8.059597,-1.3971984,8.327189,-2.5924656,8.020544,4.0375614,7.696495,0.5312233,0.27648672,2711.944077928411,663.5932713908171,5147.9149272423665,1275.074312501437,2246.9169237463775,464.48473991703025,19.315611168235577,11.763148939730716,0.22646061943384224,0.07795397995634734,0.017103834,0.043171357,9.12
healthy,0e5ea784-6fea-415b-a718-5f482edc53d4.webm,-345.67834,195.03587,63.89247,65.49826,-24.614422,38.322548,21.834888,36.408627,-21.919346,31.867676,-5.3415275,24.14883,-20.63242,24.633595,-6.253372,13.716214,-5.42316,12.516376,-2.701357,10.530548,-5.325073,10.8096075,-3.6856635,10.200412,0.941884,10.589009,0.4367079,0.31715816,2173.5361798415925,892.4272827763496,3981.628681429856,1831.6506675808494,1747.5939228323202,675.4051923906804,21.10867851923304,13.12797089819882,0.1809228398531175,0.1049303103165638,0.07492432,0.11208845,9.66
healthy,05e8f29d-b13c-417c-81ef-9a9db75d41b3.webm,-506.63635,103.90794,17.396822,35.286545,-9.635066,24.35918,-1.7717202,12.240455,-6.7034335,13.567446,-5.100632,10.85936,-0.23292154,9.598236,0.78782594,6.9073763,-3.2773414,7.987999,-0.6584013,7.049367,0.45049024,5.3908134,-1.7904793,7.4872313,2.5736525,6.1424327,0.33809042,0.30596447,2499.5333160320465,554.0793857273462,4396.788953234266,939.3418338666439,1871.0728191834703,288.3444401246153,21.177191660807114,10.791540373466042,0.16979326012529136,0.05264947625183177,0.012355455,0.051252145,9.96
healthy,e0988e94-2b3e-4589-b60e-aa2306371ee2.webm,-366.06055,194.07384,42.359062,45.34455,0.22413796,19.521954,11.751086,15.877374,-4.3002777,15.243785,-3.2018123,16.743374,-12.618767,16.736326,-3.7026277,10.555299,-4.4106426,11.086008,-5.6344,11.492187,2.326995,7.3143992,-0.2982097,7.418732,3.0755007,7.661706,0.52346563,0.29388356,2803.4047381659625,1082.129997146316,5544.34594326332,2164.4940866263833,2552.5136736247437,546.5172754080534,19.04354427513268,11.56077266822394,0.20795406725702575,0.12788352789279922,0.05441762,0.100457534,9.9
healthy,55cd3278-7993-4549-9a4a-7d453285a553.webm,-484.0405,126.21131,25.042486,49.785713,-0.93944204,14.2415285,0.694125,9.109391,-1.032343,7.0765567,-1.7971715,7.6132092,-0.1506374,6.794728,-2.215294,7.0095224,-1.9456466,6.6747932,-0.16058356,5.0862045,-0.8838572,5.4887147,-2.6069095,6.6001477,-2.7613623,7.0595546,0.6050451,0.2599788,4144.8545809459165,1324.2650942577868,8045.286549388112,2490.922939328358,3172.0663998053947,648.5290388461594,18.088275193485966,11.322435923998563,0.33872719077797203,0.13941401692131028,0.014154045,0.052379582,9.96
healthy,1e107082-ff1e-4114-837e-00b603b6724d.webm,-443.04242,116.15655,18.002478,38.76113,-3.7176251,21.537073,12.123034,26.772493,2.6746407,13.200845,3.7169244,10.2036705,-3.6799512,9.56194,-0.907176,5.3925734,-2.137274,6.253334,-4.967463,9.60674,-3.1712022,7.9131775,-2.1516786,5.7271376,-0.5901678,5.0309143,0.5030713,0.31428483,3283.269748854402,1547.4298627360008,5970.297053032842,2736.349737833418,2309.537802111904,768.2961315564528,20.46328926232679,10.437903308161728,0.46000544571045576,0.3128894893521757,0.025985656,0.07587041,8.64
healthy,787b56ca-f66a-4050-8823-91a009934830.webm,-541.2768,155.43677,14.399263,34.463795,-11.861484,27.682629,4.565504,15.4954815,-6.751371,19.399734,1.1174318,12.717297,-4.200599,13.200427,1.904724,8.200279,-5.1496134,13.527171,1.7867427,6.0514283,-0.3300404,5.7099547,-2.983395,7.4551487,2.4455922,7.060357,0.15563643,0.284014,1016.3153386268167,1555.0112718466519,1796.5095895235656,2659.8982343802168,709.0443742843635,1018.6413892575241,15.561887981457193,9.230585814227965,0.06157489571135832,0.09768316538945224,0.01441876,0.044053096,9.9
healthy,4b03ff25-ce0b-47bc-b73f-d4d302a896a8.webm,-445.92474,183.24963,50.33621,72.2371,-18.417618,38.782692,8.390812,16.025223,-9.587579,23.498648,3.9015076,12.606959,-5.056927,17.526249,-5.8531065,13.335662,-2.5802376,9.104994,-2.7843287,10.140086,-0.5463069,7.7201977,-3.7314205,6.9894934,-5.3178563,11.700589,0.29907894,0.3412716,1284.5314022724554,1492.0187696368903,2162.085083621231,2350.774006103033,939.4495847310883,880.8292007828906,16.75741006172664,10.704068048408743,0.0986475345477387,0.1301183814118936,0.04034067,0.08378371,4.62
healthy,71d60d88-d9bf-4d58-bda4-ddc556154652.webm,-520.0689,118.05999,18.039652,36.411324,-0.3112523,18.828587,8.317769,17.057615,-5.618766,16.270716,6.440315,13.9300165,-7.6544704,18.110859,-4.5099773,12.703477,-3.3922334,8.823051,-2.1958277,7.586037,1.7613044,6.7114677,-4.5117683,9.577021,-0.7865583,5.2710857,0.1447656,0.28289232,802.7224285783815,1351.6825270516968,1579.5566349963976,2611.2660747813175,685.0355891280184,1054.116411446218,17.72738818671212,8.914078983286219,0.05709654178674352,0.1072033636498377,0.007516787,0.02187478,8.04
healthy,33fc8b86-40fa-43a4-8d88-61983f1c7bda.webm,-378.12677,176.32178,68.37992,66.572426,-7.973414,47.32313,15.497697,28.124508,-17.882883,33.512012,4.0072136,26.402805,-13.015857,20.58713,-11.127597,14.848248,-12.840157,15.336121,-10.964809,13.373496,-0.78046083,13.269337,-9.24524,12.049293,-6.9068503,11.564885,0.2777243,0.32910025,1651.9259762801498,1418.5890097061513,2808.229324052919,2376.910872181151,1245.369288463996,772.6784497255276,21.276486685081956,12.000600567066838,0.11032507554540094,0.11077782163982657,0.06601616,0.09591287,9.84
healthy,925944e2-89fe-40f7-b47a-b73f535b2c27.webm,-411.59628,190.29741,84.7803,68.77622,-56.951252,52.8672,-0.5349178,33.37916,-1.5272918,24.591618,5.757342,20.216244,-32.81637,28.724773,-2.9103758,13.91106,-13.368242,11.87312,-13.968246,13.430294,4.3721547,11.064023,-13.70705,12.641424,-11.809735,12.692326,0.4175355,0.31543675,2369.681069253678,1132.236944037865,3712.591419080748,1856.9411454774124,1518.033558823678,594.8888903397934,21.368323916296944,13.526952850477675,0.2118332763077859,0.12421390668806356,0.040770747,0.057069782,9.54
healthy,b5daf60d-ec0f-488a-8840-eaf8036faeb5.webm,-496.2618,136.21455,35.204517,53.6267,5.969039,16.513958,5.150686,10.649675,0.6872293,9.428828,3.5922263,6.8734736,1.7959344,6.441636,-4.622814,11.159216,-3.4711607,8.666399,-0.15543208,5.0476084,-0.43793067,5.129339,-3.2687464,7.8076563,-3.9576488,7.844459,0.48890355,0.2691997,2839.971020694162,962.689408826507,6672.88365930944,2616.637863924275,2887.325881718221,709.4366515988723,19.221714802643444,10.720948279326239,0.1571548568618881,0.06197773753007028,0.019953836,0.057811745,9.96
healthy,623e6355-8d2b-4b0f-a403-6c7a2f684a39.webm,-584.96747,98.34425,10.271752,36.58914,-4.46758,16.775465,4.689794,15.5132,-3.1811714,11.396332,1.5302055,6.8573494,-2.6988215,8.04587,-4.499417,11.794923,-0.3648343,4.438798,1.6464211,8.4206295,-1.6797602,7.4620514,-0.05538361,3.745202,2.1170492,8.109232,0.080028564,0.22454719,462.9785975328999,1078.4125031834155,845.3559731537441,1940.685241568229,361.91274556866813,784.8551588420861,12.282217730227876,7.389567888458341,0.02566010097287736,0.07005020761557999,0.0051755263,0.021344978,9.84
healthy,8182c6e1-a5cd-4eff-92ee-9ea67a291cde.webm,-528.8792,123.582344,19.234602,35.326077,-1.1883186,23.363312,4.456813,8.681226,-0.11132052,13.402084,3.958504,7.7256217,-0.9960611,10.782296,-0.34720737,6.4497814,-1.9047401,7.14495,-0.28957662,5.1550326,-3.1231406,7.281895,-2.7209895,6.1101117,-0.7495858,5.834647,0.40189928,0.33164725,2039.1200078681659,1368.0989048233769,4098.772978858826,2531.748365717791,1926.4677182238804,950.418253518522,19.330804227982085,11.01061476546108,0.14978846345846644,0.17198298300347495,0.010162323,0.036961704,7.26
healthy,b10c9b57-52ad-49ef-9ab7-b4a6f783652e.webm,-437.32776,149.64925,42.74288,55.481895,-11.966758,36.725594,14.584216,33.791218,-13.265051,28.117641,-4.6416826,22.552397,-16.828388,18.945976,-13.879552,16.280682,-12.742184,13.633688,-8.446998,11.740382,-0.8296017,12.834169,-5.691872,14.517058,2.5706635,9.879865,0.40881744,0.32723477,2425.275441123374,1163.4826331007164,4305.390474581605,2067.2064561710104,1870.2406621441855,709.5723600246699,21.043659544904514,12.073150490357342,0.15196307575533174,0.09647991816287568,0.03364018,0.076017894,9.78
healthy,93cfbaf9-1aba-48c4-aac5-ea21f7a79e69.webm,-435.3775,193.99011,54.788113,71.29598,-12.676444,33.853184,31.512383,33.077156,-17.576551,28.294342,14.994195,20.49331,-10.723338,16.433496,2.231043,9.508115,-4.503463,10.559441,-4.599251,9.545825,3.4016898,7.58241,-12.826042,14.311345,4.685179,8.139164,0.6334557,0.2601096,3010.647415648876,1249.1242984338994,5552.630060369318,2072.9070050665846,2199.0517858100748,621.3999181349226,18.876281062119993,13.530702221357357,0.39392807904411764,0.30660948038956876,0.039054748,0.078025445,4.32
healthy,6dc19d7f-8934-41ec-86e4-b7f3ffb13bef.webm,-626.0307,169.54195,36.856762,46.163143,0.48950368,27.541723,17.690884,22.399815,-21.785795,28.958189,7.8432083,12.949411,-13.182861,15.689544,-1.3605865,12.370592,-16.905275,18.616776,4.7962375,11.702812,-2.149888,7.5126815,-4.9779224,8.805007,1.7384479,7.7388387,0.5457671,0.3035102,3232.7097614063164,809.8568135272737,6445.4015558416195,1032.0958671304331,2570.79005877432,335.5066526666491,20.1966118056669,15.23893004449607,0.4018776633522727,0.2461783293674319,0.004167126,0.008546713,4.08
healthy,c51bab41-9fdf-4b23-877d-6dabfb31ff1b.webm,-560.1748,108.98187,11.443691,35.463745,-4.987733,23.36157,1.79708,11.12718,-2.9591634,13.919033,0.18158098,6.773758,-2.104022,6.982468,-1.712821,7.596315,-2.078216,7.44416,0.32218033,4.345666,-1.5493921,5.3109097,-2.9804802,9.323683,0.14866343,3.9614553,0.75108635,0.24696137,3249.2239952753484,789.6771152826246,6003.624624576209,1378.4174178691817,2446.6992067275214,438.1914196771707,14.559200307133693,8.227689374568431,0.5170702664357312,0.2079031066075249,0.009252143,0.036852434,9.84
healthy,fa1f3ba1-e043-474d-b42e-a3b84f6f41b9.webm,-451.39597,144.1032,64.73672,53.5649,-16.604507,40.19102,-0.8313023,19.789759,-11.095297,16.362946,-10.330929,13.819385,-8.851726,12.0329075,-7.683517,9.908315,-8.030274,13.694211,-1.9787688,11.239239,-5.0787573,9.963482,-7.448822,10.675145,-3.9367838,9.538592,0.3411488,0.3110657,1670.1917075383901,559.7874371401442,3002.5454661885246,914.8696987044249,1450.0623484191367,355.94205485787364,21.882106663071337,11.261516200613693,0.1110685469115925,0.051365351772059246,0.0275995,0.059151135,9.9
healthy,460933d0-060d-431a-9166-e4631d64353d.webm,-434.15765,203.02568,46.547997,61.84557,1.0424398,16.135134,-3.465353,15.124218,-2.048255,8.632388,2.7008111,10.277508,-8.8505535,13.225607,-7.829552,12.777167,-7.2579947,10.460955,-0.15451372,6.413769,-1.7569466,7.784778,-3.8500538,6.9179606,-3.9262903,8.636676,0.49114454,0.28955802,2641.5858410414116,949.3155293188975,5106.895045230263,1843.4220966559321,2440.1184820723133,465.59067301577244,18.750081515143723,10.39842840391954,0.23867244608918128,0.16474594259818834,0.050497346,0.1094165,7.92
healthy,c7bdb2de-0f23-4ef7-94d6-a0466d132150.webm,-343.62585,178.8613,90.20754,67.10931,-49.7539,54.79579,1.3774406,21.290567,-16.420195,22.70138,-4.949051,16.156158,-8.657495,13.264737,-14.062745,19.179874,-16.381542,16.407766,-3.9412222,9.788336,-6.6418753,11.47186,-9.91244,12.296067,-0.90933824,7.8967338,0.3887161,0.30848944,1745.7639901812959,594.0748250306956,3207.9312943041136,1252.2852005574237,1536.757800879671,563.4966773688063,21.502963499021696,12.326981910132604,0.11398637180511183,0.048051408877173324,0.06264663,0.08617159,7.26
healthy,3a17b3e4-3c72-4a45-a0a3-ccaa874943f5.webm,-540.71765,130.27118,21.098396,52.07781,-3.2909925,18.707407,7.2879252,18.664467,-0.8422057,12.358469,3.4114037,9.460643,-3.6930754,11.907231,-1.5669825,5.7758865,0.19538128,4.2833376,-2.6801136,7.2227736,-1.2354324,4.047517,-2.6139107,7.7321944,-0.12831435,3.8144488,0.6277785,0.29943374,3249.120514956266,1548.4282000443613,6234.678729450533,2580.016223768418,2530.6346706616014,851.2176877866209,15.233386692786594,10.04442763433392,0.32926702273400477,0.2553861866280133,0.013945659,0.04189372,9.78
healthy,e143f6e3-e0a3-42f1-9bd5-d2487aa85cf2.webm,-518.10114,130.99802,14.86233,35.136677,1.8398128,13.060535,11.321483,19.384424,-6.25027,18.041119,4.2693553,10.900184,-2.6810806,13.398829,1.8169836,8.035394,-2.2706683,7.7479806,2.4849663,6.2690883,-3.1543174,8.307259,-2.4612267,5.1184535,1.6751908,6.8065805,0.50541484,0.30347314,3312.3458744718932,663.7441771153755,5894.701806982081,731.8622483734654,2250.014740496472,241.13303146905602,19.530643439857307,13.514911774683812,0.2753803813374126,0.0836282376324211,0.013542395,0.04770745,9.96
healthy,f6cc312c-7ca9-4b5d-b97a-3f7ddd279394.webm,-489.09512,177.68565,53.715054,76.95893,-14.195251,37.11417,8.602451,17.227432,0.022316577,14.882589,4.7146244,14.391212,0.25293192,8.714081,1.2309376,9.437539,-1.8336966,10.126749,-1.5931929,7.106669,2.340084,7.2902164,-5.8333235,12.288167,-2.4890993,6.954628,0.30996114,0.33017832,1252.6677477740304,1104.6708915474437,2420.7564082458944,2145.926300467554,1146.6998081475506,934.6579192763323,16.619190995464542,10.567677928999432,0.07072949931569343,0.06753397604319454,0.03656118,0.068280675,3.18
healthy,899c97f3-b799-43bc-a526-a3893ef7b334.webm,-483.95007,132.46834,30.18899,47.050537,1.9767921,14.876804,7.6679287,14.71833,-0.8034036,12.380827,4.0403666,9.197694,-4.3489566,16.05357,1.4953291,8.96714,-5.2293396,13.911832,-2.3693326,7.096314,-0.65642875,4.733585,-2.4875033,5.4574447,-1.4037713,5.193182,0.4655957,0.28907302,2257.419708058622,681.5958706425529,4771.419937884221,1314.899056035678,2155.0969084188064,412.73629604134084,18.960398778885402,11.648105312879926,0.12360376719847775,0.0642012828736827,0.020841118,0.06407983,9.9
healthy,1ca6d469-08a0-4d4d-878b-4b17c768ede2.webm,-569.232,139.55284,21.979233,47.530876,0.7638839,14.150274,6.4862595,13.989225,-2.0790882,12.435713,5.4338784,12.363972,-3.500244,11.258809,0.112654485,7.263496,-4.817758,10.494132,-1.5174874,5.2765074,-1.9008555,4.204816,-3.1844356,5.506501,-2.1110055,4.364339,0.46300712,0.32849804,2749.659353031612,886.1988168939731,5874.298441185141,1521.4197162261723,2661.3899126134206,426.6534892442197,17.899390087592003,10.705750813762524,0.34617413214917453,0.2635363136021211,0.011505518,0.040279698,9.84
healthy,3a37b957-a487-423d-9442-e59cb4cd0a59.webm,-518.4194,131.75888,18.683794,38.27825,-4.66967,24.605574,4.065268,14.0985565,-5.0778756,16.48437,0.5109816,7.655633,-4.7620134,14.521363,-2.1531987,5.1160765,-3.4346857,9.100345,-2.4681225,5.8054404,-2.977283,6.282596,-2.6580184,5.7230377,-1.6984707,5.290981,0.24087955,0.3321513,1194.9546513438943,1484.8472898985083,2282.1917424436474,2766.4548397239396,972.5827774848044,1122.72691390288,13.359450336880464,9.22696238277861,0.07506380818208432,0.12175272474096029,0.016304934,0.05614413,9.9
healthy,903dc2ee-a14d-4fb0-a7d6-f12b8d7e3872.webm,-497.06674,148.94415,53.349205,60.26296,-2.6385505,26.328316,8.412981,15.400412,-5.500181,23.27927,11.7722845,15.838406,-4.1092463,15.265882,-1.5640109,14.80168,-5.7438126,13.267192,3.8410552,9.441954,-0.75152725,7.657532,-5.325906,8.605303,2.3841894,8.799837,0.4551925,0.29941154,2236.733728616665,820.0437309670841,4312.250114889706,1520.3668429908287,2058.8162518571917,458.8003675202683,20.5738848173647,12.792072922363847,0.14280653667717086,0.08146545375354046,0.015333117,0.036315925,8.28
healthy,da13dce6-31c9-411d-8ac6-3163892b9f8d.webm,-568.4337,131.84631,52.719444,43.77889,4.994032,27.485851,10.371727,22.642876,-7.99764,18.386421,-0.9518818,15.86798,-10.100993,15.110877,-3.9722016,13.682155,-7.577691,13.532935,2.536618,11.955601,-2.619172,10.164309,-6.953385,11.148486,-1.319897,8.8829565,0.35034126,0.3239968,2212.0035771738217,824.2615033712366,4449.501239128833,1650.5231658210994,2109.6858085820313,436.4158994655842,21.294667578045328,12.211706736094989,0.13948606095224056,0.0874070018777925,0.0061828936,0.01824696,9.84
healthy,ab281cac-55b3-44b1-9ae4-5f2379a1a989.webm,-488.88574,180.30902,51.45525,72.63872,-15.053032,43.55705,10.45152,25.557478,-3.6111565,26.917337,9.382193,18.939564,-3.3223784,12.258743,-6.8137913,14.560107,-10.919926,13.581086,-0.16355008,15.102778,1.0119128,11.942852,-3.265258,11.688857,-2.1928685,8.527582,0.40826228,0.3461052,1791.9935400771458,1246.7633192389308,3439.341107536765,2477.532283313965,1569.978741862899,995.4842505201855,17.36857590239478,12.272727494395507,0.11781118697478991,0.08767208392789265,0.036777552,0.06807888,2.76
healthy,189bc1b8-e78d-48ce-a7da-2f1285b83106.webm,-516.05444,134.42514,15.746822,38.47107,-4.6576347,15.316595,5.671157,17.191671,-9.754765,22.42989,7.322447,16.688412,-3.7237368,10.474963,-0.47027472,6.3668127,-1.8790344,6.253743,-1.685878,5.0387716,-1.1522614,5.59971,-3.186569,7.4260745,0.9894377,4.681751,0.3034199,0.36035037,1607.3339594334109,1797.7078218685508,2924.5001092657344,3136.572906201128,1195.2094523232186,1235.084348934686,13.160619532711156,10.49083705195243,0.10094218932109557,0.13446609519067332,0.012886568,0.046481337,9.96
healthy,ec22f559-c9bc-479f-9d63-fccbf5b7cec1.webm,-379.84653,195.39424,59.36185,56.137783,-6.32268,25.101635,5.830785,12.688771,6.4712753,9.66032,2.764643,12.461,3.6292903,10.857193,-12.082061,12.181823,-20.95545,17.191183,-8.357079,14.480195,5.8519926,10.437293,-5.6682377,7.6403747,-12.124408,11.0957575,0.41553807,0.31651667,2359.6166584914604,959.2170784222089,4724.417391690341,2044.284161204744,2341.8946858615245,664.5201861305774,20.526910924504556,10.159304280078889,0.17592921401515152,0.15471515631377347,0.047502846,0.072252676,9.18
healthy,5d3a5f9e-15ae-4afc-82c0-c35118cd17e8.webm,-444.89685,146.5922,32.140656,55.643215,0.26679045,23.296825,6.3715506,16.33003,-5.9174256,17.959694,3.4184322,12.242719,-5.523359,15.044156,-0.8382233,8.56134,-3.7261517,8.569461,-2.5572038,7.4079585,-3.147138,7.647551,-5.1081996,9.679949,-1.3043015,6.505406,0.27737558,0.339008,1382.6467751026132,1538.6862705145484,2775.2063624666766,2902.0707861295346,1280.3468519742319,1167.7586417587145,15.14871333682108,10.22019967715486,0.07929363521919432,0.10602593870318654,0.039241,0.099582985,9.78
healthy,455b9968-482c-4fa7-bf27-7eef0cc57682.webm,-397.87534,136.21332,53.475517,55.82678,4.0023837,31.803589,17.474033,22.873507,-5.88128,20.345057,4.0274944,23.113014,-20.216034,22.141407,-15.141705,15.067639,-17.367508,17.994328,-8.976566,14.672401,0.98513985,16.708456,-13.20957,15.505709,-5.225768,10.940804,0.32047066,0.32666373,2324.437295143016,1070.3170155467797,4587.618309852636,1720.7163894715534,2015.838649749718,451.9207969776186,22.33001826515475,13.87769938175157,0.16082156212973933,0.11316689107523992,0.039831895,0.07211514,9.78
healthy,0e9d56a4-19c4-4124-827f-42377cd96036.webm,-408.45804,177.81232,52.4022,57.062965,-17.068527,41.205063,4.4149003,17.935223,-11.857492,22.840046,5.542898,14.815583,-4.64158,13.593185,-1.6802783,6.80586,-7.5371423,12.317826,-0.13666451,7.0867524,2.330501,8.000032,-3.5974102,7.552377,-0.5376878,6.3727145,0.5225803,0.29513028,2137.7416887944655,751.9442115150574,4187.480195585665,1464.968939678283,1953.007490344355,498.81342450683087,19.64974355854076,13.33710183270887,0.13816424460955712,0.06153416949396361,0.03996875,0.076155104,9.96
healthy,d6e8c375-8d2c-4665-b6a8-eb6666222701.webm,-502.86285,147.70032,31.035936,44.544006,-11.80291,43.74999,8.116989,18.20132,-0.7417893,15.476488,2.7676487,12.364527,3.080216,14.237577,2.4335353,9.646527,-10.502066,18.796146,-5.8128533,11.6360235,-3.1944623,7.784882,-2.1283767,7.74354,-0.2941755,7.251347,0.3946085,0.31974933,1995.2250848330339,777.4524618655691,3811.504519494224,1799.2142340934265,2000.414585424791,604.5810048866025,18.94510270752628,9.987828630310911,0.16286956642476302,0.10767109146386253,0.01826412,0.058084104,9.78
healthy,a53bdb5b-34de-4442-9069-9776ea4399e5.webm,-347.27667,238.11758,41.52588,46.87169,1.2596376,18.701385,-0.91245866,11.446591,1.4614233,9.682118,1.5335114,10.720333,-2.3125298,8.091608,-3.080714,6.8685746,-2.376676,9.077174,2.233717,9.0124655,-2.9801183,7.090879,-3.364209,6.998897,1.1420729,6.8591766,0.56361836,0.27136743,2853.5309853823846,899.980467821019,6042.372398109703,1856.4870918542206,2755.0567359186325,460.1388033804761,18.341317159436674,10.743073477119088,0.15681453962703962,0.06918813872253134,0.08223858,0.14005353,9.96
healthy,89159ea7-89b4-472b-8ac2-c57ab97cec10.webm,-326.4534,215.82999,67.608376,70.00262,-24.259945,40.012993,14.9684305,18.654406,-17.694767,35.598465,22.35848,23.188025,-4.6708546,12.354527,-2.745324,10.434637,0.34581345,11.890857,-6.674924,13.88827,-3.8269112,10.75746,-2.4520843,9.209691,2.714729,7.932522,0.49883097,0.3025101,2259.290901390855,997.5701755961587,4320.439200565733,1776.6698547456665,1971.0771177939785,541.2978819715124,19.96510240186084,13.560734804159962,0.22769059806034483,0.1888435402611658,0.10056924,0.1259035,4.02
healthy,f352109a-0de1-4bd6-bd3c-c08ea65e93fa.webm,-412.92203,212.63388,61.608273,63.811234,-36.066185,50.130486,4.5260134,17.000015,-23.050877,30.945265,5.6364336,17.085678,-15.0851345,22.358389,-0.30070856,12.821248,-17.865412,20.628084,-11.475949,18.74172,-1.1471581,11.966392,-6.3057384,11.170412,0.03293353,7.0822806,0.3377666,0.32484445,1955.0511007075363,1324.4272619848023,3595.9470436789775,2415.1832887583582,1556.1775829487988,899.8343481582193,20.50342438367762,13.396506780120143,0.14568093039772728,0.11615605512613142,0.046069138,0.0660981,5.1
healthy,c1c1539c-1ff1-402a-8833-89b3ec049441.webm,-367.47644,162.56624,125.55366,76.281494,-19.098068,31.961374,11.774457,25.050938,-5.2906356,20.035328,3.3450003,19.215202,-7.6593213,19.111221,2.9239948,11.663972,0.64523554,11.719631,-4.405072,10.66058,-11.790767,14.898296,5.59691,9.080641,5.185613,8.751383,0.4823752,0.32172975,1459.0120463897426,682.419609743543,2911.8107431942653,1566.6777375343327,1500.9118953071736,605.2458406879823,21.013216248227888,13.720928807655355,0.08689392719072164,0.04444130520995882,0.043905165,0.049436983,4.5
healthy,a2bb04a7-430d-4554-8bf6-b323889370af.webm,-501.09167,145.34644,38.234425,64.219025,-9.261408,30.213346,7.638936,22.75142,-5.3659444,16.728567,-1.6978282,12.511404,-1.2173339,8.672622,-4.5275426,10.300068,-3.5508711,9.097975,-0.91449755,7.6096225,-1.1017656,6.808891,-2.7196486,7.2598267,-2.8761775,6.2997675,0.5000093,0.31439134,2181.8431594548024,1336.229926265942,3914.179645885121,2279.501778332953,1656.2701572115766,877.9104114412777,16.33910996448359,9.772965560345838,0.20879433371803977,0.17729882040284445,0.029716028,0.08009041,8.16
healthy,b17e7db8-041b-40e9-81f3-8771bafc010a.webm,-328.81512,165.67764,78.2552,65.28979,-8.863997,25.691053,17.962488,24.252798,-10.303396,21.127407,1.4154733,18.568832,-29.811697,24.226978,-13.986297,14.787473,-23.8563,17.942862,-10.93672,13.234744,-3.559216,11.200943,-13.253796,13.372309,-1.3615512,10.169203,0.34829718,0.32273883,1715.54890724433,915.7405069406136,3600.3821784286138,2012.515484353537,1738.302389976493,692.7635860566131,21.48535119681516,14.075057381679283,0.09569502554798578,0.06726175228631058,0.10022666,0.118643254,9.78
healthy,aa75a033-7295-488d-98d8-dd702ca9d5a7.webm,-420.90213,205.3341,64.280205,65.16801,-20.933102,40.42809,1.6044123,13.898706,-6.9333663,16.820564,7.4961004,11.774159,-2.1780121,12.774015,4.2886395,12.164497,-10.652844,14.00202,2.106241,8.5350685,-5.2286067,12.035047,-10.932865,12.640394,-3.3943958,8.034427,0.48513967,0.29425657,1834.7651652305044,783.6727088892587,3411.2057132320806,1377.7086720562506,1702.8000916372362,472.2264826839279,20.650435390791944,12.467666220443283,0.10845307036713286,0.043657475397097724,0.04519022,0.07004985,9.96
healthy,33ef75e1-e12a-4ca5-b35c-8c29a61f5325.webm,-319.88962,165.04555,75.614784,54.614025,-43.89167,54.030266,19.002535,32.693836,-14.239254,24.978104,-4.002521,20.728344,-7.438549,15.635171,-18.753729,15.67924,-5.5165277,14.962453,-0.02588065,18.293169,-2.9076233,15.034008,-16.846338,16.304909,-7.9933577,11.911095,0.3249243,0.32052654,1814.6096613632121,767.5481610630574,3159.4976806640625,1335.416925333303,1373.2885213342008,466.71772366782346,22.62591679245396,11.296599109685461,0.13410993303571428,0.07561683113963942,0.07419139,0.09442036,6.48
healthy,57f798c8-ee38-488d-a008-2e36c271d14b.webm,-345.9008,189.22765,57.465275,63.411777,-32.920948,44.35391,7.8250365,21.934032,3.389909,25.725157,0.80083674,21.577932,5.105789,15.229974,2.2987902,11.18522,-8.883178,13.387096,2.892112,11.212543,-0.45340267,6.8386483,-5.2824783,8.444745,3.0072489,8.901819,0.5410442,0.30435413,2306.2297047841844,957.967149016284,3945.8200089054403,1707.09489188321,1640.7777845299313,674.3383686731613,18.861096732120565,11.044272876631538,0.19802840633095856,0.12920804185152315,0.08200921,0.16383697,8.94
healthy,82051048-1b35-4fc5-a5ea-2a3976e09f17.webm,-647.7827,172.19975,30.1962,43.85348,-11.2565565,25.05647,-1.1745822,17.559204,-18.49099,32.38964,7.6005898,15.896785,-8.430668,15.590788,0.077582784,13.7113085,-4.6220207,11.203238,4.895885,11.270831,-0.05197874,7.1696343,-1.6432606,7.4687986,1.595566,9.701401,0.6180272,0.28629163,3442.425649399637,844.8632015801555,6672.424646326013,1438.8084079006996,2660.515913137005,405.9325059942626,18.60714441905814,13.343248270961743,0.516925826496139,0.29775023869083467,0.0040773493,0.009991098,6.0
healthy,552ace0b-b541-4132-a245-e154283852cc.webm,-461.21085,190.23767,26.830597,31.628828,3.4456625,17.39456,5.3842144,13.515961,-3.2339857,11.5374365,6.2501645,10.459319,-2.177516,12.435833,-2.71767,12.367886,-1.8644282,7.951249,0.77540004,6.302801,-1.8264525,6.356011,-9.223612,11.106146,-4.98586,7.163655,0.5250083,0.27760926,3805.517309902188,836.2479024721326,7564.026988636364,1495.0220649543699,3082.699211322607,446.8819019243176,19.880103191891877,11.281366611593443,0.24339511400058275,0.0790997882528876,0.029708596,0.07043132,9.96
healthy,555462d8-d27b-456e-bd24-21c42654aed4.webm,-497.0113,151.62473,20.011572,45.48343,-15.016689,30.134907,10.892009,21.491285,-6.146442,17.598608,1.937516,10.88303,-6.1631937,12.220816,-8.034826,14.396412,-7.2239447,14.503123,-1.0175642,5.605658,-0.83377075,4.36764,-3.657776,9.307597,-1.0777595,4.366198,0.49633265,0.30520177,3149.8180375921083,817.2779106108197,5696.052352241848,1460.5346617773134,2298.0588824037522,556.5797781904922,18.67015063803855,11.386728612861907,0.4549613620923913,0.23393103935446327,0.019629516,0.056615803,9.6
healthy,e0d90a2b-b988-42b4-aa5a-c5f3d7d693b6.webm,-380.50177,118.08133,120.17164,33.690582,-17.004416,30.247446,2.9243634,17.497822,-7.7904415,25.176294,4.424647,16.053694,6.09145,10.649124,-3.7475514,11.754229,-10.859848,12.29585,-11.402636,8.529828,-5.0707054,11.48962,-4.424989,9.511063,-7.1179523,7.1525726,0.51301175,0.27437663,1471.3853633739548,326.6082213564643,2923.548363857582,795.6050148560939,1518.5063378028353,242.22972366527358,20.355654437124645,12.872361218351662,0.08414332369730679,0.026215060766076607,0.031260047,0.0609669,9.9
healthy,0496f63f-f352-4f48-84e7-4eabb8acf92c.webm,-475.66138,142.09195,29.828638,56.011955,1.9224948,25.84519,12.620225,22.064087,-4.910991,18.225185,3.0637393,12.745065,-3.7326555,12.659906,0.5093915,7.185476,-1.9452952,6.211048,-2.2113845,6.029999,0.7088807,4.6234307,-2.8603802,6.6330624,-0.875024,4.392053,0.61341196,0.24182452,2411.8660544297745,779.3038338948658,4828.455190189549,1509.9606361985363,2183.323632194114,526.8922867011836,17.970848629746794,11.23863659005188,0.16076116986241218,0.06572446713721146,0.025085513,0.07229918,9.9
healthy,912af762-44df-4648-b48d-beba3435a401.webm,-426.30795,145.88101,42.44221,61.019253,0.7543963,24.718727,15.073247,19.473045,-12.60862,29.480461,13.557879,19.619486,-0.08846758,11.539847,-3.497584,13.120752,-2.6634152,10.338502,-7.9692483,14.21733,0.65159464,7.181391,-3.4236612,11.656847,-0.66844934,5.8124647,0.42157274,0.30933183,2277.3330177579396,1015.3652638067438,4511.485376897848,1605.4894322859266,2058.481656930357,534.7152713297237,20.354308945490324,12.009479190909813,0.13860277859669812,0.1074450708525467,0.032556962,0.073114,9.84
healthy,25beb205-3eeb-410f-aae7-85c5d5ceb10f.webm,-433.57098,172.8669,35.73651,53.44759,-19.102972,40.552406,4.90104,19.740986,-16.33655,29.265749,8.243756,14.865234,-10.404925,18.666737,-1.8122537,12.162404,-4.9432926,16.760714,-4.711248,9.232238,-1.0783578,9.137313,-7.6483707,11.911369,-2.4275835,7.1057925,0.31354135,0.35105315,1741.7436391722272,1648.6410293181314,3077.2166126179245,2847.862158644211,1251.2548961075674,1036.4680817967185,18.320230301915736,11.835572231602127,0.11650690042747641,0.13135644332339433,0.03234443,0.056806166,9.84
healthy,3a721359-85a0-426a-bac1-8f0c3eddc03b.webm,-409.70178,167.21085,57.039658,29.441944,30.31281,19.949974,18.87609,15.428164,17.71164,9.380253,11.020811,12.206151,1.4798665,14.023902,3.1065981,10.446022,0.71561396,9.173168,11.048403,10.414529,-1.5089743,10.420349,4.722576,5.7777357,-2.982754,7.02883,0.47865033,0.29643708,2770.2924654738545,1088.6096141408707,6728.174232777969,1954.3098005725294,3042.1716091582207,372.78204862374895,20.08966427509817,12.644385573484143,0.10920234806629835,0.07334889651718794,0.032126136,0.07360113,4.2
healthy,dca296f6-04b2-4728-a8ae-63e4d227776a.webm,-499.72247,159.56554,10.929948,32.953617,-28.06481,49.080006,11.922292,23.426235,-11.151402,29.848322,3.3636115,11.2108755,-3.670235,15.880373,-6.5822067,12.990722,-8.292234,14.900104,-0.792571,11.279848,3.023654,9.766373,-5.2810836,10.644927,1.8085803,11.026602,0.46911746,0.2936185,2599.9104868201966,689.5521637601503,4962.122967694257,927.4093704436451,2191.4103409550994,573.7081301946765,20.203947457175097,12.739646973183817,0.18317805109797297,0.07240493454087389,0.019031288,0.0525881,8.58
healthy,14ce9bf1-2d6c-458c-93a6-98e24c8b67ca.webm,-466.53824,149.52232,25.857712,50.626892,-1.9293939,24.339556,10.356063,21.791203,-5.7263236,21.321938,3.258427,17.859776,-8.7212105,19.631842,-2.1168349,9.026082,-1.05267,13.459954,-0.9661596,9.353242,-0.79125845,7.3504157,-3.9582918,9.515605,-2.2127297,7.6709576,0.20945571,0.3227552,956.6564269180915,1360.5114402692375,1885.526491561026,2645.0384266700325,871.835368799385,1108.5896625513371,14.866925614500671,9.758468880413718,0.05510553323997641,0.0893198695351105,0.035115976,0.089605935,9.84
healthy,3379b9c3-e6e0-407a-9238-05dcf40ed16c.webm,-346.25662,191.70947,73.43572,59.03188,-37.315548,32.914486,5.390042,31.598421,-11.632791,27.740726,5.627919,21.693222,-6.329394,16.632511,-2.7256968,17.224281,-17.61399,14.844053,2.2759619,10.374603,5.9922028,9.940153,-1.8821706,11.941636,-1.3330721,7.874245,0.48210967,0.31437334,2061.5821342761055,1012.5752055917301,3860.6548602764424,1779.181185297872,1715.426104529499,683.7749428122911,20.72387628377559,13.218024267009108,0.14068134014423078,0.10911492053988997,0.05704017,0.09496787,2.4
healthy,1ab2704a-adff-4ea5-ba62-9200545bb37f.webm,-495.71365,159.07869,45.818035,69.101845,-6.950833,30.170494,7.4714546,16.200747,3.7542489,13.268317,9.189131,18.771982,-8.2473345,17.65933,-1.0515726,8.684438,-1.4196072,7.5928955,-4.750814,8.299382,0.20094101,6.6891875,-3.2829297,6.763515,-0.57239825,7.1674027,0.57869166,0.30967698,1998.4352644006563,1069.0991939487033,3980.9884856468025,2163.20788473094,1968.9651355813523,761.7382884368039,16.665820560801528,11.088933350560911,0.2277934229651163,0.1688563155899339,0.026283702,0.05702719,4.98
healthy,6ed10e4f-0ed5-4b9b-a41f-536b381aa06a.webm,-399.33633,172.98723,48.66398,59.12213,-19.432684,40.250023,8.634502,22.489841,-8.343091,17.6653,2.3338423,11.121493,-7.506135,13.887943,-4.0167875,10.723207,-7.852733,13.013132,-4.121292,7.1065874,-1.6875861,5.229293,-7.5600667,11.0704155,-4.011472,7.514474,0.55184,0.3182346,2713.7291226904326,1426.8905797334476,4818.4649731739455,2244.20896681305,1936.3338298382307,706.0564498336089,19.196280344231266,13.66926457714223,0.25030395017570284,0.19950732853596942,0.037925288,0.069054,5.76
healthy,01e68cda-2d0f-4327-b3d2-3c58f47192ec.webm,-398.79315,203.7804,44.51522,50.9915,-15.303515,28.12685,15.895383,27.217955,-21.450026,27.929468,3.3246067,16.130629,-23.255424,29.323202,8.268253,17.077255,-15.156757,16.674006,3.4003289,9.073731,3.0037963,11.281152,-15.666226,18.469688,7.7968335,11.475505,0.33259234,0.3409917,2124.7131834354846,1531.6283415776707,4002.5640808709777,2817.5607003006007,1640.2373240993434,1050.0120861312091,19.195019030827943,14.61167987502815,0.15200533725247525,0.13409680430528584,0.051422942,0.0825506,4.68
healthy,9ba200c8-94b2-490f-8d93-67a6cd3f17a9.webm,-444.02985,107.93355,30.8959,57.321953,-0.032578167,21.193054,7.066506,18.622149,-6.150207,16.713509,-0.9246761,16.579922,-4.9998484,12.072094,-8.220729,14.930437,-5.1428766,10.261878,-2.8448322,7.5286098,-6.0916305,12.217615,-3.4150226,8.269893,-0.39142236,7.559217,0.22376354,0.31700605,1486.5403033296643,1699.9373265547088,2591.5873306057465,2767.40421555037,1114.3160343279528,1025.0251672133425,18.20230571761025,10.481284572128784,0.08775177725118484,0.11285178307892921,0.027777188,0.074040264,9.78
healthy,64e18a41-9952-48cf-a467-5fa62c01f23b.webm,-524.05743,110.98679,31.701702,47.566265,4.712264,24.855097,4.7468996,16.423756,-12.111047,23.37139,4.7475195,14.837185,-6.621541,13.133444,-5.469831,10.062943,-2.6948392,7.314375,-6.6104465,10.375664,-0.40773386,7.277463,-3.8258166,8.483884,-0.5026863,5.7308097,0.5286711,0.28690946,2691.861668238503,896.0314432225416,5158.700331202093,1571.5474798859232,2238.844158603262,446.1911170762636,19.458201866450576,12.68578053126424,0.1715099406692217,0.07979211406733831,0.00833152,0.030155014,9.84
healthy,2c87ddcc-74f4-4be4-b1b1-a7a4e213262b.webm,-458.7712,176.56734,47.735508,57.41236,-38.05957,31.740597,25.176443,27.990644,-43.406815,26.002947,16.74044,25.442862,1.0199678,15.672844,-19.13298,10.488069,-4.6267266,10.197648,-12.684084,13.656953,-1.8571142,7.2088184,-10.122307,10.859004,-6.919815,7.016998,0.47757056,0.28663892,3068.882335563703,682.3182496802173,4930.5908203125,558.0855094164151,1771.0216605832188,239.83656127409063,21.041385222965726,14.815477220420554,0.27040899367559523,0.07130471889671099,0.024268106,0.051599197,3.9
healthy,f849e1f9-ad92-44c1-b4cb-3fe8c66e1214.webm,-778.6524,122.74587,7.8938093,24.37254,-3.2987843,15.463343,1.8486232,12.544999,-4.6607165,16.767132,3.6855607,13.154951,-4.2090354,15.785808,1.9660201,8.740669,-1.5411639,6.243113,0.33802494,2.8660946,-0.7767753,6.1226206,-1.445212,5.8837066,-0.89577764,3.874882,0.736137,0.20895866,3479.8992935437323,381.7431125742492,6963.299560546875,533.2364088696241,2789.1209665575025,204.66083153283085,17.352591335450004,12.96632421844591,0.7375499797317216,0.1935750617287605,0.0010199314,0.004066671,9.84
healthy,429020e9-eeab-43f6-a72b-6f19fdcdb054.webm,-420.87833,164.89758,34.117043,51.809162,-27.0607,50.205013,2.6469066,16.996376,-19.471563,33.59699,7.5271344,12.983856,1.5843029,15.936448,-6.5229335,11.189933,-12.147595,16.918308,-5.705103,11.5637665,8.739461,14.397945,-2.6396585,10.077061,-5.458049,12.353291,0.24022901,0.32740268,1700.7025041339782,1624.6290922893627,3013.0680189220184,2820.854256257245,1163.0555539373363,1018.3258021716854,19.31733865033782,10.9160696583722,0.09474896072247706,0.10356650263862062,0.04112944,0.07829006,5.04
healthy,d1c5cabc-edf9-4244-9ba4-a379bf154e29.webm,-489.05978,191.45311,30.011517,46.135975,-30.438795,44.599644,13.201631,24.80562,-19.535666,28.998537,12.07318,19.631178,-8.950455,16.851664,-5.4344645,11.131725,-5.4554663,11.49619,-2.364193,8.333258,-3.0304677,10.070451,-6.415303,11.67872,2.9034457,8.483355,0.27511227,0.33484524,1646.529367657536,1613.663862371994,2991.7186233232605,2898.89093651482,1151.9031817588057,1093.0407010725723,14.584080417804573,13.146518127399244,0.10434132701945754,0.11746908109058116,0.017680202,0.035212763,9.84
healthy,484d4d06-0c54-4ed4-8f9d-1cb52955df4d.webm,-499.28262,172.64462,40.895374,69.595276,-2.1287851,22.155977,12.410023,19.652815,-2.360592,15.074274,5.767478,12.155743,-2.3192456,11.862377,0.6209225,8.757919,-3.3909163,9.381451,0.8633467,5.6611905,-1.6000147,5.8101544,-2.5543568,4.925088,-0.015112985,4.1815295,0.529556,0.27681354,2608.2522277373114,893.9237116421006,4774.302183906987,1574.4057042542995,2094.7145662178177,482.13528070943994,18.93851157614578,11.57680672349433,0.18472232458726415,0.08980172187607005,0.03142229,0.07658529,9.84
healthy,86ce057c-1026-4a07-b15c-f5d56724d71b.webm,-427.1962,158.96877,28.679966,40.79456,-4.699626,26.552845,5.715777,13.300238,-1.0868546,14.040601,4.564397,6.875215,-0.99545956,8.778376,-2.7109063,8.037277,-3.261871,8.693829,-1.205346,7.61442,-0.111911744,4.5089192,-0.7525862,5.2967687,0.3492152,4.2507887,0.4966842,0.28465492,2738.269726932263,818.8135793206964,5923.673235783812,1780.5108260913196,2726.3723231321887,564.9145235544602,18.945937569444855,10.733929945685604,0.15075311951112413,0.0736141270780686,0.033104178,0.100498594,9.9
healthy,ff4ea768-cb72-4bb8-b546-978439dd005c.webm,-467.53186,148.60365,56.772125,72.049805,-1.2315819,23.373884,4.9372168,19.443514,-7.97573,19.362993,2.3229396,14.696361,-7.2682385,14.030289,-5.8881426,12.550661,-5.596982,9.999911,-5.163986,10.333833,-1.7152846,7.549112,-2.6886926,9.180179,-1.6802703,6.513814,0.44091064,0.32896048,1752.4293956211698,1127.2600264328112,3393.312654563849,2340.8887377889146,1701.5690894273155,871.508803270132,18.57359380539811,10.417592832612426,0.2060418071792566,0.24826640335539482,0.031897813,0.063003644,9.66
healthy,1775bc95-146f-45bf-b824-7fb912b6410b.webm,-429.2792,189.30768,42.53047,67.837906,-12.129431,32.43654,10.456232,20.28353,-2.2520828,14.999135,3.9011886,12.702636,-9.856195,18.438107,4.3546443,13.104983,-4.2692475,9.206082,-3.4967978,9.118224,2.8918874,6.9896407,-3.9303057,8.55901,0.53297687,6.542902,0.33792448,0.36219707,1335.96712690712,1309.8287056116833,2507.473682794045,2379.8727175334534,1169.7826528511853,1000.7125592148575,15.560940840029884,11.714671547511683,0.09822527066929133,0.11011963549684335,0.05368163,0.10842407,5.88
healthy,54350e2c-6f1c-483f-8038-691255bbf123.webm,-405.52335,168.2359,45.90253,57.68409,-17.444078,35.591934,5.3010907,15.407074,-9.008092,20.88493,6.446879,18.878424,-4.7873683,15.4349575,2.0595477,14.965186,-6.2907248,13.983493,0.38912904,11.286505,-7.3038716,13.757511,-12.0891075,16.4176,-0.67044306,12.689984,0.33221257,0.31832662,2167.7375742374,793.495739986296,4061.3933384018455,1709.4867547618499,1864.1541362067458,521.1797524482491,21.464097571497692,11.96197077911076,0.13363831795302014,0.06028109859358891,0.04519698,0.08794853,6.9
healthy,b97cb5a8-e327-4d61-9242-70b2407d7f6d.webm,-495.1262,104.44462,13.469096,42.26488,-1.3713449,16.533733,10.687798,22.326168,-3.291646,14.878579,1.6856314,12.558062,-8.010911,20.001484,-0.57071537,8.153446,-2.9701846,9.095742,-0.5378576,7.574407,-3.2402642,9.265715,-3.950623,9.294191,-0.89803296,6.123237,0.30273035,0.35515666,1817.231641453349,1945.1579552990233,3255.4708476282817,3170.8821520266897,1309.3893204744118,1206.5716522580753,16.75684277197523,11.115437311422522,0.09538731540871122,0.12524370668086254,0.012853364,0.041736398,9.72
healthy,c55309e9-7214-4596-b63f-4af8c4f4782e.webm,-434.87463,182.51468,29.070707,48.924786,-17.81495,31.46184,11.785879,24.166414,-15.487436,27.722113,-0.30720758,11.79541,-10.529531,17.556677,-3.5607448,10.202707,-11.240471,18.142254,0.6555317,7.1002398,-1.6552258,8.806824,-5.3531847,15.942276,2.1279962,7.8769803,0.460016,0.3839344,2814.1642284661584,1878.6759952925242,5070.918048796107,3003.9368245907604,1918.8536835424009,1067.796827259628,15.522523891045026,13.055316913201223,0.23274663348946137,0.21921633191896397,0.036655135,0.07614638,9.9
healthy,bcb96569-2679-496e-a935-329f96b9126d.webm,-542.0014,126.37311,15.295205,32.835785,-11.771703,28.770931,9.559786,18.073816,-4.022237,13.442642,4.3945475,9.39608,-4.6399016,11.473989,0.50277954,6.221867,-2.4602396,6.089468,-2.0610936,5.1670613,-1.8418665,4.437195,-5.273654,8.565556,-1.446155,5.4427886,0.40796992,0.36432976,2488.5602022566673,1935.8368402825404,4542.744071528597,3031.834260910081,1779.1607847862736,1109.5492469324217,15.585254873452135,11.576140196379358,0.14744481500589623,0.1418303201901726,0.0060514207,0.023427788,9.84
healthy,dc8fc3a8-9be7-4392-be71-0ba3694514ee.webm,-395.75058,200.54578,27.050392,22.037716,-11.391856,30.597216,18.575996,16.77666,0.15590908,18.891752,-6.122194,12.720421,3.6493905,9.716488,-12.319241,16.374428,3.0501533,12.255162,-2.2454648,8.571856,-2.8647394,7.4226084,-4.870446,9.133389,-1.7608291,5.4108133,0.50441086,0.280244,3858.0249177390347,758.707990572614,7610.873518318966,1870.2694893010869,2979.6001310723564,430.063742983718,19.388258691420614,10.958488016834648,0.2536536907327586,0.07788535577024559,0.037769977,0.082313664,3.36
healthy,149cc51d-863f-41df-a13f-ef2bb4f0b139.webm,-614.58746,88.989555,14.545456,33.77552,0.36628613,11.998737,1.8984611,8.7686405,2.067652,8.29424,1.611218,7.4038997,-1.3032991,5.2228136,-1.8716166,6.262451,-1.7434407,4.5089054,-0.85278845,3.5672915,-1.1325428,5.5521865,-1.1278957,4.353726,-1.0002989,3.4665673,0.550932,0.2640099,3101.3258705500753,800.5455893562437,6844.120308402535,1740.0181545778175,2949.0499684658403,454.03840775076304,18.14239339151213,11.094761532725713,0.4754311443764569,0.26893548062537964,0.002323915,0.011046797,9.96
healthy,1f292253-394e-4fd1-b43e-81289c1f1832.webm,-333.4327,174.75662,52.51192,58.088264,-33.743168,46.19881,7.947656,32.598614,-24.329779,35.82094,5.239199,19.815557,-15.606791,20.104412,-5.858455,14.201921,-3.4599326,13.642616,-7.497348,12.063481,0.77522016,9.723657,-5.405938,11.568756,0.86112916,9.329429,0.474358,0.30214673,2694.053639084644,948.9690207786543,4800.6286331827605,1568.5724312785046,1916.5825380821384,551.1724422853514,20.10382384394135,14.09486304091422,0.2237739743779621,0.09658260524667157,0.053821307,0.08498651,9.78
healthy,46a8d526-8e87-47df-b799-a37b1db33b82.webm,-395.34036,138.75656,29.154888,39.298832,-14.590282,36.138012,5.656337,23.075066,-17.648827,34.903236,-3.8643594,16.121283,-13.771743,22.686161,-6.778406,15.587006,-7.1266794,14.172971,-1.1808538,12.289047,1.8714174,9.981659,-4.0047135,7.9497786,-1.32546,8.168198,0.40434173,0.32109675,2587.411491234048,962.8011548410836,5008.589575574806,2022.6875987960486,2176.396040792621,649.7584219902478,20.822463944570355,12.898872306616381,0.27268989839702074,0.21150006608397964,0.04172809,0.085117884,8.94
healthy,9b1e74a7-4da0-47f6-b43e-3a6e81de758a.webm,-477.6774,210.73184,27.373915,51.191635,-22.10627,38.491215,13.659757,24.05143,-14.830646,25.507229,5.4505215,16.631807,-17.718977,27.23821,-0.018021245,9.201873,-9.193422,14.271233,-1.3376805,6.2425733,1.5061558,10.469327,-5.2698703,9.515852,-0.17929956,5.361292,0.26911193,0.33480465,1478.415640750915,1625.4753816777902,2731.8848234782286,2883.3195883065523,1100.8360737750645,1136.286435915788,15.361161816937297,12.505641230870548,0.10206119483116113,0.12699476984197733,0.03525317,0.075715475,9.78
healthy,1da32753-2781-43e0-b0df-48b252fa9a0e.webm,-436.19092,136.09027,52.399494,28.281002,-5.5850773,23.773651,1.8280108,27.79695,-20.536486,23.700275,-9.271922,12.48075,-19.222267,19.175278,-9.517217,12.278943,-10.537479,10.819153,-12.649833,7.6581173,-6.062129,8.538243,-9.453562,8.047995,-4.0386133,6.8164244,0.43840677,0.30293062,2066.735927133951,763.9903741667672,4015.5265054989272,1288.7401414414403,1729.2225211399768,429.50502340404137,20.20974535830397,12.986330399040497,0.13894640222639484,0.08301227081361798,0.02520323,0.06236748,5.4
healthy,dbd5fdd1-e0a6-444c-a1f0-2617ef142226.webm,-537.4353,161.98106,37.563286,69.44446,-8.509126,27.048338,3.187682,13.638223,-0.0856785,11.592987,6.235082,16.081356,-2.9267209,13.926045,-3.2512808,9.697414,-8.703426,17.151636,1.4915345,7.37735,-0.715081,7.0541987,-7.904162,15.804008,2.2532833,8.966374,0.12946078,0.2642154,383.384807657141,767.8573149215708,670.1636781083777,1436.364557893586,382.2844214705219,697.2608841633645,12.157036186006135,9.6234635471138,0.023375166223404256,0.04800604687443398,0.018904928,0.04754196,2.16
healthy,3cb422e1-3959-4077-bb92-7b6bdd85b5c9.webm,-473.85788,154.67557,61.566944,54.141064,0.52554923,27.059347,19.788221,25.983553,-10.696681,22.376217,13.996597,17.256777,-9.436898,21.870916,1.1228979,14.037598,3.0047019,10.805164,-0.7786205,12.186357,1.7143161,11.900986,-5.788368,11.664607,1.6572117,9.894514,0.5091881,0.30082762,2498.3567841972267,1064.0529885230276,4790.941938920455,1518.08594848216,2005.6641397796704,402.44585029849526,19.995015739786652,14.201329723203239,0.18008256392045455,0.09770548730907808,0.017940788,0.039900858,5.1
healthy,439cfb08-40d5-4dbd-ab87-27900768ddce.webm,-486.67792,136.11336,29.646637,59.561543,-16.617905,31.247906,8.768333,19.353306,-1.0939701,13.767481,-1.5567553,12.436583,-2.201199,8.7422905,-1.9277307,9.1271,-3.7024384,11.116724,-4.891598,11.225024,-1.6390345,7.9269156,-3.8981564,8.15006,-3.5828438,7.668011,0.3174771,0.33756617,1835.838221913464,1591.1191674666377,3066.19608177329,2604.1591690945534,1257.24460124663,961.0608234620571,17.749611883253134,10.411861216610108,0.16324025280070756,0.1903664148771779,0.020276591,0.05657058,9.84
healthy,aba8270d-6320-4a1f-998e-5ecf49a60caf.webm,-562.4467,167.05998,31.94677,59.788227,-0.8410606,23.708157,4.8953815,12.514768,-9.47813,22.795631,3.3670225,12.130382,-7.053061,13.800583,-3.0126078,6.454908,-4.8006024,7.4802465,-5.258232,7.137544,-3.4025836,5.1623006,-3.6933796,4.292413,-2.86961,3.773902,0.5249182,0.24106634,2550.4498809411266,822.9209565690546,4915.567498458059,1470.0581394945543,2242.7104267355435,489.8916521760458,17.93960719973402,10.502835982327767,0.17748809279057018,0.07060729422432939,0.01925463,0.056207187,5.28
healthy,29f03ded-783f-4802-a135-98fbf018dfd9.webm,-628.64746,61.095234,55.87522,45.726143,39.345634,20.024673,28.428585,12.368135,17.886673,9.157925,10.951195,5.0673313,4.4751015,5.385024,0.564903,4.578887,-2.2239237,4.67671,-3.520121,5.1436043,-2.9751425,4.1322207,-2.4980834,4.431958,-1.0870637,3.73703,0.5424843,0.27304804,1173.9148645333905,552.491634896603,2591.094394899764,1703.5114469720377,1949.30916347474,617.9885489572118,19.044541553619492,11.094490219522035,0.04633374484080189,0.026375642024125682,0.0034812244,0.013450973,9.84
healthy,fafccc34-9c5e-4530-bbd8-ea29b4514bea.webm,-534.23224,158.31076,27.353664,49.640343,-5.0725846,22.945312,5.360059,16.476555,-8.375575,20.08609,5.9206905,16.152008,-4.5207787,11.964026,-2.1583495,8.372133,-5.168673,10.648916,0.09917934,6.9322963,1.1596911,5.2138896,-3.5868442,8.0276375,-0.20369984,5.6757193,0.6374705,0.2325842,2811.6459761832884,680.1559320104425,5624.1751248719265,1298.0264083412094,2476.4030496523405,431.5591063521118,17.5145546556034,10.861589909361172,0.22345785458138173,0.08080943246792842,0.014333341,0.041350517,9.9
healthy,796748e0-b012-44f0-9725-dea2bf495f2f.webm,-353.80917,222.63576,76.44939,75.40368,-23.769815,52.98307,3.9770377,19.84137,-37.109432,38.96881,2.2837217,15.91514,-25.194551,23.214066,6.208961,13.165966,-18.059694,19.205126,-9.366885,13.240899,-6.2333994,10.059327,-11.026483,13.275497,6.4985557,9.700629,0.41182473,0.30902186,2484.363012766384,1244.741218243528,4251.73095703125,2009.355458938776,1860.991685303996,523.6868749669537,21.813310500617344,15.056486709901142,0.19327473958333333,0.13407554375288117,0.08078559,0.09455258,3.48
healthy,f3bcabb0-f0b2-4f07-a758-59de82350d87.webm,-463.857,141.5837,49.73391,48.135696,-10.760292,37.699318,-1.3897829,19.279846,1.8330307,22.566893,19.097523,18.46743,4.3815556,12.657245,0.094850644,9.145552,0.20269264,7.411452,2.200134,8.920533,0.3198772,7.487599,-4.414122,9.6503315,1.8969308,6.0928683,0.4642334,0.29894033,1988.7898882808886,762.5932376294592,3981.2378549333757,1500.9436968458074,1745.092124748839,415.9386221432684,20.864544219589014,12.921335172644739,0.13027195034898478,0.043734870797829686,0.02806351,0.059991904,4.56
healthy,e286488a-4cbf-4239-b4e0-814970c24388.webm,-508.9124,154.02458,18.090261,42.47728,-3.3144934,18.317627,9.390265,22.638933,-5.8479943,19.284332,3.2339368,10.42062,-3.7911596,11.78462,2.1785035,9.628274,-5.0708003,12.503072,-1.0057168,6.084805,-0.6552037,4.6838965,-1.8330669,4.678461,0.19547571,5.133615,0.5246928,0.25938502,2752.694105381946,577.5311696014828,5629.563981395657,1089.9001788280823,2497.1549799348013,374.2083831373777,18.539945760438048,11.363205274282572,0.19560836533368645,0.07203312133087637,0.019792376,0.05680011,5.46
healthy,579d66ed-776b-4a64-a431-0eb9fcea254c.webm,-356.33087,183.25136,61.350456,63.051277,-30.840584,50.986397,11.248883,25.678032,-33.50347,36.265182,8.100093,25.191938,-22.352999,23.181955,-3.6693661,15.400321,-8.949413,16.15172,-16.100302,17.789474,-7.186237,13.440107,-10.253115,13.6532135,1.6366196,12.379611,0.3894665,0.30974627,2436.394600736629,1203.0417591937285,4321.718910092213,1816.8220511701732,1743.753976926896,582.1026160360004,22.368422744658215,14.366256636562628,0.1923919606264637,0.1208863282114074,0.060516708,0.082702175,9.9
healthy,24b56d53-52fa-46d8-b479-0f299e216e04.webm,-326.94482,210.85632,77.84712,70.44584,-25.576649,37.712185,16.37625,33.881462,-13.2052,24.47025,18.206787,25.904026,-11.705594,18.623928,-4.4857054,16.60263,-22.983894,19.589552,-1.1593168,15.204827,-7.9158287,13.845747,-6.0942183,9.752423,-0.6477697,11.715489,0.39434284,0.33036637,1861.0559941436286,1174.4900353124656,3664.9671816914497,2259.875530477099,1663.6501354301693,832.3011360462438,20.42367135953688,14.600824226969866,0.11692066972583644,0.08036797629796076,0.08292206,0.09614453,6.24
healthy,5de48bb3-d83b-462e-b0f5-d96d7393f256.webm,-425.86566,175.22018,38.908855,53.186985,-9.711976,32.795113,8.959636,19.04457,-10.517029,32.781765,14.302264,22.119604,-10.163219,19.287981,7.0388737,13.489537,-5.5151777,11.800559,-2.5387087,9.987581,-7.9824057,13.12575,-5.543555,10.8159685,4.058471,10.991545,0.5120898,0.29808605,2895.732438425292,982.7599066804307,5659.1441604326355,1651.4665999991769,2357.5163437602882,499.1548528954393,20.45718669944349,13.798422478639226,0.22706920695754718,0.11648176577690099,0.038785126,0.07462262,9.84
healthy,904af52f-c07a-4ce3-88ae-f615e2ef2a9d.webm,-501.32846,92.783745,17.887272,40.854977,-5.4924297,19.246195,3.7821093,14.6244755,-8.035773,16.602695,-6.9062333,11.9034605,-5.5630536,8.758537,-7.212097,12.393893,-1.8689274,7.983307,-0.8707729,6.0144033,-1.3524098,6.050961,0.09467837,6.2385025,-0.268377,4.8876348,0.43635672,0.3178525,2754.763469175789,786.1854240594885,5047.361855611314,1345.429391252234,2092.6936800353624,527.0071739409749,19.21715208535334,10.777628688308145,0.19840494791666666,0.08195524908879806,0.011437683,0.05227497,9.54
healthy,87837b90-3774-4585-8866-c3ef7fb06c3f.webm,-501.79803,149.9318,24.448309,49.428986,-12.51333,30.4163,6.256464,16.002045,-5.773176,15.249094,8.616342,20.146954,-4.5912704,12.3533,-2.0707598,7.8337274,-2.5957325,10.822798,-5.822994,11.637588,-1.7313157,8.971995,-3.7320635,9.833627,-0.3308293,6.0766797,0.18940696,0.3100726,1004.3599603054506,1471.5546821483638,1869.13049826668,2585.5543414617696,797.7042498019734,1039.1538219899392,13.160338136546457,10.344709552753809,0.06297258088826367,0.09938110292729424,0.018274236,0.047264922,7.2
healthy,6211933a-2f29-404d-bf2a-de25b5e8e186.webm,-562.1377,125.8457,16.530497,37.266926,-1.5027593,16.618025,4.303207,11.151315,-3.6449273,16.701075,5.651942,13.869243,-3.5739067,13.682605,1.5148124,7.4111023,-1.735281,7.8596354,1.6449372,5.383251,0.02688483,6.1669993,-0.5248219,3.7907908,1.3062131,4.235605,0.6279798,0.23763283,2927.187024052202,628.9691703540517,6106.570455911276,1104.9072568562926,2698.6706410192696,338.5457707973368,17.648798056074796,11.329733600693432,0.21889568764568765,0.06585061623145087,0.007178204,0.026088024,9.96
healthy,9cf4a0c9-ab4b-4e1a-af3b-d1ebe24e083f.webm,-546.2269,148.75542,24.723747,56.555523,-6.927385,18.783426,1.9246593,11.052332,-2.966506,12.311073,4.7886677,13.334815,-7.1698956,18.302326,-2.3211248,6.9733944,-3.92472,9.387716,-0.98688155,3.5398874,0.80439365,4.2374463,-1.4590127,5.1291537,-0.9111058,4.356282,0.6431257,0.2626015,3148.36614893317,1075.4253333338386,6287.9345703125,1883.3180800624814,2604.355437674292,561.8046384957506,17.345720924261773,11.166615827097557,0.5870703125,0.3242529327225964,0.012935655,0.034205124,5.22
healthy,764831c4-75a9-4749-bd0a-e264b3900468.webm,-406.98224,150.31245,46.300385,44.556477,-18.765984,51.114647,3.9069512,17.726965,-11.801565,24.78498,-6.3653703,14.063578,-13.048748,20.397152,-6.6422,14.865049,-6.133986,10.18375,-7.451967,10.3052025,-1.572972,12.639394,-7.59447,10.347602,-4.9554973,11.912988,0.39760673,0.3171547,1936.8698809129228,779.7152386510727,3535.751953125,1559.1907739083863,1636.9841582123768,545.4703963277022,20.77703007887335,12.172823344568037,0.13219075520833334,0.06314345431023176,0.04096157,0.087530755,3.48
healthy,b1151e38-2dac-4920-90f6-2ea9bf2f74f2.webm,-349.97018,182.92494,41.588676,43.68886,-13.66455,19.672297,2.0734565,9.176857,-11.811206,15.074877,4.478165,8.067681,-8.1811905,11.661593,-6.71482,10.129848,-12.651286,17.91889,-0.060308356,7.8593726,-1.7238764,6.111563,-5.1521387,7.8598447,-7.4398937,10.1540165,0.4415745,0.2906064,2513.403917419292,632.6538296408747,5109.894353693182,1062.1642399926575,2171.8342740115622,288.23035568075363,20.745103320420572,13.29915186519608,0.1447213268502331,0.040067645654109064,0.05244464,0.11537573,9.96
healthy,e5e7de55-f40f-4843-805c-ce7d04d141ab.webm,-515.9137,125.06328,24.484268,46.454662,0.14048287,34.540398,11.8445835,26.039186,-1.2972838,17.105677,-1.3685529,15.304062,-9.209949,21.421446,0.45553392,13.143168,-7.6931705,13.744916,-1.4871846,11.390911,-3.850799,11.890149,-5.7344165,11.080716,0.18709745,8.20045,0.20658548,0.31849265,975.2138508252036,1346.32837347734,1868.544956020542,2662.5823303227494,927.0609053697652,1080.739964537703,15.562953880328893,11.069130719542173,0.061587175844988344,0.09053941559190848,0.015220506,0.041025687,9.96
healthy,a2b4365f-8fba-4c15-a1be-5f0b7480856f.webm,-494.8805,106.913345,20.649796,47.831165,-4.091477,20.086987,1.828594,15.449626,-2.4779727,16.817629,0.43480873,8.092474,-1.1560007,7.2041826,-0.4152483,9.14134,-4.751753,12.544783,2.196608,9.604633,-0.2769842,6.2666383,-3.5250227,7.834455,1.5071739,7.2895627,0.114104316,0.24581537,634.7192485090302,1169.9801677268024,1168.9705270235656,2102.1021309762978,522.2012686461653,856.652625467422,16.031495482007248,8.78016165229138,0.047027087602459015,0.09326540239599372,0.015323372,0.056262836,9.9
healthy,93b8e08a-9b87-41ad-902b-22161ae3beef.webm,-467.18756,161.3473,66.47354,59.388336,-19.614569,26.85231,-6.3861537,40.092224,-12.226041,27.863487,3.75393,16.37869,-10.457829,23.499193,-1.4922667,12.16514,-8.854772,14.3708515,-5.179584,9.677114,-7.644218,10.335238,-13.609192,12.860869,-6.352303,8.80214,0.3451218,0.30982393,2286.596992978265,1000.877065954198,4218.288934426229,2129.5139073386954,1868.3974761019822,762.4192274214307,22.257368903293617,12.144288709946194,0.2023439787031616,0.1577254032514819,0.02443783,0.05216989,9.9
